League,MatchId,Home,Away,AH,Odds,Stake,Side,Date,Results,Net Win
Japan1,-481726269.0,Gamba Osaka,Cerezo Osaka,-0.25,2.084,125.8941319,HomeOdds,7/16/2022,LL,-125.8941319
Japan1,1520443775.0,Kyoto Sanga,Hiroshima Sanfrecce,-0.75,1.925,153.5340835,HomeOdds,7/16/2022,WW,142.0190272375
Japan1,-1333990194.0,Shimizu S-Pulse,Urawa Red Diamonds,-0.5,2.005,114.7662585,HomeOdds,7/16/2022,LL,-114.7662585
Norway1,1913731835.0,Sandefjord,Aalesund FK,0.0,1.965,213.8292562,HomeOdds,7/16/2022,PP,0.0
Norway1,1605027268.0,Odd Grenland,Lillestrom,0.0,2.068,195.84978,HomeOdds,7/16/2022,LL,-195.84978
Norway1,781528508.0,Viking,Kristiansund BK,1.75,1.8731855396044792,581.4909895000001,AwayOdds,7/16/2022,WW,507.74952344170003
Norway1,-1043032253.0,Aalesund FK,Rosenborg,-0.25,2.04,156.2588471,AwayOdds,7/16/2022,LP,-78.12942355
Japan2,-1543121439.0,FC Ryukyu,Omiya Ardija,-0.25,1.886,106.3706697,HomeOdds,7/16/2022,WP,47.12220667709999
Norway1,-861105616.0,Jerv,Sandefjord,0.0,1.854054665992256,294.1890560317665,HomeOdds,7/16/2022,LL,-294.1890560317665
Korea1,1743932420.0,Gimcheon Sangmu FC,Incheon United,0.5,1.917,148.7554435,AwayOdds,7/16/2022,WW,136.4087416895
Korea1,-351835425.0,Suwon FC,Gangwon FC,0.0,1.819,113.5940823,HomeOdds,7/16/2022,LL,-113.5940823
Korea1,-518272653.0,FC Seoul,Daegu FC,0.0,1.889,131.8335435,HomeOdds,7/16/2022,WW,117.2000201715
Brazil2,1309227077.0,Criciuma,Ponte Preta,0.5,1.917216981597374,153.34539234226386,AwayOdds,7/15/2022,WW,140.65099790603637
Brazil2,-1645142904.0,Vila Nova,Centro Sportivo Alagoano,0.25,1.985,114.097638,AwayOdds,7/16/2022,WW,112.38617343
Brazil2,-1677631294.0,Gremio (RS),Tombense,1.25,1.858,395.0552,AwayOdds,7/16/2022,LL,-395.0552
Brazil2,1370917353.0,Guarani SP,Bahia,-0.25,1.7809197629344131,114.85297797555856,HomeOdds,7/16/2022,LL,-114.85297797555856
Brazil2,-1830888322.0,Sampaio Correa,Vasco da Gama,0.0,2.07,88.4804566353613,HomeOdds,07/16/2022,WW,94.67408859983658
Japan1,-10907499.0,Kashiwa Reysol,Consadole Sapporo,0.25,2.02,123.697569015934,HomeOdds,07/16/2022,WW,126.17152039625267
Japan2,-1393217970.0,Ventforet Kofu,Mito Hollyhock,0.25,2.08,97.0992788491699,HomeOdds,07/16/2022,PL,-48.54963942458495
Sweden2,1938180899.0,Ostersunds FK,Osters IF,-0.5,1.9182597179912757,288.4152321050865,HomeOdds,07/16/2022,WW,264.84008969720503
Sweden2,632769593.0,Skovde AIK,IK Brage,0.0,1.847296143592365,152.68411930386577,HomeOdds,07/16/2022,PP,0.0
Sweden2,-1876801287.0,Dalkurd FF,Orebro,0.0,1.97,105.688246323488,HomeOdds,07/16/2022,LL,-105.688246323488
Japan1,-1457209659.0,Kashima Antlers,Vissel Kobe,0.5,2.105,97.9722728102641,HomeOdds,07/16/2022,LL,-97.9722728102641
Korea1,374542725.0,Ulsan Hyundai FC,Suwon Samsung Bluewings,0.75,2.123,89.7438948905935,AwayOdds,07/16/2022,LP,-44.87194744529675
Japan2,707878877.0,Zweigen Kanazawa FC,Albirex Niigata,-0.5,2.081,113.007208139658,HomeOdds,07/16/2022,LL,-113.007208139658
Norway1,490556003.0,Tromso IL,Stromsgodset,0.5,1.98,103.3846291,AwayOdds,7/17/2022,C,
Brazil1,1703062327.0,Juventude,Goias,0.25,1.925,117.5461768,HomeOdds,7/17/2022,PL,-58.7730884
Brazil1,163198515.0,Botafogo RJ,Atletico Mineiro,-0.5,1.925,162.0001269,HomeOdds,7/17/2022,LL,-162.0001269
Brazil2,-2051670972.0,Cruzeiro (MG),Gremio Novorizontin,1.25,1.821252446662662,347.7093790524639,AwayOdds,7/17/2022,WP,142.7785891371954
Norway2,-1558893139.0,Kongsvinger,Stjordals Blink,1.0,1.946,170.363692849829,AwayOdds,07/17/2022,LL,-170.363692849829
Norway2,1708602272.0,Stabaek,KFUM Oslo,0.75,2.047,119.664707746803,AwayOdds,07/17/2022,WW,125.28894901090275
Japan2,-1824124517.0,Roasso Kumamoto,Renofa Yamaguchi,0.5,1.787,130.472008043562,AwayOdds,07/18/2022,LL,-130.472008043562
Sweden2,-80287143.0,AFC Eskilstuna,Trelleborgs FF,0.0,1.869,209.724259035022,HomeOdds,07/18/2022,WW,182.2503811014341
Brazil1,-394496340.0,Palmeiras,Cuiaba,1.25,2.043,163.970534730347,AwayOdds,07/18/2022,PW,85.51063386187597
Brazil2,2081974224.0,Brusque FC,Gremio (RS),-0.25,2.06,253.995404143525,HomeOdds,07/19/2022,WP,134.61756419606826
Brazil2,-523229252.0,Tombense,Criciuma,0.0,1.781,134.086414334852,HomeOdds,07/19/2022,WW,104.7214895955194
Norway2,1629255389.0,Asane Fotball,Skeid Oslo,0.25,1.852,252.094033222453,HomeOdds,07/18/2022,WW,214.78411630553
Norway2,-719562408.0,Raufoss,Brann,-1.25,1.886,380.0,HomeOdds,07/18/2022,LL,-380.0
Brazil2,1719126578.0,Bahia,CRB AL,0.75,2.06,137.941020747189,AwayOdds,07/20/2022,WW,146.21748199202034
Brazil1,884284544.0,Goias,Fluminense RJ,-0.25,1.952,168.976694679595,HomeOdds,07/20/2022,LL,-168.976694679595
Brazil2,-2133441579.0,Centro Sportivo Alagoano,Cruzeiro (MG),-0.25,1.800900964532468,282.6122998650054,HomeOdds,07/20/2022,WP,113.17223177531099
Brazil2,-1834639348.0,Chapecoense SC,Guarani SP,0.25,1.9,95.6911451575242,HomeOdds,07/20/2022,PL,-47.8455725787621
Brazil1,50151416.0,Corinthians Paulista (SP),Coritiba PR,1.0,2.006,204.086862954992,AwayOdds,07/21/2022,LL,-204.086862954992
Brazil2,2050962809.0,Gremio Novorizontin,Operario Ferroviario PR,0.5,2.08,112.966237285368,AwayOdds,07/21/2022,LL,-112.966237285368
Brazil1,-1501085318.0,Cuiaba,Atletico Mineiro,-0.5,2.025,250.5333549436722,HomeOdds,07/21/2022,WW,256.796688817264
Brazil1,-1493608462.0,America MG,Palmeiras,-0.5,2.04,133.484664255023,HomeOdds,07/21/2022,LL,-133.484664255023
Korea1,-400550460.0,Daegu FC,Gimcheon Sangmu,0.25,2.06,106.310146144738,HomeOdds,07/22/2022,C,
Korea1,1601083726.0,Suwon Samsung Bluewings,Gangwon FC,0.25,2.08,104.304924737006,HomeOdds,07/22/2022,C,
Japan2,709278337.0,Grulla Morioka,Machida Zelvia,-0.5,1.934,192.657447974524,HomeOdds,07/23/2022,LL,-192.657447974524
Japan2,-733716930.0,Vegalta Sendai,V-Varen Nagasaki,0.0,1.97,227.504674464055,HomeOdds,07/23/2022,LL,-227.504674464055
Korea1,1766410964.0,Jeonbuk Hyundai Motors,Pohang Steelers,0.25,2.08,216.151763326728,HomeOdds,07/23/2022,C,
Korea1,629074875.0,Seongnam FC,Suwon FC,-0.25,1.99,185.011530611436,HomeOdds,07/23/2022,C,
Norway1,600147815.0,Bodo Glimt,Jerv,2.25,1.854,255.301297474865,AwayOdds,07/23/2022,LL,-255.301297474865
Norway1,1239649304.0,Rosenborg,Tromso IL,0.5,1.9988060651863828,319.70651798681297,HomeOdds,07/23/2022,WW,319.32480924484815
Brazil2,-2004420990.0,Gremio (RS),Ponte Preta,1.0,2.053937148696985,391.40000000000003,AwayOdds,07/23/2022,PP,0.0
Brazil2,-1676218401.0,Cruzeiro (MG),Bahia,0.5,1.862,99.0482108232539,AwayOdds,07/23/2022,LL,-99.0482108232539
Japan2,620379094.0,Albirex Niigata,Fagiano Okayama,0.75,1.8854277632997964,156.74474236340137,AwayOdds,07/23/2022,WW,138.78614663982938
Brazil2,-1304679826.0,Ituano  SP,Chapecoense SC,0.25,2.09,100.835056270579,AwayOdds,07/23/2022,LL,-100.835056270579
Brazil2,49013717.0,CRB AL,Gremio Novorizontin,0.25,2.14,73.3836511577476,HomeOdds,07/23/2022,WW,83.65736231983226
Japan2,-776754344.0,JEF United Ichihara Chiba,Ventforet Kofu,0.0,2.01,87.5401316477828,AwayOdds,07/23/2022,C,
Japan2,-2032517992.0,Mito Hollyhock,Oita Trinita,0.25,2.03,81.6444687360408,AwayOdds,07/23/2022,C,
Japan2,1776833343.0,Montedio Yamagata,Thespa Kusatsu,0.75,2.105,87.3645283199592,HomeOdds,07/23/2022,LL,-87.3645283199592
Japan2,1531040958.0,Tokushima Vortis,FC Ryukyu,0.75,2.006,89.1244288211319,AwayOdds,07/23/2022,WW,89.65917539405868
Japan2,530287684.0,Roasso Kumamoto,Zweigen Kanazawa FC,0.25,2.06,166.224271046443,AwayOdds,07/24/2022,LL,-166.224271046443
Norway1,1836459806.0,Stromsgodset,Ham-Kam,0.5,2.04,208.427763476641,HomeOdds,07/24/2022,LL,-208.427763476641
Norway1,1577747123.0,Kristiansund BK,Odd Grenland,-0.25,1.909,270.278082468878,HomeOdds,07/24/2022,WP,122.84138848210505
Norway1,-114002296.0,Haugesund,Sarpsborg 08,0.0,1.909,252.070244414009,HomeOdds,07/24/2022,WW,229.1318521723342
Norway1,-1670384731.0,Valerenga,Viking,0.0,1.869,155.424323171402,HomeOdds,07/24/2022,WW,135.06373683594833
Norway2,-1075657638.0,Mjondalen IF,Start Kristiansand,-0.25,1.8458727061399358,155.6404301871332,HomeOdds,07/24/2022,WP,65.82599593358707
Norway2,1976263569.0,Fredrikstad,Grorud,1.0,2.03,104.687756714264,AwayOdds,07/24/2022,LL,-104.687756714264
Brazil1,-1551614179.0,Juventude,Ceara,0.0,1.97,137.668541746853,HomeOdds,07/24/2022,WW,133.53848549444743
Brazil1,800970315.0,Palmeiras,Internacional RS,1.0,1.934,183.70558088261,AwayOdds,07/24/2022,PP,0.0
Brazil1,1282683027.0,Atletico Mineiro,Corinthians Paulista (SP),0.75,2.11,135.670149156677,AwayOdds,07/24/2022,WW,150.59386556391146
Brazil1,1945289646.0,Fortaleza,Santos,0.25,2.08,80.7970348050657,AwayOdds,07/24/2022,PW,43.63039879473549
Brazil2,727275830.0,Criciuma,Centro Sportivo Alagoano,0.5,1.847,127.994525075562,AwayOdds,07/25/2022,LL,-127.994525075562
Norway2,-11152340.0,Sogndal,Stabaek,-0.25,1.8226633376458832,371.174770175738,HomeOdds,07/25/2022,WW,305.3518752827163
Norway2,-516677372.0,Stjordals Blink,Bryne,-0.25,1.935134971043439,225.15698836330446,HomeOdds,07/25/2022,LL,-225.15698836330446
Brazil2,416320084.0,Chapecoense SC,Gremio (RS),-0.25,2.04,292.0,HomeOdds,07/26/2022,WP,151.84000000000003
Japan1,445388572.0,Cerezo Osaka,Avispa Fukuoka,0.25,1.853894754606631,181.8004972232089,HomeOdds,07/30/2022,WW,155.23849096377543
Japan1,664076282.0,Urawa Red Diamonds,Kawasaki Frontale,0.0,1.8817408625367416,244.69840902914507,AwayOdds,07/30/2022,LL,-244.69840902914507
Japan1,146602237.0,Consadole Sapporo,Nagoya Grampus,0.25,1.8030740474568563,160.38083812244997,AwayOdds,07/30/2022,PW,64.39884440275937
Japan1,243055462.0,Jubilo Iwata,Shonan Bellmare,-0.25,2.069170168881802,314.30541207226565,HomeOdds,07/30/2022,WW,336.0459705057686
Japan1,-1650920942.0,Gamba Osaka,Kyoto Sanga,0.0,1.8688753306108912,244.3492491270687,HomeOdds,07/30/2022,PP,0.0
Japan1,-1981923957.0,Hiroshima Sanfrecce,FC Tokyo,0.5,2.0970000000000004,163.65786563826904,AwayOdds,07/30/2022,WW,179.53267860518113
Japan2,1959353686.0,Mito Hollyhock,Omiya Ardija,0.75,1.9247645668677573,227.20893862875184,AwayOdds,07/30/2022,LP,-113.60446931437592
Japan2,1891922883.0,Yokohama FC,Grulla Morioka,0.75,2.023587272595547,119.70562810631787,AwayOdds,07/30/2022,WW,122.52915738768277
Japan2,-352756417.0,FC Ryukyu,Roasso Kumamoto,-0.5,2.025329952212963,378.19029087103354,HomeOdds,07/30/2022,WW,387.7698328662033
Japan2,1365112110.0,Montedio Yamagata,Machida Zelvia,-0.25,1.8756142334035615,217.60661263587454,HomeOdds,07/30/2022,WW,190.53944730670702
Japan2,1947230977.0,Renofa Yamaguchi,Vegalta Sendai,-0.5,2.0594774397560482,101.39985856353066,AwayOdds,07/30/2022,LL,-101.39985856353066
Japan2,1255300834.0,V-Varen Nagasaki,Albirex Niigata,0.0,2.13,128.702181380046,HomeOdds,07/30/2022,PP,0.0
Norway1,-833395999.0,Jerv,Valerenga,-0.75,2.020492838950416,364.7285896657498,HomeOdds,07/30/2022,LL,-364.7285896657498
Norway1,1135141878.0,Tromso IL,Sandefjord,1.0,1.9811059564974096,193.91314907309584,AwayOdds,07/30/2022,LL,-193.91314907309584
Norway1,739176188.0,Ham-Kam,Kristiansund BK,0.5,2.0475819292593966,216.61323305073995,AwayOdds,07/30/2022,WW,226.92010858240945
Norway1,133792215.0,Viking,Haugesund,1.25,1.862,196.53406376319,AwayOdds,07/30/2022,,
Norway1,2052737332.0,Molde,Stromsgodset,1.25,2.003928948658943,97.68237526718958,HomeOdds,07/31/2022,WW,98.06616430449799
Japan2,-872139199.0,Zweigen Kanazawa FC,Blaublitz Akita,0.25,1.98,98.1797487876591,AwayOdds,07/31/2022,WW,96.21615381190593
Japan2,988284713.0,Tochigi SC,Tokushima Vortis,-0.25,2.17,83.5896525370987,AwayOdds,07/30/2022,LP,-41.79482626854935
Korea1,-687702399.0,Gimcheon Sangmu FC,Pohang Steelers,-0.25,1.965,46.18361814340454,HomeOdds,08/02/2022,LL,-46.18361814340454
Korea1,-97284002.0,Gangwon FC,Jeonbuk Hyundai Motors,-0.25,1.946,83.5663145592956,AwayOdds,08/03/2022,LL,-83.5663145592956
Norway1,-2030679301.0,Kristiansund BK,Tromso IL,-0.25,1.862,140.00950754329435,HomeOdds,08/03/2022,WP,60.34409775115987
Sweden2,1434263898.0,Dalkurd FF,Norrby IF,-0.25,2.069,145.3592920662361,HomeOdds,08/03/2022,WW,155.38908321880638
Sweden2,950174402.0,IK Brage,Ostersunds FK,1.0,1.845,139.612038301142,AwayOdds,08/03/2022,PP,0.0
Sweden2,-296641727.0,Jonkopings Sodra IF,Vasteras SK FK,0.0,2.1284237344797523,322.7566336409829,HomeOdds,08/04/2022,WW,364.2062458612712
Korea1,-494977567.0,Seongnam FC,Gimcheon Sangmu FC,-0.25,1.9112304238809463,126.82323541441349,HomeOdds,08/05/2022,LL,-126.82323541441349
England1,1853174546.0,Crystal Palace,Arsenal,-0.75,1.8583714819600883,138.2276564687749,HomeOdds,08/05/2022,LL,-138.2276564687749
Korea1,-874695670.0,FC Seoul,Jeju United,0.0,1.885987295286501,91.48976630538165,HomeOdds,08/05/2022,LL,-91.48976630538165
Portugal1,-2115191776.0,Benfica,FC Arouca,2.0,2.07,75.38493772745062,HomeOdds,08/05/2022,WW,80.66188336837214
Slovenia1,1502901304.0,Tabor Sezana,NK Publikum Celje,-0.25,1.934,96.2437046093676,HomeOdds,08/05/2022,WW,89.89162010514933
Netherlands1,773777673.0,SC Heerenveen,Sparta Rotterdam,0.5,2.011,81.43263550366059,HomeOdds,08/05/2022,LL,-81.43263550366059
Japan1,1186633914.0,Kashima Antlers,Hiroshima Sanfrecce,0.0,1.9308572030513345,176.87795526581715,HomeOdds,08/06/2022,LL,-176.87795526581715
Japan1,444695346.0,Avispa Fukuoka,Gamba Osaka,0.25,2.0280332825947456,223.3770144615552,AwayOdds,08/06/2022,,
Japan1,-427161935.0,Nagoya Grampus,Urawa Red Diamonds,-0.25,1.806,54.44472146716471,HomeOdds,08/06/2022,WW,43.88244550253476
England1,408790023.0,Bournemouth AFC,Aston Villa,-0.5,1.9045310160819124,85.72568002838446,HomeOdds,08/06/2022,WW,77.5415364603875
England1,-222322613.0,Fulham,Liverpool,-1.75,1.8764697904898116,160.27762473574182,HomeOdds,08/06/2022,WW,140.47849617234024
England1,-1959584737.0,Newcastle United,Nottingham Forest,0.75,2.070545255709876,121.95643409572989,AwayOdds,08/06/2022,LL,-121.95643409572989
England1,-1753669259.0,Everton,Chelsea,-0.75,2.0738757016218914,150.67523396030185,HomeOdds,08/06/2022,PL,-75.33761698015093
Japan2,1548956593.0,Grulla Morioka,Fagiano Okayama,-0.5,1.807249485583601,169.75888909893493,HomeOdds,08/06/2022,LL,-169.75888909893493
Japan2,-815090201.0,Ventforet Kofu,FC Ryukyu,0.75,2.0,36.0647461401069,AwayOdds,08/06/2022,LL,-36.0647461401069
Japan2,332020091.0,Omiya Ardija,Yokohama FC,-0.5,1.8671371732361601,110.35707416292082,HomeOdds,08/06/2022,WW,95.69472133624843
Norway1,-1801664006.0,Rosenborg,Ham-Kam,1.0,1.9119106309517424,286.00812074367315,HomeOdds,08/06/2022,PP,0.0
Sweden2,-406839816.0,Norrby IF,IK Brage,0.5,1.943,39.90704178796423,AwayOdds,08/06/2022,WW,37.63234040605028
Sweden2,475894278.0,Skovde AIK,Osters IF,-0.25,1.892,76.00824322816966,HomeOdds,08/06/2022,WP,33.89967647976366
Croatia1,801244877.0,Slaven Koprivnica,HNK Sibenik,0.75,1.847,51.425252955243536,AwayOdds,08/06/2022,WW,43.55718925309127
Croatia1,-2049755518.0,Istra 1961 Pula,ZNK Osijek,-0.75,1.9799719170833687,100.43176905893807,HomeOdds,08/06/2022,WW,98.42031326076173
Germany1,-1504509136.0,Augsburg,SC Freiburg,-0.25,2.024363442495528,142.66954129813314,HomeOdds,08/06/2022,LL,-142.66954129813314
Germany1,-1156656137.0,VfL Bochum,FSV Mainz 05,-0.25,1.956,97.36332029328159,HomeOdds,08/06/2022,LL,-97.36332029328159
Netherlands1,-1265257571.0,Fortuna Sittard,AFC Ajax,-2.0,2.022,39.33536469838876,HomeOdds,08/06/2022,WW,40.2007427217533
Netherlands1,56690811.0,PSV Eindhoven,Emmen,2.0,1.9724259891626885,92.25897493412388,HomeOdds,08/06/2022,WW,89.71502495945114
Japan2,-911938374.0,Albirex Niigata,Tokushima Vortis,0.75,1.8214725666417544,222.5116892602675,AwayOdds,08/06/2022,WW,182.78724848442445
Scotland1,181382795.0,Aberdeen,Saint Mirren,0.5,2.029511399684831,92.63446549599105,HomeOdds,08/06/2022,WW,95.3682382318339
Scotland1,-340905674.0,Glasgow Rangers,Kilmarnock,1.75,2.0449722604749905,85.93957850330462,AwayOdds,08/06/2022,LP,-42.96978925165231
Germany1,941294289.0,Borussia Dortmund,Bayer Leverkusen,0.25,1.892,139.73358429316926,HomeOdds,08/06/2022,WW,124.64235718950697
Norway1,-668840109.0,Bodo Glimt,Odd Grenland,1.75,1.8669921204811937,99.16788958818687,AwayOdds,08/06/2022,LL,-99.16788958818687
Japan2,-2096801222.0,Machida Zelvia,Oita Trinita,0.25,2.06,69.45416138034012,AwayOdds,08/06/2022,PW,36.81070553158027
Croatia1,-1791973504.0,Slaven Koprivnica,HNK Sibenik,0.75,1.955,79.2710791829072,AwayOdds,08/06/2022,WW,75.70388061967638
Netherlands1,-1371049089.0,RKC Waalwijk,FC Utrecht,-0.5,1.98,160.60530504103718,HomeOdds,08/06/2022,WW,157.39319894021645
Slovenia1,1154605196.0,ASK Bravo Publikum,Domzale,0.0,2.105093927019149,148.07603067747553,AwayOdds,08/06/2022,WW,163.63792223877945
Japan1,-371607973.0,FC Tokyo,Shimizu S-Pulse,0.25,1.8586150698081052,100.053945688174,HomeOdds,08/07/2022,LL,-100.053945688174
Japan1,-800195291.0,Kawasaki Frontale,Yokohama Marinos,0.25,2.0941282226427633,97.17713850329777,HomeOdds,08/07/2022,WW,106.32424983212279
Japan1,-981225014.0,Sagan Tosu,Jubilo Iwata,0.75,1.9344418378779424,190.07147209169995,AwayOdds,08/07/2022,LL,-190.07147209169995
England1,-2020559845.0,Leicester City,Brentford,0.5,2.0179313827943726,118.88844650607511,HomeOdds,08/07/2022,LL,-118.88844650607511
England1,-498626306.0,West Ham United,Manchester City,-1.5,1.8850933347920236,98.50933730067648,HomeOdds,08/07/2022,LL,-98.50933730067648
Japan2,2052740402.0,Blaublitz Akita,Mito Hollyhock,-0.5,1.8221167744267408,150.91563290513116,HomeOdds,08/07/2022,WW,124.07027333453658
Japan2,-807464180.0,Roasso Kumamoto,Tochigi SC,0.5,1.884,83.92277573313879,AwayOdds,08/07/2022,LL,-83.92277573313879
Korea1,846076283.0,Jeonbuk Hyundai Motors,Ulsan Hyundai FC,0.0,1.9286129346217809,121.42191747786302,HomeOdds,08/07/2022,PP,0.0
Norway1,-864889015.0,Kristiansund BK,Molde,-1.0,1.8797602789179126,181.61059363949965,HomeOdds,08/07/2022,PP,0.0
Norway1,2005347316.0,Sandefjord,Viking,-0.75,1.8688676265400588,202.31123443667096,HomeOdds,08/07/2022,WW,175.78168208737972
Norway1,-1995442115.0,Stromsgodset,Sarpsborg 08,0.25,2.004474319184976,127.62155242234691,HomeOdds,08/07/2022,WW,128.19257198276665
Sweden2,1001167632.0,Ostersunds FK,Landskrona BoIS,0.0,1.988146039769157,252.2976280366542,HomeOdds,08/07/2022,WW,249.3069019875717
Sweden2,-753269938.0,Halmstads,Dalkurd FF,1.25,2.051522102168474,161.74372907207913,AwayOdds,08/07/2022,LL,-161.74372907207913
Germany1,1123399812.0,FC Koln,Schalke 04,0.75,1.9743031081792979,118.18363662298593,AwayOdds,08/07/2022,LL,-118.18363662298593
Netherlands1,-1660485382.0,Vitesse Arnhem,Feyenoord,-0.5,2.0246481258312103,109.2887257216886,HomeOdds,08/07/2022,LL,-109.2887257216886
Netherlands1,-234595688.0,AZ Alkmaar,Go Ahead Eagles,1.25,1.8917235268054546,170.7654460667398,HomeOdds,08/07/2022,WW,152.27556582313986
Slovenia1,-897442994.0,Radomlje,NK Mura 05,-0.25,2.051988426025204,227.41033089922996,AwayOdds,08/07/2022,LP,-113.70516544961498
Scotland1,1291402761.0,Hibernian,Heart of Midlothian,0.0,1.9261162582692515,92.47148128639863,HomeOdds,08/07/2022,PP,0.0
Netherlands1,-1133034259.0,NEC Nijmegen,FC Twente Enschede,-0.25,2.048809676013615,79.67003580873417,HomeOdds,08/07/2022,LL,-79.67003580873417
Denmark1,665350265.0,FC Copenhagen,Brondby IF,1.0,1.9,115.50438081809033,AwayOdds,08/07/2022,LL,-115.50438081809033
Portugal1,1618484315.0,Sporting Braga,Sporting CP,-0.5,1.903,121.08690392361142,HomeOdds,08/07/2022,WW,109.34147424302112
Denmark1,652254063.0,Odense BK,Aarhus AGF,0.0,1.985,84.61814097215166,HomeOdds,08/07/2022,LL,-84.61814097215166
Croatia1,251409004.0,NK Lokomotiva Zagreb,Rijeka,0.25,1.917,104.65301779718102,AwayOdds,08/07/2022,LL,-104.65301779718102
Denmark1,302546222.0,Silkeborg,Aalborg,0.75,1.9161174519769109,510.1000480804854,AwayOdds,08/08/2022,LL,-510.1000480804854
Slovenia1,-203902585.0,ND Gorica,FC Koper,-0.5,2.033203757637023,151.7957336841773,HomeOdds,08/08/2022,LL,-151.7957336841773
Portugal1,377992916.0,Gil Vicente,Pacos de Ferreira,0.75,1.875,184.75177465548364,AwayOdds,08/08/2022,LP,-92.37588732774182
Sweden2,-1908143498.0,Skovde AIK,Osters IF,-0.25,1.8632414619022593,146.68600606321965,HomeOdds,08/09/2022,WP,63.31272115730867
Sweden2,-1941374648.0,Norrby IF,IK Brage,0.5,1.99585765074135,62.232218487511474,AwayOdds,08/09/2022,WW,61.974430903395586
Korea1,-1820078205.0,Suwon FC,Jeonbuk Hyundai Motors,-0.25,1.925,104.2486776593011,AwayOdds,08/10/2022,WW,96.43002683485352
Germany1,-876414189.0,SC Freiburg,Borussia Dortmund,-0.25,2.0215618561967843,121.01275640893593,AwayOdds,08/12/2022,WW,123.62201606060187
Spain1,-830491756.0,Osasuna,Sevilla,-0.25,2.0941578979363094,77.0821556181751,AwayOdds,08/12/2022,LL,-77.0821556181751
Slovenia1,624569170.0,NK Publikum Celje,ASK Bravo Publikum,0.5,2.0,83.49426361830992,AwayOdds,08/12/2022,LL,-83.49426361830992
Croatia1,-1633140468.0,HNK Sibenik,Istra 1961 Pula,0.25,2.0394659448511767,184.969599170316,HomeOdds,08/12/2022,PL,-92.484799585158
Norway1,-986487408.0,Sarpsborg 08,Bodo Glimt,-0.75,1.892,109.21838400924642,HomeOdds,08/12/2022,LL,-109.21838400924642
Norway1,-765108058.0,Sandefjord,Rosenborg,-0.75,2.05,73.90377615500401,HomeOdds,08/12/2022,LL,-73.90377615500401
England1,-324738523.0,Manchester City,Bournemouth AFC,2.25,1.84,82.3329637625613,HomeOdds,08/13/2022,WW,69.1596895605515
England1,1283704295.0,Arsenal,Leicester City,1.0,1.9686615809624293,159.51621041796142,AwayOdds,08/13/2022,LL,-159.51621041796142
Spain1,-769571464.0,FC Barcelona,Rayo Vallecano,1.75,1.8356348144175838,128.67501347321797,HomeOdds,08/13/2022,LL,-128.67501347321797
Germany1,1767000013.0,RB Leipzig,FC Koln,1.0,1.8398486064156339,112.93161847506435,HomeOdds,08/13/2022,LL,-112.93161847506435
England1,-1332669518.0,Aston Villa,Everton,0.5,1.9963001901824966,121.81480609382001,AwayOdds,08/13/2022,LL,-121.81480609382001
England1,1891192950.0,Wolves,Fulham,0.25,1.9808423805218516,93.07974842931932,HomeOdds,08/13/2022,PL,-46.53987421465966
Japan2,6171636.0,V-Varen Nagasaki,FC Ryukyu,0.75,2.05,96.58811964262983,AwayOdds,08/13/2022,WW,101.41752562476132
Japan2,401204234.0,Ventforet Kofu,Roasso Kumamoto,0.0,1.751,327.5825327124543,HomeOdds,08/13/2022,PP,0.0
Japan1,1979358895.0,Jubilo Iwata,Urawa Red Diamonds,-0.25,2.07,87.11110887856574,HomeOdds,08/13/2022,LL,-87.11110887856574
Japan1,222550724.0,Yokohama Marinos,Shonan Bellmare,0.75,1.84,154.56993420177474,HomeOdds,08/13/2022,,
Sweden2,1620039379.0,Jonkopings Sodra IF,Halmstads,-0.75,1.884,180.2159799871989,HomeOdds,08/13/2022,LL,-180.2159799871989
Sweden2,-1125355072.0,Dalkurd FF,Orgryte,0.0,1.869,125.53688172066386,HomeOdds,08/13/2022,LL,-125.53688172066386
Korea1,-1755462362.0,Incheon United,Jeonbuk Hyundai Motors,-0.5,2.09,67.11605566886212,AwayOdds,08/13/2022,LL,-67.11605566886212
England1,741469120.0,Brighton Hove Albion,Newcastle United,0.25,2.104,74.24429081162242,HomeOdds,08/13/2022,PL,-37.12214540581121
Slovenia1,-1764628947.0,NK Mura 05,Tabor Sezana,1.0,1.7920773708274393,196.5020352506087,AwayOdds,08/13/2022,WW,155.64481544354294
Slovenia1,1009914697.0,FC Koper,Radomlje,0.5,1.84,140.01673167605003,HomeOdds,08/13/2022,WW,117.61405460788204
Norway1,-916463176.0,Aalesund FK,Haugesund,0.5,1.833,113.06338448485472,AwayOdds,08/13/2022,WW,94.18179927588398
Brazil1,-2137565327.0,Goias,Avai FC SC,0.5,2.05,76.17810061077411,HomeOdds,08/13/2022,LL,-76.17810061077411
Brazil1,-579660503.0,Corinthians Paulista (SP),Palmeiras,-0.25,1.909,146.00369463346632,HomeOdds,08/13/2022,LL,-146.00369463346632
Croatia1,1502201920.0,HNK Gorica,NK Lokomotiva Zagreb,0.0,1.9392633760368416,182.18261207501172,HomeOdds,08/13/2022,WW,171.11745527278578
Croatia1,1376402249.0,Dinamo Zagreb,Hajduk Split,0.5,1.9,156.2963985745752,HomeOdds,08/13/2022,WW,140.66675871711766
Germany1,-1823197139.0,Hertha Berlin,Eintracht Frankfurt,-0.25,2.01,82.55418264933122,HomeOdds,08/13/2022,WP,41.68986223791226
Germany1,904853100.0,Werder Bremen,VfB Stuttgart,0.25,2.11,90.54944365469476,HomeOdds,08/13/2022,PL,-45.27472182734738
Portugal1,1910976282.0,Sporting CP,Rio Ave,1.75,1.878316451335022,130.58779717659732,AwayOdds,08/13/2022,LL,-130.58779717659732
Portugal1,-779647702.0,Casa Pia AC,Benfica,-1.75,1.8921543782622383,147.5198223656102,HomeOdds,08/13/2022,WW,131.61045540394676
Japan1,1322134004.0,Consadole Sapporo,Vissel Kobe,0.0,2.07,153.03201226508898,AwayOdds,08/13/2022,WW,163.7442531236452
Germany1,946260927.0,Bayer Leverkusen,Augsburg,1.5,2.03,71.40992477672697,AwayOdds,08/13/2022,WW,73.55222252002876
Scotland1,963496218.0,Livingston,Hibernian,0.0,2.1,68.63932963833146,HomeOdds,08/13/2022,WW,75.50326260216461
Scotland1,-613275498.0,Glasgow Rangers,Saint Johnstone,2.0,1.8690583676066301,116.57373348610876,AwayOdds,08/13/2022,LL,-116.57373348610876
Japan1,-1708516535.0,Kawasaki Frontale,Kyoto Sanga,1.25,2.04,75.69621403009619,HomeOdds,08/13/2022,,
Korea1,-1605173201.0,Ulsan Hyundai FC,Daegu FC,1.0,1.958,83.38381697427576,AwayOdds,08/13/2022,LL,-83.38381697427576
Germany1,86745919.0,Bayern Munchen,VfL Wolfsburg,2.25,1.934,78.91473470670032,AwayOdds,08/14/2022,PW,36.85318110802905
England1,-598247624.0,Nottingham Forest,West Ham United,-0.5,2.04,88.65331073332598,HomeOdds,08/14/2022,WW,92.19944316265902
Norway1,-915153615.0,Tromso IL,Kristiansund BK,1.0,1.819,225.1270738687772,AwayOdds,08/14/2022,PP,0.0
Japan1,1940401873.0,Kashima Antlers,Avispa Fukuoka,0.5,1.862,143.94369767724316,HomeOdds,08/14/2022,WW,124.07946739778362
Japan1,1094990638.0,Gamba Osaka,Shimizu S-Pulse,0.0,1.793,130.3677345578576,HomeOdds,08/14/2022,LL,-130.3677345578576
Netherlands1,-1126358422.0,Volendam,NEC Nijmegen,0.0,1.99,95.29700664681744,HomeOdds,08/14/2022,LL,-95.29700664681744
Japan2,2101171824.0,Tochigi SC,Albirex Niigata,-0.5,2.01,77.16628981261276,HomeOdds,08/14/2022,LL,-77.16628981261276
England1,1271829083.0,Chelsea,Tottenham Hotspur,0.25,2.02,71.25455463105104,HomeOdds,08/14/2022,PL,-35.62727731552552
Scotland1,1467874852.0,Kilmarnock,Celtic FC,-1.75,1.98,173.118669941717,HomeOdds,08/14/2022,LL,-173.118669941717
Norway1,2027000149.0,Viking,Stromsgodset,1.0,2.07,129.5252798402131,AwayOdds,08/14/2022,,
Sweden2,495357219.0,Utsiktens BK,Norrby IF,0.0,1.925,123.14496229405734,HomeOdds,08/14/2022,PP,0.0
Sweden2,-635312386.0,Skovde AIK,Ostersunds FK,1.0,1.8,251.5744349727252,AwayOdds,08/14/2022,WW,201.25954797818017
Denmark1,1188271417.0,Viborg,Silkeborg,-0.25,1.833,151.44589631488486,HomeOdds,08/14/2022,WW,126.15443163029909
Croatia1,1238193854.0,Rijeka,Slaven Koprivnica,0.75,1.9668831542948113,188.42474613141607,HomeOdds,08/14/2022,LL,-188.42474613141607
Scotland1,-948465625.0,Heart of Midlothian,Dundee United,0.75,2.11089746129315,205.022769677556,AwayOdds,08/14/2022,LL,-205.022769677556
Spain1,1126089726.0,Cadiz,Real Sociedad,-0.25,1.97,84.69177411767657,HomeOdds,08/14/2022,LL,-84.69177411767657
Japan1,-1777232253.0,Kashiwa Reysol,Hiroshima Sanfrecce,-0.25,1.98,75.3745633441016,HomeOdds,08/14/2022,LL,-75.3745633441016
Korea1,-169642360.0,Jeju United,Pohang Steelers,0.0,2.13,75.11730522732348,HomeOdds,08/14/2022,WW,84.88255490687553
Brazil1,-610656222.0,Ceara,Fortaleza,0.0,1.795,149.61687834571077,HomeOdds,08/14/2022,LL,-149.61687834571077
Brazil1,-1209614902.0,Flamengo,Atletico Paranaense,1.25,1.873,131.48262239887646,AwayOdds,08/14/2022,LL,-131.48262239887646
Brazil1,1910805042.0,Internacional RS,Fluminense RJ,0.0,1.813,216.61183344260303,HomeOdds,08/14/2022,WW,176.10542058883624
Brazil1,1347146824.0,Coritiba PR,Atletico Mineiro,-0.5,1.983,151.86899267148218,HomeOdds,08/14/2022,LL,-151.86899267148218
Brazil1,-1219166899.0,America MG,Santos,0.25,1.934,83.79490715430369,AwayOdds,08/14/2022,LL,-83.79490715430369
Japan2,275582297.0,Tokushima Vortis,Oita Trinita,0.25,2.13,65.42920025593577,HomeOdds,08/14/2022,PL,-32.714600127967884
Japan2,717244561.0,JEF United Ichihara Chiba,Machida Zelvia,0.0,2.072,60.65787484332042,HomeOdds,08/14/2022,LL,-60.65787484332042
Spain1,-172108254.0,Getafe,Atletico Madrid,-0.5,1.9520000000000002,80.15404492028124,HomeOdds,08/15/2022,LL,-80.15404492028124
Spain1,-1114164945.0,Real Betis,Elche,1.25,1.8330000000000006,146.98716372496338,AwayOdds,08/15/2022,LL,-146.98716372496338
England1,1985805863.0,Liverpool,Crystal Palace,2.0,1.84,118.27765397266752,AwayOdds,08/15/2022,WW,99.35322933704072
Korea1,583297647.0,Gimcheon Sangmu,FC Seoul,0.0,2.066,112.87861254234927,AwayOdds,08/15/2022,WW,120.32860097014432
Portugal1,-1395004043.0,FC Arouca,Gil Vicente,0.0,2.13,91.73187816546589,HomeOdds,08/15/2022,WW,103.65702232697645
Slovenia1,1489994952.0,NK Olimpija Ljubljana,ND Gorica,1.25,1.925,85.10588356396187,AwayOdds,08/15/2022,LL,-85.10588356396187
Sweden2,-161166067.0,Brommapojkarna,AFC Eskilstuna,1.0,2.0,205.68224456042608,AwayOdds,08/15/2022,PP,0.0
Sweden2,-1367202100.0,Osters IF,Orebro,0.75,1.9524552270332511,153.99431255326562,AwayOdds,08/16/2022,WW,146.67268792475005
Japan2,1046057768.0,JEF United Ichihara Chiba,Ventforet Kofu,0.0,2.07,91.46016743278976,AwayOdds,08/17/2022,PP,0.0
Korea1,1970392789.0,Gangwon FC,Suwon FC,0.25,2.054,73.55068294411122,AwayOdds,08/15/2022,WW,77.5224198230932
Japan1,448056710.0,Nagoya Grampus,Jubilo Iwata,0.75,2.01,109.9732961530374,AwayOdds,08/19/2022,LP,-54.9866480765187
Slovenia1,-1118107506.0,Radomlje,Tabor Sezana,0.5,1.8290332668843319,291.3317687342029,AwayOdds,08/19/2022,WW,241.52372798090693
Spain1,-1596407344.0,RCD Espanyol,Rayo Vallecano,0.25,2.081,87.965362571501,HomeOdds,08/19/2022,LL,-87.965362571501
England1,-1149680755.0,Leicester City,Southampton,0.5,1.826,120.45616910670032,HomeOdds,08/20/2022,LL,-120.45616910670032
England1,-1162883003.0,Crystal Palace,Aston Villa,0.0,1.97,158.1181119764402,HomeOdds,08/20/2022,WW,153.374568617147
Germany1,-943075078.0,Augsburg,FSV Mainz 05,-0.25,1.931,130.186680952815,HomeOdds,08/20/2022,LL,-130.186680952815
Germany1,-1701337065.0,Borussia Dortmund,Werder Bremen,1.25,1.877,106.2287471114352,HomeOdds,08/20/2022,LL,-106.2287471114352
Germany1,1052098434.0,VfL Wolfsburg,Schalke 04,0.5,1.917,112.21336129955628,HomeOdds,08/20/2022,LL,-112.21336129955628
England1,27484977.0,Bournemouth AFC,Arsenal,-1.25,1.89,82.32995238791446,HomeOdds,08/20/2022,LL,-82.32995238791446
Korea1,819304657.0,Pohang Steelers,Incheon United,0.75,1.961,86.90578857862667,AwayOdds,08/20/2022,WW,83.51646282406024
Japan2,131221961.0,FC Ryukyu,Montedio Yamagata,-0.75,1.833,136.98158047208238,HomeOdds,08/20/2022,WW,114.10565653324464
Japan2,1712819722.0,Albirex Niigata,Roasso Kumamoto,0.5,1.909,66.37260405925043,HomeOdds,08/20/2022,WW,60.33269708985865
Japan2,817045433.0,Oita Trinita,Grulla Morioka,0.75,1.9,107.77279386042012,AwayOdds,08/20/2022,LL,-107.77279386042012
Japan2,-903174732.0,Omiya Ardija,Machida Zelvia,-0.5,1.84,141.82774448806046,HomeOdds,08/20/2022,LL,-141.82774448806046
Japan2,-89533075.0,Renofa Yamaguchi,Mito Hollyhock,-0.5,1.884,69.83367932430785,HomeOdds,08/20/2022,WW,61.73297252268814
Japan2,-1924666345.0,Thespa Kusatsu,Vegalta Sendai,-0.5,1.833,80.1635513256911,AwayOdds,08/20/2022,LL,-80.1635513256911
Japan2,-607270352.0,Blaublitz Akita,Tochigi SC,0.0,2.08,149.7098495192541,HomeOdds,08/20/2022,LL,-149.7098495192541
England1,1648173627.0,Fulham,Brentford,0.0,2.156,62.705199083328026,AwayOdds,08/20/2022,LL,-62.705199083328026
Slovenia1,-2122003093.0,FC Koper,NK Olimpija Ljubljana,0.25,1.833,110.59551983682074,AwayOdds,08/20/2022,WW,92.12606802407169
Scotland1,502247941.0,Dundee United,Saint Mirren,0.25,1.9944399814373461,92.61676192176441,HomeOdds,08/20/2022,LL,-92.61676192176441
Netherlands1,1772374539.0,Fortuna Sittard,SC Cambuur,0.25,1.937796802127411,77.34515124218863,HomeOdds,08/20/2022,LL,-77.34515124218863
Sweden2,1620263548.0,Ostersunds FK,Brommapojkarna,-0.75,1.847,231.1065492098049,HomeOdds,08/20/2022,PL,-115.55327460490246
Sweden2,1457571359.0,Landskrona BoIS,Jonkopings Sodra IF,0.25,2.05,68.4494252620069,AwayOdds,08/20/2022,PW,35.935948262553616
Japan1,-689196799.0,Hiroshima Sanfrecce,Gamba Osaka,1.25,1.8693463283354952,250.12184189480084,AwayOdds,08/20/2022,LL,-250.12184189480084
Japan1,141824592.0,Avispa Fukuoka,Kawasaki Frontale,-0.5,1.9308601722668275,155.89202396082828,AwayOdds,08/20/2022,WW,145.11367627920094
Norway1,315749283.0,Odd Grenland,Sarpsborg 08,-0.25,1.8466972297566624,209.2718066717346,HomeOdds,08/20/2022,WW,177.18985897512954
England1,-1629599439.0,Everton,Nottingham Forest,0.5,1.9717311670966458,78.48568310551502,HomeOdds,08/20/2022,LL,-78.48568310551502
Portugal1,-403874685.0,FC Porto,Sporting CP,0.25,1.862,118.48522223260244,HomeOdds,08/20/2022,WW,102.13426156450332
Brazil1,-1440035702.0,Fluminense RJ,Coritiba PR,1.0,1.9804360998577406,125.6892538348187,AwayOdds,08/20/2022,LL,-125.6892538348187
Scotland1,1916823.0,Ross County,Kilmarnock,0.25,1.952,80.51435018276366,AwayOdds,08/20/2022,LL,-80.51435018276366
Japan2,533338524.0,JEF United Ichihara Chiba,Tokushima Vortis,0.0,2.12,76.91723076668113,AwayOdds,08/20/2022,PP,0.0
Croatia1,4877853.0,NK Varteks Varazdin,HNK Sibenik,0.5,1.943,112.1886275520148,AwayOdds,08/20/2022,WW,105.79387578154996
Brazil1,2130726303.0,Atletico Mineiro,Goias,1.5,2.036,95.3928171771693,AwayOdds,08/20/2022,WW,98.8269585955474
Spain1,909860945.0,Osasuna,Cadiz,0.5,2.005,102.25799055238042,AwayOdds,08/20/2022,LL,-102.25799055238042
Japan1,1542360752.0,Consadole Sapporo,Sagan Tosu,0.25,1.8914526013417265,91.18529085367791,AwayOdds,08/20/2022,WW,81.28736473561311
Japan1,-132578907.0,Shimizu S-Pulse,Kashiwa Reysol,0.0,2.143,73.29506040327583,AwayOdds,08/20/2022,PP,0.0
Germany1,388156756.0,VfB Stuttgart,SC Freiburg,0.0,2.025,65.56792205296915,HomeOdds,08/20/2022,LL,-65.56792205296915
England1,-122222697.0,West Ham United,Brighton Hove Albion,0.25,2.08,123.91215521382168,HomeOdds,08/21/2022,LL,-123.91215521382168
England1,421836127.0,Leeds United,Chelsea,-1.0,1.862,114.929408081318,HomeOdds,08/21/2022,WW,99.06914976609612
Germany1,1795816051.0,Eintracht Frankfurt,FC Koln,0.25,1.909,149.77011195295216,HomeOdds,08/21/2022,PL,-74.88505597647608
Germany1,634160048.0,VfL Bochum,Bayern Munchen,-2.0,1.925,84.58679940385406,HomeOdds,08/21/2022,LL,-84.58679940385406
Denmark1,20213164.0,Nordsjaelland,Silkeborg,0.0,1.8898496997814949,216.83338099958902,HomeOdds,08/21/2022,LL,-216.83338099958902
Japan1,275481744.0,Shonan Bellmare,Kashima Antlers,0.0,1.781,210.43971511016144,AwayOdds,08/21/2022,PP,0.0
Norway1,-1129874490.0,Lillestrom,Sandefjord,1.5,1.9408301366882632,138.21099680510895,AwayOdds,08/21/2022,LL,-138.21099680510895
Norway1,-2059075116.0,Kristiansund BK,Viking,-0.5,2.020406733797269,192.30440111014093,HomeOdds,08/21/2022,,
Norway1,-1778772586.0,Haugesund,Molde,-0.75,1.9071554331865914,112.4668501983802,HomeOdds,08/21/2022,PL,-56.2334250991901
Norway1,39235421.0,Rosenborg,Aalesund FK,1.25,1.8823137913987953,100.86474694514868,HomeOdds,08/21/2022,PL,-50.43237347257434
Netherlands1,-2059527148.0,AZ Alkmaar,NEC Nijmegen,1.0,1.8479496910028645,131.6556956002367,HomeOdds,08/21/2022,,
Netherlands1,-640678213.0,RKC Waalwijk,Feyenoord,-1.25,1.964,111.94622791999215,HomeOdds,08/21/2022,WP,53.95808185743622
Netherlands1,715273194.0,Groningen,Go Ahead Eagles,0.5,1.8813905003803413,76.23271517923308,HomeOdds,08/21/2022,WW,67.19079097717628
Korea1,2059845773.0,FC Seoul,Seongnam FC,0.75,1.95,103.69305905106484,AwayOdds,08/21/2022,LL,-103.69305905106484
Slovenia1,1498485042.0,Maribor,NK Publikum Celje,0.25,2.0504337735543583,153.6656076827187,HomeOdds,08/21/2022,PL,-76.83280384135935
Brazil1,-1178672097.0,Juventude,Botafogo RJ,0.25,2.052,68.41205576496803,HomeOdds,08/21/2022,PL,-34.206027882484015
Brazil1,1061401654.0,Santos,Sao Paulo,0.0,1.751,102.4556906336626,HomeOdds,08/21/2022,WW,76.9442236658806
Spain1,1464467423.0,Athletic Bilbao,Valencia,0.75,2.04,157.10447638298524,AwayOdds,08/21/2022,LP,-78.55223819149262
Scotland1,1758991538.0,Celtic FC,Heart of Midlothian,2.0,1.875,98.26553210869392,AwayOdds,08/21/2022,PP,0.0
Croatia1,-1052835197.0,Istra 1961 Pula,Rijeka,-0.5,2.05,60.01493001991207,AwayOdds,08/21/2022,LL,-60.01493001991207
Sweden2,-124722735.0,AFC Eskilstuna,Utsiktens BK,0.0,1.9,207.36728749680623,HomeOdds,08/21/2022,WW,186.6305587471256
Sweden2,-1581226974.0,Trelleborgs FF,Dalkurd FF,0.75,2.091,155.91102378417952,AwayOdds,08/21/2022,LL,-155.91102378417952
Japan2,-1776074887.0,Tokyo Verdy,Ventforet Kofu,0.0,1.999,69.28304715108308,AwayOdds,08/21/2022,PP,0.0
Sweden2,1631677952.0,Halmstads,Vasteras SK FK,1.0,1.806,61.50689108168709,HomeOdds,08/21/2022,LL,-61.50689108168709
Sweden2,-1351991928.0,IK Brage,Osters IF,0.0,2.12,74.6547004737406,HomeOdds,08/21/2022,LL,-74.6547004737406
Portugal1,2032000416.0,Sporting Braga,Maritimo,1.25,2.062,55.66700700966632,AwayOdds,08/21/2022,LL,-55.66700700966632
Korea1,-1651799773.0,Gimcheon Sangmu,Ulsan Hyundai FC,-0.75,2.116,52.629774838268695,HomeOdds,08/21/2022,PL,-26.314887419134347
Spain1,320357377.0,Elche,Almeria,0.0,1.769,122.06037950751467,HomeOdds,08/22/2022,PP,0.0
England1,-902649578.0,Manchester United,Liverpool,-0.75,1.813,168.9315497356788,HomeOdds,08/22/2022,WW,137.34134993510685
Denmark1,-1439972458.0,Odense BK,AC Horsens,0.25,1.954177737250684,82.78576757479655,HomeOdds,08/22/2022,WW,78.99233638108043
Spain1,-338611300.0,Girona,Getafe,0.0,1.925,86.33033296030806,HomeOdds,08/22/2022,WW,79.85555798828496
Sweden2,1049991545.0,Orgryte,Norrby IF,0.0,2.012541047738197,144.21695575373388,HomeOdds,08/23/2022,WW,146.02558748049884
Japan2,351306702.0,Tokyo Verdy,Tokushima Vortis,0.0,2.02,61.12003670641577,AwayOdds,08/24/2022,WW,62.34243744054408
Spain1,-1154911310.0,Girona,Celta Vigo,0.0,2.124,145.1646062976716,HomeOdds,08/26/2022,LL,-145.1646062976716
Germany1,1922947971.0,SC Freiburg,VfL Bochum,1.0,1.952,91.75960750611844,AwayOdds,08/26/2022,PP,0.0
Sweden2,-525655001.0,Dalkurd FF,IK Brage,-0.25,1.775,115.14980107611645,HomeOdds,08/26/2022,LL,-115.14980107611645
Croatia1,1237634329.0,HNK Gorica,Istra 1961 Pula,0.75,2.05,79.07798853348025,HomeOdds,08/26/2022,LL,-79.07798853348025
Japan1,124465840.0,Sagan Tosu,Avispa Fukuoka,0.25,1.9198402549078406,54.93606263143406,HomeOdds,08/26/2022,PL,-27.46803131571703
Slovenia1,-1181471855.0,NK Publikum Celje,ND Gorica,0.75,2.07,53.953927507011954,AwayOdds,08/26/2022,LP,-26.976963753505977
Spain1,121418413.0,Real Betis,Osasuna,0.5,1.944,56.51988845111647,HomeOdds,08/26/2022,WW,53.35477469785395
England1,-1134745625.0,Chelsea,Leicester City,1.5,1.8433966454938708,136.16328813548745,AwayOdds,08/27/2022,WW,114.83966045288547
England1,-1176464650.0,Brighton Hove Albion,Leeds United,0.75,1.847,95.1690423084668,AwayOdds,08/27/2022,LP,-47.5845211542334
Spain1,1475761245.0,Elche,Real Sociedad,-0.5,1.961,82.74112283543583,HomeOdds,08/27/2022,LL,-82.74112283543583
Germany1,511643084.0,RB Leipzig,VfL Wolfsburg,1.25,1.894,81.78219187416036,AwayOdds,08/27/2022,LL,-81.78219187416036
Japan2,1648886274.0,V-Varen Nagasaki,Tochigi SC,0.25,1.98,83.45777647974799,HomeOdds,08/27/2022,,
Japan2,353368171.0,Vegalta Sendai,JEF United Ichihara Chiba,0.25,1.877,82.87054313886306,HomeOdds,08/27/2022,LL,-82.87054313886306
Japan2,-917782609.0,Mito Hollyhock,FC Ryukyu,0.75,1.99,115.70474826248622,AwayOdds,08/27/2022,WW,114.54770077986136
Japan2,1985349146.0,Grulla Morioka,Albirex Niigata,-1.0,1.84,196.51262298985503,HomeOdds,08/27/2022,LL,-196.51262298985503
Japan2,-862845929.0,Omiya Ardija,Montedio Yamagata,-0.25,2.06,57.893885001109616,HomeOdds,08/27/2022,,
Korea1,501888406.0,Suwon Samsung Bluewings,Gangwon FC,0.0,1.952,135.3566124172847,HomeOdds,08/27/2022,LL,-135.3566124172847
Japan1,2021486202.0,Nagoya Grampus,Gamba Osaka,0.75,2.01,125.4457697083656,AwayOdds,08/27/2022,WW,126.70022740544924
Sweden2,2120390214.0,Landskrona BoIS,Trelleborgs FF,0.0,2.04,47.74389628489755,HomeOdds,08/27/2022,WW,49.65365213629346
Sweden2,-2088549593.0,Vasteras SK FK,Orgryte,0.5,1.943,85.34983849799671,AwayOdds,08/27/2022,WW,80.48489770361091
Sweden2,659190946.0,Osters IF,Ostersunds FK,1.25,1.909,202.2134572608724,AwayOdds,08/27/2022,PW,91.9060163250665
Scotland1,-2018212847.0,Aberdeen,Livingston,0.75,1.833,61.16852967255926,AwayOdds,08/27/2022,LL,-61.16852967255926
Slovenia1,-396114297.0,NK Olimpija Ljubljana,Radomlje,0.5,1.819,180.36324599231955,HomeOdds,08/27/2022,WW,147.7174984677097
Slovenia1,-53196796.0,Domzale,FC Koper,0.0,1.976598861051595,107.39637529660526,HomeOdds,08/27/2022,LL,-107.39637529660526
Norway1,-283521160.0,Sandefjord,Stromsgodset,-0.25,1.944060606097221,50.17584061545465,HomeOdds,08/27/2022,WP,23.68451725143184
Germany1,1351493014.0,TSG Hoffenheim,Augsburg,1.25,1.884,48.89825675418408,AwayOdds,08/27/2022,PW,21.61302948534936
Japan1,-140024339.0,Kashiwa Reysol,FC Tokyo,0.25,1.961,47.58806133492506,AwayOdds,08/27/2022,WW,45.73212694286298
Scotland1,-467340408.0,Kilmarnock,Motherwell,0.0,1.9095975422417744,59.16307708925658,HomeOdds,08/27/2022,WW,53.81458951184843
Brazil1,-1284976920.0,Goias,Atletico Clube Goianiense,0.0,1.8330539603607992,82.17587255141963,HomeOdds,08/27/2022,WW,68.45693607506442
Netherlands1,-2100556148.0,Vitesse Arnhem,RKC Waalwijk,0.75,2.0,49.86884787183721,HomeOdds,08/27/2022,LL,-49.86884787183721
Portugal1,150649416.0,Sporting CP,GD Chaves,1.75,2.07,43.055251294781215,AwayOdds,08/27/2022,WW,46.06911888541589
Germany1,-935672300.0,TSG Hoffenheim,Augsburg,1.25,1.92993163305131,7.6174106600862626,AwayOdds,08/27/2022,PW,3.541835567378237
Portugal1,-462198811.0,Maritimo,Portimonense,0.0,1.98,82.65713305080303,HomeOdds,08/27/2022,LL,-82.65713305080303
England1,789027570.0,Wolves,Newcastle United,0.0,2.01,114.93837941670424,HomeOdds,08/28/2022,PP,0.0
England1,-1661880791.0,Nottingham Forest,Tottenham Hotspur,-1.0,2.05,50.5328136170208,HomeOdds,08/28/2022,LL,-50.5328136170208
Korea1,1754960898.0,Jeonbuk Hyundai Motors,Pohang Steelers,0.0,1.781,162.8421469289153,HomeOdds,08/28/2022,PP,0.0
Korea1,1250643842.0,Seongnam FC,Suwon FC,-0.25,1.8634903297360657,70.11584998276639,HomeOdds,08/28/2022,WW,60.54435842134347
Scotland1,1678600532.0,Dundee United,Celtic FC,-1.75,2.06,81.48498376853277,HomeOdds,08/28/2022,LL,-81.48498376853277
Scotland1,1749752451.0,Heart of Midlothian,Saint Johnstone,1.0,1.8442016298262027,157.44400517544963,AwayOdds,08/28/2022,PP,0.0
Brazil1,-2116738270.0,Ceara,Atletico Paranaense,0.5,1.868676124278364,59.94704422546938,AwayOdds,08/28/2022,WW,52.07456603972441
Netherlands1,-1616919416.0,Excelsior SBV,PSV Eindhoven,-1.75,1.977167904069327,49.20458279258774,HomeOdds,08/28/2022,LL,-49.20458279258774
Netherlands1,191313660.0,Volendam,FC Twente Enschede,-0.75,1.8678581860575554,66.7408713679006,HomeOdds,08/28/2022,WW,57.92161156124684
Japan2,1869261665.0,Blaublitz Akita,Oita Trinita,-0.25,2.0111124817653034,57.341838963997844,HomeOdds,08/28/2022,LL,-57.341838963997844
Japan2,148397934.0,Roasso Kumamoto,Tokyo Verdy,0.25,1.8712494576061736,103.88138363207808,AwayOdds,08/28/2022,LL,-103.88138363207808
Norway1,-1362401995.0,Lillestrom,Kristiansund BK,1.5,1.8529902730966423,153.25162948766146,AwayOdds,08/28/2022,WW,130.72214928918584
Norway1,981691342.0,Ham-Kam,Haugesund,0.25,1.9520880150327027,84.81542992150887,AwayOdds,08/28/2022,LL,-84.81542992150887
Croatia1,839049210.0,HNK Sibenik,Dinamo Zagreb,-1.25,2.03,43.028660247919184,HomeOdds,08/28/2022,WP,22.159760027678377
Croatia1,-205354702.0,ZNK Osijek,Hajduk Split,0.0,2.0577985210064704,76.1471602169871,HomeOdds,08/28/2022,WW,80.54835345637171
Sweden2,282633600.0,Utsiktens BK,Orebro,0.25,1.99,49.19949260218034,AwayOdds,08/28/2022,WW,48.70749767615854
Norway1,-710578704.0,Viking,Valerenga,0.25,2.013335034817976,65.32408533334383,HomeOdds,08/28/2022,LL,-65.32408533334383
Norway1,-2030119127.0,Tromso IL,Rosenborg,0.0,1.981737679299871,114.17132377866315,AwayOdds,08/28/2022,LL,-114.17132377866315
Portugal1,59260057.0,Rio Ave,FC Porto,-1.5,2.024,71.70862814404467,HomeOdds,08/28/2022,WW,73.42963521950173
Slovenia1,-1828419767.0,NK Mura 05,Maribor,0.0,1.961,48.12498872743583,AwayOdds,08/28/2022,WW,46.24811416706584
Sweden2,-607173487.0,Skovde AIK,Jonkopings Sodra IF,0.75,1.842,81.59319990354965,AwayOdds,08/28/2022,WW,68.70147431878881
Denmark1,-397039403.0,Silkeborg,Odense BK,1.0,1.924317066789967,239.87575916773775,AwayOdds,08/28/2022,WW,221.72125810793986
Denmark1,50792712.0,Randers FC,Aalborg,0.25,2.02,42.78098706993409,AwayOdds,08/28/2022,LL,-42.78098706993409
Sweden2,240858569.0,Norrby IF,AFC Eskilstuna,0.75,1.905,148.40502095708203,AwayOdds,08/28/2022,LP,-74.20251047854102
Norway1,176507885.0,Aalesund FK,Odd Grenland,0.5,1.935,60.37266856403872,AwayOdds,08/28/2022,WW,56.44844510737621
Norway1,-1080840733.0,Molde,Sarpsborg 08,1.25,1.92,52.395895226675634,HomeOdds,08/28/2022,WW,48.20422360854158
Spain1,371257347.0,Cadiz,Athletic Bilbao,-0.25,2.0,103.20338938168854,HomeOdds,08/29/2022,LL,-103.20338938168854
Spain1,-426096892.0,Valencia,Atletico Madrid,-0.5,1.952,71.07046019835636,HomeOdds,08/29/2022,LL,-71.07046019835636
Denmark1,-1947697332.0,Brondby IF,Midtjylland,-0.25,2.034,56.98324632626081,HomeOdds,08/29/2022,LL,-56.98324632626081
England1,-9089039.0,Southampton,Chelsea,-1.0,1.8591008881735476,66.56866362571927,HomeOdds,08/30/2022,WW,57.18919804538155
England1,1064256948.0,Liverpool,Newcastle United,1.5,2.05,56.22026268565976,HomeOdds,08/31/2022,LL,-56.22026268565976
Norway1,-955301228.0,Kristiansund BK,Viking,-0.5,1.963776256946383,136.15454451810461,HomeOdds,08/31/2022,WW,131.22251728189852
Japan1,1834207300.0,Avispa Fukuoka,Gamba Osaka,0.5,1.8063341086348392,137.83239257549084,AwayOdds,08/31/2022,WW,111.13895940836565
Norway1,310694870.0,Tromso IL,Stromsgodset,0.75,1.826,90.3869419007134,AwayOdds,08/31/2022,LP,-45.1934709503567
England1,-1581892200.0,Bournemouth AFC,Wolves,-0.25,2.06,37.70708365292318,HomeOdds,08/31/2022,WP,19.98475433604929
Netherlands1,24495986.0,FC Twente Enschede,Excelsior SBV,1.75,1.941,82.11331705210021,AwayOdds,08/31/2022,LL,-82.11331705210021
