,Book Prob,Edge,Result,P
0,0.5524861878453039,0.1831780999518916,1,0.7356642877971955
1,0.3401360544217687,0.16488661036343838,0,0.5050226647852071
2,0.41841004184100417,0.020204822881870255,1,0.4386148647228744
3,0.5649717514124294,0.11182872156259127,0,0.6768004729750207
4,0.5714285714285714,0.16618239583157912,1,0.7376109672601505
5,0.44052863436123346,0.046848379716834865,0,0.4873770140780683
6,0.4098360655737705,0.026976121576594292,1,0.4368121871503648
7,0.35211267605633806,0.1171737900779809,0,0.46928646613431896
8,0.49019607843137253,0.10049714954917893,1,0.5906932279805515
9,0.3861003861003861,0.13473830410187515,0,0.5208386902022613
10,0.5714285714285714,0.17130794832253882,1,0.7427365197511102
11,0.25641025641025644,0.3164007013537265,0,0.5728109577639829
12,0.36363636363636365,0.2060709366911473,1,0.5697073003275109
13,0.5952380952380952,0.11709662648024466,1,0.7123347217183399
14,0.49751243781094534,0.0942021056791259,0,0.5917145434900712
15,0.6097560975609756,0.09995540202210473,1,0.7097114995830803
16,0.3861003861003861,0.14266905110746608,0,0.5287694372078522
17,0.3436426116838488,0.24654412675010307,0,0.5901867384339519
18,0.32573289902280134,0.1085941639712017,0,0.43432706299400303
19,0.3663003663003663,0.1118031241940659,0,0.4781034904944322
20,0.5617977528089888,0.1698052953169723,0,0.7316030481259611
21,0.5181347150259068,0.013968687692306636,0,0.5321034027182134
22,0.2801120448179272,0.3901189494961026,0,0.6702309943140298
23,0.3968253968253968,0.3361033640802327,0,0.7329287609056295
24,0.3717472118959108,0.07543932619727828,1,0.4471865380931891
25,0.5494505494505494,0.0562653925752834,1,0.6057159420258328
26,0.3663003663003663,0.03204379648444905,0,0.3983441627848153
27,0.625,0.04385957240000393,1,0.6688595724000039
28,0.5586592178770949,0.054854729034866545,1,0.6135139469119615
29,0.3508771929824561,0.19570736671262234,1,0.5465845596950785
30,0.3401360544217687,0.16740706992184234,1,0.507543124343611
31,0.37037037037037035,0.06966093722239047,1,0.4400313075927608
32,0.5405405405405405,0.07743007779455913,1,0.6179706183350996
33,0.3968253968253968,0.1446945369147144,0,0.5415199337401112
34,0.41841004184100417,0.20289351880758577,0,0.6213035606485899
35,0.3802281368821293,0.021891333626417375,0,0.4021194705085467
36,0.2469135802469136,0.35477174865148386,1,0.6016853288983974
37,0.5681818181818182,0.05377173667959401,1,0.6219535548614122
38,0.3717472118959108,0.06022195618420667,1,0.4319691680801175
39,0.5291005291005292,0.016208531196293063,1,0.5453090602968222
40,0.5555555555555556,0.03552731261378306,0,0.5910828681693386
41,0.5494505494505494,0.10616462363294621,1,0.6556151730834956
42,0.47393364928909953,0.04328349609901061,1,0.5172171453881101
43,0.6896551724137931,0.03284010221371758,1,0.7224952746275107
44,0.5714285714285714,0.018378973094791307,0,0.5898075445233627
45,0.3663003663003663,0.21101242841037687,0,0.5773127947107431
46,0.7092198581560284,0.031778815929213944,1,0.7409986740852423
47,0.6289308176100629,0.03674343685720727,1,0.6656742544672701
48,0.38910505836575876,0.039926549600145966,0,0.4290316079659047
49,0.48309178743961356,0.02698335814920161,0,0.5100751455888152
50,0.5714285714285714,0.019947657474611802,1,0.5913762289031832
51,0.5128205128205129,0.06379154991185643,0,0.5766120627323693
52,0.3333333333333333,0.0786744063945572,1,0.4120077397278905
53,0.5235602094240838,0.012535471622599603,1,0.5360956810466834
54,0.5494505494505494,0.023699194295473736,0,0.5731497437460231
55,0.5405405405405405,0.010890101784237327,0,0.5514306423247778
56,0.41493775933609955,0.02741860337387353,1,0.4423563627099731
57,0.3663003663003663,0.11813837547764933,0,0.4844387417780156
58,0.6097560975609756,1.440715316003427e-05,0,0.6097705047141356
59,0.4385964912280702,0.09466309550250329,1,0.5332595867305735
60,0.390625,0.061057171757291306,0,0.4516821717572913
61,0.5181347150259068,0.018384781394296335,1,0.5365194964202031
62,0.6369426751592356,0.05614609586991359,1,0.6930887710291492
63,0.5586592178770949,0.02883010956848442,1,0.5874893274455794
64,0.5813953488372093,0.010670081996775105,1,0.5920654308339844
65,0.37037037037037035,0.03216253815725195,0,0.4025329085276223
66,0.32894736842105265,0.16599166838253787,1,0.4949390368035905
67,0.48309178743961356,0.06043334801385414,1,0.5435251354534677
68,0.5434782608695652,0.0003403294569797044,1,0.5438185903265449
69,0.5,0.15291757588444843,1,0.6529175758844484
70,0.6060606060606061,0.01654616363111816,0,0.6226067696917242
71,0.5434782608695652,0.0058751009130628695,1,0.5493533617826281
72,0.3787878787878788,0.18847990023660177,0,0.5672677790244806
73,0.45248868778280543,0.0707923383106625,1,0.5232810260934679
74,0.4132231404958678,0.07500881552097349,1,0.4882319560168413
75,0.49751243781094534,0.05948157896058914,0,0.5569940167715345
76,0.7142857142857143,0.01236173154511977,1,0.7266474458308341
77,0.5076142131979695,0.05069592579185078,1,0.5583101389898203
78,0.3389830508474576,0.1292934225261929,0,0.4682764733736505
79,0.5208333333333334,0.02504739496006625,0,0.5458807282933996
80,0.4716981132075471,0.024604622429622303,1,0.4963027356371694
81,0.4329004329004329,0.04304397131606452,0,0.4759444042164974
82,0.4166666666666667,0.0648141041682539,0,0.4814807708349206
83,0.5681818181818182,0.05627213910936657,1,0.6244539572911848
84,0.29850746268656714,0.051510878566510654,0,0.3500183412530778
85,0.303951367781155,0.020484313375866037,0,0.32443568115702104
86,0.5291005291005292,0.037443335855558035,1,0.5665438649560872
87,0.48780487804878053,0.04799673879084815,0,0.5358016168396287
88,0.5952380952380952,0.03681433137546852,1,0.6320524266135638
89,0.5524861878453039,0.04208203116291065,0,0.5945682190082145
90,0.5464480874316939,0.16359120418446693,0,0.7100392916161609
91,0.53475935828877,0.05583213139562704,1,0.590591489684397
92,0.27027027027027023,0.016541663805625384,0,0.2868119340758956
93,0.6451612903225806,0.04327199773022161,1,0.6884332880528022
94,0.3278688524590164,0.21815175941180975,1,0.5460206118708262
95,0.2777777777777778,0.044065629312301846,0,0.32184340709007964
96,0.47846889952153115,0.07482033381285358,1,0.5532892333343847
97,0.37453183520599254,0.05895916303156956,0,0.4334909982375621
98,0.8333333333333334,0.02169088081143311,0,0.8550242141447665
99,0.5154639175257733,0.03806822827315959,1,0.5535321457989328
100,0.49504950495049505,0.019020996778566834,1,0.5140705017290619
101,0.6944444444444444,0.0040314747875722645,0,0.6984759192320167
102,0.37735849056603776,0.04511159843550394,0,0.4224700890015417
103,0.5555555555555556,0.0032347041228519835,0,0.5587902596784076
104,0.5617977528089888,0.004341213308717395,0,0.5661389661177062
105,0.8474576271186441,0.012128030298391268,1,0.8595856574170354
106,0.6172839506172839,0.06665651844298215,0,0.6839404690602661
107,0.3333333333333333,0.08563717209168709,0,0.4189705054250204
108,0.591715976331361,0.00933833911321258,0,0.6010543154445736
109,0.49504950495049505,0.14110167601318535,1,0.6361511809636804
110,0.5617977528089888,0.04194798989885329,1,0.6037457427078421
111,0.2777777777777778,0.016087922821355516,0,0.2938657005991333
112,0.42016806722689076,0.06539047329194375,0,0.4855585405188345
113,0.3802281368821293,0.14430244169280226,1,0.5245305785749316
114,0.3125,0.08008866446430929,0,0.3925886644643093
115,0.4504504504504504,0.009439238956267193,0,0.4598896894067176
116,0.29411764705882354,0.13953609711579135,0,0.4336537441746149
117,0.8,0.0233973000702955,1,0.8233973000702955
118,0.5813953488372093,0.009251175131016476,0,0.5906465239682258
119,0.5076142131979695,0.06465235730462626,0,0.5722665705025958
120,0.4329004329004329,0.1570233344690175,0,0.5899237673694504
121,0.5,0.13019515368411727,0,0.6301951536841173
122,0.4048582995951417,0.025809385042188826,1,0.4306676846373305
123,0.48309178743961356,0.0699256366029718,0,0.5530174240425854
124,0.4464285714285714,0.05289787445963473,0,0.4993264458882061
125,0.5714285714285714,0.06937476792308239,0,0.6408033393516538
126,0.3333333333333333,0.1538704582863512,1,0.4872037916196845
127,0.4291845493562232,0.05100214136231501,0,0.4801866907185382
128,0.42194092827004215,0.07561045490554413,1,0.4975513831755863
129,0.5681818181818182,0.012275049805755112,0,0.5804568679875733
130,0.45454545454545453,0.09241368440420977,1,0.5469591389496643
131,0.4065040650406504,0.0701168590141456,1,0.476620924054796
132,0.2777777777777778,0.04390284037723696,0,0.32168061815501475
133,0.42372881355932207,0.03134442993264741,1,0.4550732434919695
134,0.49504950495049505,0.028376121842284108,0,0.5234256267927792
135,0.35211267605633806,0.051960929768963826,0,0.4040736058253019
136,0.684931506849315,0.007102761091761889,0,0.6920342679410769
137,0.7246376811594204,0.010075473172227456,1,0.7347131543316479
138,0.3125,0.1059835159139616,0,0.4184835159139616
139,0.2898550724637681,0.04478996727813622,0,0.33464503974190435
140,0.3676470588235294,0.08198793411869104,1,0.4496349929422204
141,0.5714285714285714,0.1808377798492269,0,0.7522663512777983
142,0.5405405405405405,0.030205492416310542,1,0.570746032956851
143,0.47393364928909953,0.03539940142612785,1,0.5093330507152274
144,0.48309178743961356,0.044014510688866415,0,0.52710629812848
145,0.49019607843137253,0.15266622372974897,1,0.6428623021611215
146,0.36101083032490977,0.057460156343869306,0,0.4184709866687791
147,0.5319148936170213,0.04005189445267998,0,0.5719667880697012
148,0.41493775933609955,0.13026650658280525,0,0.5452042659189048
149,0.7352941176470588,0.030960634728932956,0,0.7662547523759917
150,0.5649717514124294,0.1392085604472325,0,0.7041803118596619
151,0.3787878787878788,0.04096907182291243,1,0.4197569506107912
152,0.425531914893617,0.07680491057373368,1,0.5023368254673507
153,0.5405405405405405,0.056199289469112235,1,0.5967398300096527
154,0.4444444444444444,0.06904959022982493,1,0.5134940346742694
155,0.53475935828877,0.010844680932204809,0,0.5456040392209748
156,0.5,0.0862683345556784,1,0.5862683345556784
157,0.5434782608695652,0.04577718116098095,1,0.5892554420305461
158,0.4366812227074236,0.04439276166432782,1,0.4810739843717514
159,0.591715976331361,0.011984133605301928,0,0.6037001099366629
160,0.39370078740157477,0.1281767065528916,1,0.5218774939544664
161,0.29411764705882354,0.004942075362642184,0,0.2990597224214657
162,0.6289308176100629,0.031631945009219176,0,0.660562762619282
163,0.5524861878453039,0.09518087672992503,1,0.6476670645752289
164,0.33222591362126247,0.07365886398934923,1,0.4058847776106117
165,0.45248868778280543,0.010279434018173772,1,0.4627681218009792
166,0.5181347150259068,0.033896458775305116,0,0.5520311738012119
167,0.5405405405405405,0.18092139991444467,1,0.7214619404549851
168,0.5076142131979695,0.060546705240015486,0,0.568160918437985
169,0.6097560975609756,0.01938136719857797,0,0.6291374647595536
170,0.36496350364963503,0.03963006571205019,1,0.4045935693616852
171,0.5434782608695652,0.0744044931498763,1,0.6178827540194415
172,0.4444444444444444,0.07753613309773488,1,0.5219805775421793
173,0.49019607843137253,0.023598427986230297,0,0.5137945064176028
174,0.4366812227074236,0.02039736235518469,0,0.4570785850626083
175,0.4166666666666667,0.0375474711093825,0,0.4542141377760492
176,0.5128205128205129,0.025894351855373032,1,0.5387148646758859
177,0.4385964912280702,0.05642408767836998,1,0.4950205789064402
178,0.5524861878453039,0.05454143695541103,0,0.6070276248007149
179,0.47393364928909953,0.0503645354747958,0,0.5242981847638953
180,0.53475935828877,0.04549700764424669,1,0.5802563659330167
181,0.4504504504504504,0.02734850198921418,1,0.4777989524396646
182,0.3184713375796178,0.1961351122131712,0,0.514606449792789
183,0.3225806451612903,0.13081419578600068,1,0.453394840947291
184,0.4608294930875576,0.0056058223983417865,1,0.4664353154858994
185,0.390625,0.08870533493058619,0,0.4793303349305862
186,0.2631578947368421,0.010432721229055808,0,0.2735906159658979
187,0.5434782608695652,0.23467557367801006,1,0.7781538345475753
188,0.5464480874316939,0.0035047275334136874,1,0.5499528149651076
189,0.3125,0.09511653923247437,0,0.4076165392324744
190,0.4854368932038835,0.026049465612121958,1,0.5114863588160055
191,0.6211180124223602,0.09359650784579032,1,0.7147145202681505
192,0.4464285714285714,0.04367869768441951,0,0.4901072691129909
193,0.33670033670033667,0.11459675406874076,0,0.4512970907690774
194,0.7874015748031495,0.041301155437485915,1,0.8287027302406355
195,0.8620689655172414,0.0013724716151848337,1,0.8634414371324263
196,0.4629629629629629,0.016184280475192492,0,0.4791472434381554
197,0.3717472118959108,0.057197498459989615,0,0.4289447103559004
198,0.3846153846153846,0.03919296626906793,1,0.4238083508844525
199,0.33557046979865773,0.10826277543108803,0,0.44383324522974577
200,0.425531914893617,0.09770693604071196,1,0.523238850934329
201,0.35714285714285715,0.10566299117799294,1,0.4628058483208501
202,0.36363636363636365,0.009495449172358505,0,0.37313181280872215
203,0.5025125628140703,0.03093614227329189,0,0.5334487050873622
204,0.40322580645161293,0.08260169746020257,0,0.4858275039118155
205,0.3205128205128205,0.05612684746892593,0,0.3766396679817464
206,0.5586592178770949,0.06315324650969367,1,0.6218124643867886
207,0.8064516129032259,0.002110605103676999,1,0.8085622180069029
208,0.5050505050505051,0.10540369650929848,1,0.6104542015598036
209,0.5050505050505051,0.11564080969646984,1,0.6206913147469749
210,0.3952569169960475,0.17624695139009428,0,0.5715038683861418
211,0.3205128205128205,0.14426952238329344,0,0.4647823428961139
212,0.5319148936170213,0.011657668022973411,0,0.5435725616399947
213,0.8333333333333334,0.000959666611166754,1,0.8342929999445001
214,0.5586592178770949,0.06304384765831961,0,0.6217030655354145
215,0.8403361344537815,0.01686151775485134,1,0.8571976522086329
216,0.5988023952095809,0.005800620505272636,0,0.6046030157148535
217,0.5181347150259068,0.06796021736208191,0,0.5860949323879887
218,0.33112582781456956,0.18162895359773112,1,0.5127547814123007
219,0.5235602094240838,0.030084914765266868,1,0.5536451241893506
220,0.5988023952095809,0.1316275881190594,1,0.7304299833286403
221,0.5464480874316939,0.055391687789890565,1,0.6018397752215845
222,0.25510204081632654,0.30100259392891565,1,0.5561046347452422
223,0.7042253521126761,0.020232960085245222,0,0.7244583121979213
224,0.4484304932735426,0.24911534527379103,1,0.6975458385473337
225,0.5,0.006428486504861608,1,0.5064284865048616
226,0.4854368932038835,0.046831322899950734,0,0.5322682161038342
227,0.4504504504504504,0.2821070538096693,0,0.7325575042601197
228,0.47846889952153115,0.03161957737831189,1,0.510088476899843
229,0.5464480874316939,0.13641617461828248,1,0.6828642620499764
230,0.38759689922480617,0.06624803167613241,0,0.4538449309009386
231,0.5617977528089888,0.003060266508792986,0,0.5648580193177818
232,0.5235602094240838,0.04744969344655281,1,0.5710099028706366
233,0.42194092827004215,0.20077285635023512,0,0.6227137846202773
234,0.4347826086956522,0.03362872830309499,0,0.4684113369987472
235,0.5076142131979695,0.02487626222669259,1,0.5324904754246621
236,0.3424657534246575,0.08590209700485457,0,0.4283678504295121
237,0.4081632653061224,0.019340356339124398,0,0.4275036216452468
238,0.591715976331361,0.023376542142850787,0,0.6150925184742118
239,0.5617977528089888,0.07485963104044746,0,0.6366573838494363
240,0.4566210045662101,0.018111024884759408,1,0.4747320294509695
241,0.4504504504504504,0.12906457187687748,1,0.5795150223273279
242,0.32573289902280134,0.04747460306297385,0,0.3732075020857752
243,0.5235602094240838,0.039597673918690846,1,0.5631578833427746
244,0.3333333333333333,0.0829543881725256,0,0.4162877215058589
245,0.49504950495049505,0.04190904497650205,0,0.5369585499269971
246,0.5747126436781609,0.0016550916652730008,0,0.5763677353434339
247,0.47619047619047616,0.11466642581029274,0,0.5908569020007689
248,0.32894736842105265,0.07438580452307991,0,0.40333317294413257
249,0.3125,0.0190064171354834,0,0.3315064171354834
250,0.4366812227074236,0.05963680549697431,1,0.4963180282043979
251,0.4672897196261682,0.06903297359448274,0,0.536322693220651
252,0.26881720430107525,0.08377414693943086,0,0.3525913512405061
253,0.4347826086956522,0.008241554898398729,1,0.44302416359405095
254,0.3436426116838488,0.055303502396102655,0,0.39894611407995145
255,0.5319148936170213,0.13472042305022158,0,0.6666353166672428
256,0.32894736842105265,0.09168827611499203,0,0.4206356445360447
257,0.2857142857142857,0.04299987421137169,1,0.3287141599256574
258,0.4310344827586207,0.004049818935573601,0,0.4350843016941943
259,0.4444444444444444,0.08638866137060541,0,0.5308331058150498
260,0.3663003663003663,0.05075292549777821,1,0.4170532917981445
261,0.3105590062111801,0.07054633146192157,0,0.3811053376731017
262,0.3846153846153846,0.13388437077260895,0,0.5184997553879935
263,0.33783783783783783,0.05497800636262745,0,0.3928158442004653
264,0.37735849056603776,0.1306053393613945,1,0.5079638299274323
265,0.32894736842105265,0.13216209086112973,0,0.4611094592821824
266,0.49019607843137253,0.08085287416175119,1,0.5710489525931237
267,0.41493775933609955,0.046675701972102246,1,0.4616134613082018
268,0.5494505494505494,0.006204999336038908,1,0.5556555487865883
269,0.5181347150259068,0.051270372324271896,0,0.5694050873501787
270,0.3058103975535168,0.11224136344981789,1,0.4180517610033347
271,0.29239766081871343,0.08218455784087803,0,0.37458221865959146
272,0.3496503496503497,0.14822740461345468,1,0.4978777542638044
273,0.5847953216374269,0.07290990858157786,1,0.6577052302190047
274,0.341296928327645,0.06563895660434516,1,0.4069358849319902
275,0.3472222222222222,0.08193449894503874,0,0.42915672116726095
276,0.2557544757033248,0.12689130096383155,1,0.3826457766671564
277,0.4807692307692307,0.012038385651433281,0,0.492807616420664
278,0.47393364928909953,0.14447763909249123,0,0.6184112883815908
279,0.24096385542168672,0.055609001718548906,1,0.2965728571402356
280,0.07407407407407407,0.016199991941644204,0,0.09027406601571827
281,0.2617801047120419,0.05793254494524236,0,0.31971264965728424
282,0.4048582995951417,0.10592563943282435,0,0.510783939027966
283,0.32679738562091504,0.10170686615060603,1,0.42850425177152107
284,0.2857142857142857,0.12130260356517486,0,0.40701688927946056
285,0.44052863436123346,0.12864229298558127,0,0.5691709273468147
286,0.2857142857142857,0.27754058754306865,0,0.5632548732573543
287,0.4273504273504274,0.06108453127520658,1,0.48843495862563396
288,0.3921568627450981,0.06474362496145258,0,0.4569004877065507
289,0.5,0.03975159109977178,0,0.5397515910997718
290,0.2808988764044944,0.07218600468406727,1,0.3530848810885617
291,0.36496350364963503,0.10630825322007148,0,0.4712717568697065
292,0.3802281368821293,0.003339495630573619,0,0.3835676325127029
293,0.37735849056603776,0.08027946328263885,0,0.4576379538486766
294,0.47846889952153115,0.02167617181524395,0,0.5001450713367751
295,0.3802281368821293,0.0401576379744048,1,0.4203857748565341
296,0.2247191011235955,0.01870507456438064,0,0.24342417568797614
297,0.2898550724637681,0.06538523712065675,1,0.3552403095844249
298,0.4464285714285714,0.07885554832922881,0,0.5252841197578002
299,0.42372881355932207,0.10211481440011144,1,0.5258436279594335
300,0.33783783783783783,0.15949521231744285,0,0.4973330501552807
301,0.2188183807439825,0.0430703988241172,0,0.2618887795680997
302,0.2898550724637681,0.218335888576986,0,0.5081909610407541
303,0.4166666666666667,0.08265807369424433,0,0.499324740360911
304,0.4132231404958678,0.1339450588610535,0,0.5471681993569213
305,0.3546099290780142,0.09418429936171008,1,0.4487942284397243
306,0.4694835680751174,0.05331674664813435,1,0.5228003147232517
307,0.4366812227074236,0.01876441342322921,0,0.4554456361306528
308,0.273972602739726,0.05270766759432616,0,0.32668027033405217
309,0.5076142131979695,0.18898298981172856,0,0.6965972030096981
310,0.2840909090909091,0.1232946226267378,0,0.4073855317176469
311,0.3496503496503497,0.175504454448692,0,0.5251548040990417
312,0.3787878787878788,0.023462567254857847,0,0.40225044604273663
313,0.30303030303030304,0.13060438162947857,0,0.4336346846597816
314,0.49019607843137253,0.09363521854183371,0,0.5838312969732062
315,0.425531914893617,0.020204112562611454,0,0.4457360274562285
316,0.5208333333333334,0.006784495935307611,1,0.527617829268641
317,0.2857142857142857,0.23568655169095487,0,0.5214008374052406
318,0.5464480874316939,0.05429286583782844,0,0.6007409532695224
319,0.29069767441860467,0.1287642721696604,0,0.4194619465882651
320,0.390625,0.1755873121390622,0,0.5662123121390622
321,0.26525198938992045,0.12109352159440873,1,0.3863455109843292
322,0.38167938931297707,0.19979546725881414,1,0.5814748565717912
323,0.273972602739726,0.17261976257760014,0,0.44659236531732616
324,0.38910505836575876,0.13088424446299923,1,0.519989302828758
325,0.3831417624521073,0.016961848215268693,0,0.400103610667376
326,0.49504950495049505,0.09789676245169121,0,0.5929462674021863
327,0.4807692307692307,0.03065055152680407,0,0.5114197822960348
328,0.4385964912280702,0.07125324737720962,0,0.5098497386052798
329,0.5235602094240838,0.12326855032973016,1,0.6468287597538139
330,0.4587155963302752,0.01084195004364269,0,0.4695575463739179
331,0.3968253968253968,0.16935162777416185,0,0.5661770245995587
332,0.4444444444444444,0.1414846646230925,1,0.5859291090675369
333,0.3496503496503497,0.15265936309435302,0,0.5023097127447027
334,0.37735849056603776,0.04111449013082019,0,0.41847298069685795
335,0.5,0.05568122021680777,1,0.5556812202168078
336,0.5128205128205129,0.10541525996407375,0,0.6182357727845866
337,0.4926108374384237,0.04612900657504282,1,0.5387398440134665
338,0.2617801047120419,0.19547182617415432,0,0.4572519308861962
339,0.4926108374384237,0.08882725976457528,0,0.581438097202999
340,0.3401360544217687,0.06854145768788722,1,0.4086775121096559
341,0.5208333333333334,0.09874941671562698,1,0.6195827500489604
342,0.5405405405405405,0.04705844910577506,0,0.5875989896463155
343,0.5235602094240838,0.052449770454663924,1,0.5760099798787477
344,0.5464480874316939,0.012592031216600574,1,0.5590401186482945
345,0.425531914893617,0.08157462174310598,1,0.507106536636723
346,0.42016806722689076,0.008094150077405382,0,0.42826221730429614
347,0.37037037037037035,0.19127629653463019,1,0.5616466669050005
348,0.26666666666666666,0.009863509212508115,1,0.2765301758791748
349,0.24096385542168672,0.02284665205494188,0,0.2638105074766286
350,0.37735849056603776,0.09335427707781385,0,0.4707127676438516
351,0.5376344086021505,0.07130779816539534,0,0.6089422067675458
352,0.4807692307692307,0.05694578054523303,0,0.5377150113144638
353,0.3717472118959108,0.15472640416842737,0,0.5264736160643382
354,0.4484304932735426,0.07191477546744446,1,0.5203452687409871
355,0.3472222222222222,0.05954061326426019,1,0.4067628354864824
356,0.5102040816326531,0.039074864001672704,1,0.5492789456343258
357,0.37593984962406013,0.011648128149267634,0,0.38758797777332776
358,0.5208333333333334,0.15202207880850416,0,0.6728554121418375
359,0.2590673575129534,0.0989400792921083,0,0.3580074368050617
360,0.3278688524590164,0.0675086237347331,0,0.3953774761937495
361,0.3472222222222222,0.08936409353230845,0,0.43658631575453066
362,0.5405405405405405,0.0548596542184846,0,0.5954001947590251
363,0.31347962382445144,0.0969133196183476,0,0.41039294344279903
364,0.5076142131979695,0.11598200055450836,0,0.6235962137524779
365,0.2557544757033248,0.1829083812317961,1,0.4386628569351209
366,0.3597122302158274,0.1285276194205156,1,0.488239849636343
367,0.5208333333333334,0.014128271453955898,1,0.5349616047872893
368,0.3597122302158274,0.08736614753657601,1,0.4470783777524034
369,0.5555555555555556,0.06931797064856104,0,0.6248735262041166
370,0.2898550724637681,0.1149112517774093,0,0.4047663242411774
371,0.35335689045936397,0.11000825723085234,0,0.4633651476902163
372,0.38759689922480617,0.11917410940494627,0,0.5067710086297524
373,0.684931506849315,0.06472245907819507,1,0.7496539659275101
374,0.4016064257028112,0.08953997112763212,0,0.4911463968304433
375,0.5,0.06448020639001972,1,0.5644802063900197
376,0.3831417624521073,0.11892600479207749,0,0.5020677672441848
377,0.5235602094240838,0.08122744858837916,1,0.6047876580124629
378,0.5681818181818182,0.1829781776826841,0,0.7511599958645023
379,0.3164556962025316,0.06326990130793869,1,0.3797255975104703
380,0.49504950495049505,0.0533326266848948,1,0.5483821316353898
381,0.53475935828877,0.042548488434709375,1,0.5773078467234793
382,0.2824858757062147,0.024876000027086675,0,0.30736187573330137
383,0.5181347150259068,0.009327625108034088,0,0.5274623401339409
384,0.27322404371584696,0.016573681367578863,1,0.28979772508342583
385,0.5847953216374269,0.102885169213077,1,0.6876804908505039
386,0.4926108374384237,0.06287588157197987,1,0.5554867190104036
387,0.26666666666666666,0.25866533667486974,1,0.5253320033415364
388,0.5319148936170213,0.10454420700130529,1,0.6364591006183266
389,0.5617977528089888,0.045973371642625604,1,0.6077711244516144
390,0.2631578947368421,0.13228100838053902,0,0.3954389031173811
391,0.3236245954692557,0.060821223600033,0,0.3844458190692887
392,0.5128205128205129,0.009590013478914194,1,0.5224105262994271
393,0.3968253968253968,0.060033858982245,0,0.4568592558076418
394,0.3105590062111801,0.0693664366896724,0,0.3799254429008525
395,0.35211267605633806,0.045706713089869844,0,0.3978193891462079
396,0.44052863436123346,0.07455385684696236,1,0.5150824912081958
397,0.2840909090909091,0.017350753464263236,0,0.30144166255517235
398,0.3424657534246575,0.05004942934495127,0,0.3925151827696088
399,0.5128205128205129,0.04697486058368383,0,0.5597953734041967
400,0.4273504273504274,0.10667334911869852,1,0.5340237764691259
401,0.5154639175257733,0.07750487513140292,1,0.5929687926571762
402,0.4081632653061224,0.14215877066169652,0,0.5503220359678189
403,0.5405405405405405,0.006275541261976825,1,0.5468160818025173
404,0.591715976331361,0.09949377250600244,0,0.6912097488373634
405,0.27932960893854747,0.08104912215992643,1,0.3603787310984739
406,0.5405405405405405,0.1748068311710288,1,0.7153473717115693
407,0.30864197530864196,0.10393827213708096,1,0.4125802474457229
408,0.2717391304347826,0.0537910990010404,0,0.325530229435823
409,0.42016806722689076,0.17367363891347737,0,0.5938417061403681
410,0.4566210045662101,0.11557483456748291,0,0.572195839133693
411,0.46511627906976744,0.028440940110252777,1,0.4935572191800202
412,0.5434782608695652,0.05271663695294848,0,0.5961948978225137
413,0.4807692307692307,0.100812139983386,0,0.5815813707526167
414,0.2898550724637681,0.026392087610107084,0,0.3162471600738752
415,0.4,0.02372346814345966,0,0.4237234681434597
416,0.3076923076923077,0.1212496609576244,0,0.4289419686499321
417,0.3125,0.11458928294735199,1,0.427089282947352
418,0.48780487804878053,0.09916583239325366,1,0.5869707104420342
419,0.47619047619047616,0.07808738863450881,0,0.554277864824985
420,0.36363636363636365,0.07664150206242704,1,0.4402778656987907
421,0.23529411764705882,0.013683764140179966,0,0.2489778817872388
422,0.2645502645502646,0.06331303228204566,0,0.32786329683231025
423,0.2898550724637681,0.11732798908050485,0,0.407183061544273
424,0.3731343283582089,0.040735074785396286,0,0.4138694031436052
425,0.5025125628140703,0.03155394976063053,1,0.5340665125747008
426,0.4366812227074236,0.027398991254112104,1,0.4640802139615357
427,0.4,0.1543154959101649,0,0.5543154959101649
428,0.5235602094240838,0.050425342645981086,0,0.5739855520700649
429,0.4081632653061224,0.16795025503889732,1,0.5761135203450197
430,0.4048582995951417,0.014922000811994685,1,0.4197803004071364
431,0.47619047619047616,0.003319360467463617,1,0.4795098366579398
432,0.3076923076923077,0.08269767698127206,0,0.39038998467357977
433,0.3921568627450981,0.03299528508036842,0,0.4251521478254665
434,0.4444444444444444,0.09041814569253448,1,0.5348625901369789
435,0.42372881355932207,0.08042264368436697,0,0.504151457243689
436,0.5025125628140703,0.03590128187059971,1,0.53841384468467
437,0.4444444444444444,0.06529529460202221,0,0.5097397390464666
438,0.42372881355932207,0.08489732851730641,0,0.5086261420766285
439,0.2840909090909091,0.07051239514286795,1,0.35460330423377706
440,0.3663003663003663,0.0006655587008287389,0,0.366965925001195
441,0.2631578947368421,0.14985251862215443,0,0.4130104133589965
442,0.4291845493562232,0.08463555090105768,1,0.5138201002572809
443,0.4329004329004329,0.020250197180583518,0,0.4531506300810164
444,0.4444444444444444,0.018169970554500203,1,0.4626144149989446
445,0.27932960893854747,0.015358903673266255,0,0.2946885126118137
446,0.4504504504504504,0.059813728397243526,1,0.5102641788476939
447,0.4504504504504504,0.04185024354851291,0,0.4923006939989633
448,0.4273504273504274,0.08322698198016332,0,0.5105774093305907
449,0.5128205128205129,0.07682606237077083,0,0.5896465751912837
450,0.4132231404958678,0.1769878400746851,1,0.5902109805705529
451,0.35842293906810035,0.008882705174588279,0,0.36730564424268863
452,0.2824858757062147,0.17867418093283022,0,0.4611600566390449
453,0.26666666666666666,0.004900780704744534,1,0.2715674473714112
454,0.4081632653061224,0.10974008494894177,0,0.5179033502550642
455,0.3546099290780142,0.045791397896197794,0,0.400401326974212
456,0.42194092827004215,0.11359605473290757,1,0.5355369830029497
457,0.1923076923076923,0.0031149059312857996,1,0.1954225982389781
458,0.3663003663003663,0.06806937078920233,0,0.4343697370895686
459,0.267379679144385,0.11254854464902853,0,0.3799282237934135
460,0.27932960893854747,0.1174024270908895,0,0.39673203602943696
461,0.22026431718061673,0.07508260135653977,0,0.2953469185371565
462,0.5235602094240838,0.08079375251919374,1,0.6043539619432775
463,0.2958579881656805,0.12679445430284214,1,0.4226524424685226
464,0.6369426751592356,0.002892827627037131,1,0.6398355027862728
465,0.45248868778280543,0.030875918189277485,1,0.4833646059720829
466,0.267379679144385,0.03152394138134046,0,0.29890362052572544
467,0.3194888178913738,0.0172065746595631,0,0.3366953925509369
468,0.2590673575129534,0.09716612172273498,0,0.3562334792356884
469,0.3048780487804878,0.10856749456792442,0,0.4134455433484122
470,0.5,0.10893393133438523,0,0.6089339313343852
471,0.4807692307692307,0.0718205233614091,1,0.5525897541306398
472,0.2717391304347826,0.004263207444255679,0,0.2760023378790383
473,0.20242914979757085,0.025013058699948215,0,0.22744220849751906
474,0.2066115702479339,0.13206235337784042,0,0.3386739236257743
475,0.48780487804878053,0.18515149936402991,1,0.6729563774128104
476,0.2066115702479339,0.2522244057894085,0,0.4588359760373424
477,0.25380710659898476,0.12982850772998816,0,0.3836356143289729
478,0.4716981132075471,0.015681808255074703,1,0.4873799214626218
479,0.4,0.006859844955072525,0,0.40685984495507255
480,0.3105590062111801,0.02527384831011581,0,0.3358328545212959
481,0.47393364928909953,0.08773241396595655,0,0.5616660632550561
482,0.390625,0.15833920990158445,0,0.5489642099015845
483,0.3076923076923077,0.16602407120457197,1,0.4737163788968797
484,0.2604166666666667,0.016752939974605086,0,0.27716960664127177
485,0.31347962382445144,0.05936300729499544,0,0.3728426311194469
486,0.4587155963302752,0.05637959109411944,0,0.5150951874243946
487,0.47393364928909953,0.15906874804455529,0,0.6330023973336548
488,0.41493775933609955,0.1273861206468313,1,0.5423238799829309
489,0.4807692307692307,0.062093986018601055,0,0.5428632167878318
490,0.53475935828877,0.16160266366040854,1,0.6963620219491785
491,0.44052863436123346,0.07193285186552667,1,0.5124614862267601
492,0.2604166666666667,0.029002103030600912,1,0.2894187696972676
493,0.2577319587628866,0.010358778123494616,0,0.26809073688638124
494,0.5154639175257733,0.13727438647878043,1,0.6527383040045537
495,0.5208333333333334,0.033887058120767644,0,0.554720391454101
496,0.41493775933609955,0.07479981547637504,0,0.4897375748124746
497,0.3225806451612903,0.19677468617029342,1,0.5193553313315837
498,0.3717472118959108,0.1004778132499124,1,0.4722250251458232
499,0.5681818181818182,0.03212813414138027,0,0.6003099523231985
500,0.4347826086956522,0.08340808832877245,1,0.5181906970244247
501,0.3676470588235294,0.05856950619297929,1,0.4262165650165087
502,0.4464285714285714,0.0731064085048917,0,0.5195349799334631
503,0.4291845493562232,0.13922083443622357,0,0.5684053837924468
504,0.22026431718061673,0.023440774348763183,1,0.2437050915293799
505,0.3401360544217687,0.1728617487732959,0,0.5129978031950646
506,0.37453183520599254,0.06710416007331726,0,0.4416359952793098
507,0.39840637450199207,0.13412892813648275,0,0.5325353026384748
508,0.42372881355932207,0.015499628511655206,0,0.4392284420709773
509,0.5235602094240838,0.11257822595326628,1,0.63613843537735
510,0.4926108374384237,0.16463524538904806,1,0.6572460828274718
511,0.4132231404958678,0.109127129851114,0,0.5223502703469818
512,0.4065040650406504,0.1384534507766746,0,0.544957515817325
513,0.4716981132075471,0.06751644377481342,0,0.5392145569823605
514,0.45248868778280543,0.21396476547954507,0,0.6664534532623505
515,0.47619047619047616,0.0948097628330632,0,0.5710002390235394
516,0.28328611898017,0.010033063484254257,0,0.29331918246442423
517,0.49019607843137253,0.030556020072654955,0,0.5207520985040275
518,0.4672897196261682,0.027113454796057257,0,0.4944031744222255
519,0.42372881355932207,0.24846662534850078,1,0.6721954389078229
520,0.5,0.06937658319786011,1,0.5693765831978601
521,0.4366812227074236,0.1308732003986811,1,0.5675544231061047
522,0.47619047619047616,0.10946708293049723,0,0.5856575591209734
523,0.45454545454545453,0.18415955227428976,0,0.6387050068197443
524,0.4807692307692307,0.0492807843357389,0,0.5300500151049696
525,0.41841004184100417,0.20309849152981685,1,0.621508533370821
526,0.3968253968253968,0.01664916404841027,0,0.4134745608738071
527,0.44052863436123346,0.0937950453706079,0,0.5343236797318414
528,0.33112582781456956,0.02423412908358802,1,0.3553599568981576
529,0.38759689922480617,0.15216357131837016,0,0.5397604705431763
530,0.35587188612099646,0.04329748539892425,0,0.3991693715199207
531,0.4629629629629629,0.15738401259206214,1,0.620346975555025
532,0.30120481927710846,0.0013112183605654137,1,0.3025160376376739
533,0.47619047619047616,0.048155887074638914,1,0.5243463632651151
534,0.4716981132075471,0.06499141707390937,0,0.5366895302814565
535,0.4291845493562232,0.05593825769418004,1,0.4851228070504032
536,0.42016806722689076,0.06409577310307846,0,0.4842638403299692
537,0.3731343283582089,0.007682701376356571,1,0.3808170297345655
538,0.27624309392265195,0.01009832489131568,0,0.28634141881396763
539,0.4366812227074236,0.046491943417277914,0,0.4831731661247015
540,0.2777777777777778,0.06641785208960543,0,0.3441956298673832
541,0.35587188612099646,0.1631915701157453,0,0.5190634562367418
542,0.35587188612099646,0.10230594725069575,0,0.4581778333716922
543,0.4854368932038835,0.03614964198880177,1,0.5215865351926853
544,0.5405405405405405,0.00965009431756203,1,0.5501906348581025
545,0.5128205128205129,0.1027928950425483,1,0.6156134078630612
546,0.5208333333333334,0.09847432320970984,1,0.6193076565430432
547,0.5714285714285714,0.012400333832397581,1,0.583828905260969
548,0.4672897196261682,0.026890075401168168,0,0.4941797950273364
549,0.4291845493562232,0.01217281766055639,1,0.4413573670167796
550,0.53475935828877,0.019980067496992104,0,0.5547394257857621
551,0.49504950495049505,0.09751627771071059,1,0.5925657826612056
552,0.5319148936170213,0.036864462513233165,1,0.5687793561302544
553,0.24154589371980678,0.25964341187314527,0,0.501189305592952
554,0.48780487804878053,0.044126091825525016,1,0.5319309698743055
555,0.3436426116838488,0.06327868050982788,1,0.4069212921936767
556,0.45248868778280543,0.08781441382160665,0,0.5403031016044121
557,0.5,0.007988620186064721,0,0.5079886201860647
558,0.4608294930875576,0.09940805700406352,0,0.5602375500916211
559,0.5319148936170213,0.012914597347290724,1,0.544829490964312
560,0.3508771929824561,0.03866781557861576,0,0.3895450085610719
561,0.49504950495049505,0.006036397911225899,0,0.5010859028617209
562,0.31446540880503143,0.08974981252374958,1,0.404215221328781
563,0.37037037037037035,0.016998127680645847,0,0.3873684980510162
564,0.4366812227074236,0.08890412085354515,1,0.5255853435609688
565,0.29940119760479045,0.10295438508887145,0,0.4023555826936619
566,0.2840909090909091,0.15301644506306206,0,0.4371073541539712
567,0.2840909090909091,0.05878040148165731,1,0.3428713105725664
568,0.5102040816326531,0.072480165929653,1,0.5826842475623061
569,0.4048582995951417,0.08308821195779642,0,0.4879465115529381
570,0.30864197530864196,0.02425959336846717,1,0.3329015686771091
571,0.31545741324921134,0.24056910359537215,1,0.5560265168445835
572,0.4587155963302752,0.10530668585533037,0,0.5640222821856056
573,0.5263157894736842,0.09308633286280199,1,0.6194021223364862
574,0.2958579881656805,0.038133846067092414,1,0.3339918342327729
575,0.5208333333333334,0.020733101131269582,0,0.541566434464603
576,0.5208333333333334,0.026049432743207035,0,0.5468827660765404
577,0.5464480874316939,0.013088147926505811,0,0.5595362353581997
578,0.5263157894736842,0.10346327532450661,0,0.6297790647981908
579,0.27932960893854747,0.054662640654334904,0,0.3339922495928824
580,0.25510204081632654,0.016084690704672278,0,0.2711867315209988
581,0.4366812227074236,0.04790997965343341,1,0.484591202360857
582,0.39840637450199207,0.012777935228004356,0,0.4111843097299964
583,0.5291005291005292,0.013855063991100591,1,0.5429555930916298
584,0.3246753246753247,0.0055377232623749495,1,0.3302130479376996
585,0.39370078740157477,0.012466830306895549,0,0.4061676177084703
586,0.2127659574468085,0.021558674433199226,0,0.23432463188000774
587,0.27932960893854747,0.174826978197531,0,0.4541565871360785
588,0.5,0.06007973795306776,1,0.5600797379530678
589,0.4629629629629629,0.04694353560763398,1,0.5099064985705969
590,0.5405405405405405,0.16486400091455866,1,0.7054045414550991
591,0.4807692307692307,0.01196206784644449,1,0.4927312986156752
592,0.45248868778280543,0.10617160059782621,0,0.5586602883806316
593,0.44052863436123346,0.015267004798248551,0,0.455795639159482
594,0.4081632653061224,0.015100409321248676,0,0.4232636746273711
595,0.49751243781094534,0.12715071574722658,0,0.6246631535581719
596,0.4608294930875576,0.08100845098148746,1,0.5418379440690451
597,0.5524861878453039,0.1344829485739225,1,0.6869691364192264
598,0.4854368932038835,0.18323010929380823,1,0.6686670024976917
599,0.303951367781155,0.07684706777443351,0,0.3807984355555885
600,0.49019607843137253,0.022506173629247395,1,0.5127022520606199
601,0.5128205128205129,0.08870782418922263,0,0.6015283370097355
602,0.3676470588235294,0.010868508374105135,0,0.3785155671976345
603,0.4444444444444444,0.0396782060892622,1,0.4841226505337066
604,0.5649717514124294,0.018937550387000734,0,0.5839093017994301
605,0.4484304932735426,0.030683867349518,1,0.4791143606230606
606,0.33112582781456956,0.06994006535891872,0,0.4010658931734883
607,0.5464480874316939,0.0023641092861600432,1,0.548812196717854
608,0.29411764705882354,0.16750617678553814,0,0.4616238238443617
609,0.4672897196261682,0.08474966635419173,0,0.55203938598036
610,0.3496503496503497,0.00028584883324689336,1,0.3499361984835966
611,0.45248868778280543,0.03325595957702365,1,0.4857446473598291
612,0.4048582995951417,0.027629628023976616,1,0.4324879276191183
613,0.29069767441860467,0.23119020752247038,0,0.521887881941075
614,0.49504950495049505,0.02890354443166543,1,0.5239530493821605
615,0.3194888178913738,0.03092650911423539,0,0.3504153270056092
616,0.48780487804878053,0.05804009726447884,1,0.5458449753132594
617,0.5405405405405405,0.009031367973862614,0,0.5495719085144031
618,0.5,0.013087987376527388,0,0.5130879873765274
619,0.4081632653061224,0.02882907142770902,0,0.4369923367338314
620,0.2,0.015689573931046086,1,0.2156895739310461
621,0.3676470588235294,0.008620162786134755,0,0.37626722160966414
622,0.684931506849315,0.005091740384557286,1,0.6900232472338723
623,0.5181347150259068,0.20509584904262013,0,0.7232305640685269
624,0.5050505050505051,0.028192615628771622,1,0.5332431206792767
625,0.5524861878453039,0.005423631011671648,0,0.5579098188569755
626,0.3787878787878788,0.085312304205793,1,0.4641001829936718
627,0.4081632653061224,0.1330829275278929,1,0.5412461928340153
628,0.4854368932038835,0.06490525910058698,1,0.5503421523044705
629,0.3333333333333333,0.05640805884312777,0,0.3897413921764611
630,0.4629629629629629,0.12559413789246032,1,0.5885571008554232
631,0.5,0.04360152088584268,0,0.5436015208858427
632,0.4608294930875576,0.1258217898033469,0,0.5866512828909045
633,0.4291845493562232,0.016108211372169223,1,0.4452927607283924
634,0.3076923076923077,0.23607929428380026,0,0.543771601976108
635,0.42016806722689076,0.007574822974412365,1,0.4277428902013031
636,0.5102040816326531,0.04354260284812084,0,0.5537466844807739
637,0.3921568627450981,0.034797338796117294,0,0.4269542015412154
638,0.5405405405405405,0.0535489078482001,0,0.5940894483887406
639,0.4854368932038835,0.23075573069457722,1,0.7161926238984607
640,0.22727272727272727,0.07696733024707023,0,0.3042400575197975
641,0.4504504504504504,0.024575406957589807,0,0.4750258574080402
642,0.3194888178913738,0.007264374157013087,0,0.3267531920483869
643,0.5405405405405405,0.03105597379163072,0,0.5715965143321712
644,0.4608294930875576,0.05695416387401553,0,0.5177836569615731
645,0.36496350364963503,0.02560034776933151,0,0.39056385141896655
646,0.42372881355932207,0.1080947484428812,0,0.5318235620022033
647,0.4081632653061224,0.0818350299420984,0,0.4899982952482208
648,0.5319148936170213,0.023130805673232446,1,0.5550456992902537
649,0.4807692307692307,0.03001755956915997,1,0.5107867903383907
650,0.4672897196261682,0.20904894721331385,1,0.6763386668394821
651,0.31347962382445144,0.10068112847135796,0,0.4141607522958094
652,0.4587155963302752,0.17194605410595204,1,0.6306616504362272
653,0.37453183520599254,0.12387538441788759,0,0.4984072196238801
654,0.3861003861003861,0.14395420251480417,0,0.5300545886151903
655,0.2638522427440633,0.13071439052357064,0,0.39456663326763397
656,0.625,0.015503648958174465,1,0.6405036489581745
657,0.2808988764044944,0.031400746454057604,0,0.312299622858552
658,0.33670033670033667,0.08009256259603664,0,0.4167928992963733
659,0.5050505050505051,0.022124661382905364,1,0.5271751664334104
660,0.4166666666666667,0.024711625519834413,1,0.4413782921865011
661,0.3184713375796178,0.06046590949822689,0,0.3789372470778447
662,0.3460207612456747,0.003233434980241312,1,0.349254196225916
663,0.30864197530864196,0.07069963945542701,0,0.37934161476406897
664,0.5376344086021505,0.17332815840153126,1,0.7109625670036818
665,0.29411764705882354,0.09737917441268679,0,0.3914968214715103
666,0.4566210045662101,0.046507564658952394,0,0.5031285692251625
667,0.5405405405405405,0.045415246974625734,0,0.5859557875151662
668,0.2824858757062147,0.05854201718530316,0,0.34102789289151786
669,0.33783783783783783,0.11339112826261138,0,0.4512289661004492
670,0.3333333333333333,0.01857414584961431,0,0.3519074791829476
671,0.2824858757062147,0.007687289486871307,1,0.290173165193086
672,0.42016806722689076,0.03178091993907384,1,0.4519489871659646
673,0.5154639175257733,0.05106639705707783,0,0.5665303145828511
674,0.4716981132075471,0.011838658572016603,0,0.4835367717795637
675,0.4716981132075471,0.032336958595201526,0,0.5040350718027486
676,0.5714285714285714,0.012402331750871798,0,0.5838309031794432
677,0.3472222222222222,0.019849114236503262,0,0.3670713364587255
678,0.4016064257028112,0.014477461462843622,0,0.4160838871656548
679,0.5464480874316939,0.0375286928278461,1,0.58397678025954
680,0.4566210045662101,0.029951502577331035,1,0.4865725071435411
681,0.5617977528089888,0.002135479476254698,0,0.5639332322852435
682,0.4273504273504274,0.03627130530371714,1,0.4636217326541445
683,0.3194888178913738,0.1260070095553742,1,0.445495827446748
684,0.5128205128205129,0.04184451481811613,1,0.554665027638629
685,0.3731343283582089,0.3028047501639891,0,0.675939078522198
686,0.4444444444444444,0.01120792213670846,0,0.4556523665811529
687,0.4694835680751174,0.05944151422118471,1,0.5289250822963021
688,0.2570694087403599,0.07738492418736842,0,0.3344543329277283
689,0.3952569169960475,0.036576705240521035,0,0.4318336222365685
690,0.3831417624521073,0.03563534674181401,1,0.4187771091939213
691,0.36496350364963503,0.06788558391079352,0,0.43284908756042856
692,0.4629629629629629,0.019162564050869968,1,0.4821255270138329
693,0.3215434083601286,0.07065493080392415,0,0.3921983391640528
694,0.4672897196261682,0.10158218748699505,0,0.5688719071131633
695,0.20876826722338204,0.04309162290701174,0,0.2518598901303938
696,0.32679738562091504,0.05392149125640289,0,0.3807188768773179
697,0.28735632183908044,0.12237116895563954,1,0.40972749079472
698,0.4672897196261682,0.14830965869842033,0,0.6155993783245886
699,0.2347417840375587,0.024613720331909728,0,0.2593555043694684
700,0.23255813953488372,0.09033752036784701,0,0.3228956599027307
701,0.3333333333333333,0.023916213088603533,0,0.35724954642193685
702,0.17761989342806395,0.0039117159393685375,1,0.18153160936743248
703,0.5494505494505494,0.09180398631750308,1,0.6412545357680525
704,0.33783783783783783,0.07023472037584189,1,0.4080725582136797
705,0.5464480874316939,0.14038391681564855,1,0.6868320042473425
706,0.37593984962406013,0.026533272351834947,1,0.4024731219758951
707,0.26881720430107525,0.033736805295850825,1,0.3025540095969261
708,0.5076142131979695,0.01937870019689336,0,0.5269929133948629
709,0.38167938931297707,0.16993558803190156,0,0.5516149773448786
710,0.4629629629629629,0.006210333706396287,0,0.4691732966693592
711,0.49019607843137253,0.2550391267283815,0,0.745235205159754
712,0.30864197530864196,0.042826407862369686,0,0.35146838317101164
713,0.3164556962025316,0.012351944047093444,0,0.32880764024962505
714,0.2785515320334262,0.017476700733278727,1,0.2960282327667049
715,0.25380710659898476,0.07997211019450029,1,0.33377921679348505
716,0.3968253968253968,0.15072314466847886,0,0.5475485414938757
717,0.30120481927710846,0.023194382911709888,0,0.32439920218881835
718,0.5405405405405405,0.029117866359511524,1,0.569658406900052
719,0.35211267605633806,0.06822363432210926,0,0.4203363103784473
720,0.341296928327645,0.12760486219352157,1,0.4689017905211666
721,0.2824858757062147,0.0747172987112138,1,0.3572031744174285
722,0.47619047619047616,0.06976808060754836,0,0.5459585567980245
723,0.44052863436123346,0.05119217427064365,1,0.4917208086318771
724,0.2824858757062147,0.15956386653572613,1,0.4420497422419408
725,0.3448275862068966,0.028209142085186933,1,0.3730367282920835
726,0.4166666666666667,0.07913728624651334,0,0.49580395291318
727,0.4587155963302752,0.0007516941961281942,0,0.4594672905264034
728,0.3597122302158274,0.024625475438047717,0,0.3843377056538751
729,0.35335689045936397,0.016964857692312985,0,0.37032174815167695
730,0.5617977528089888,0.03346690908468519,1,0.595264661893674
731,0.5076142131979695,0.09555482793922543,0,0.6031690411371949
732,0.29850746268656714,0.023481439914473767,1,0.3219889026010409
733,0.3508771929824561,0.22450141337023877,0,0.5753786063526949
734,0.3952569169960475,0.06157463576188971,1,0.4568315527579372
735,0.5181347150259068,0.12410375574770205,0,0.6422384707736088
736,0.4608294930875576,0.014092762126279912,0,0.4749222552138375
737,0.3003003003003003,0.09364677392980547,0,0.3939470742301058
738,0.24449877750611249,0.03806925890477553,1,0.282568036410888
739,0.4098360655737705,0.15817463133787313,0,0.5680106969116436
740,0.4716981132075471,0.25419479931861505,1,0.7258929125261622
741,0.5681818181818182,0.09976210045205225,1,0.6679439186338705
742,0.3436426116838488,0.1233231992722793,0,0.4669658109561281
743,0.33444816053511706,0.4059377645953254,0,0.7403859251304424
744,0.27548209366391185,0.14089397737571974,0,0.4163760710396316
745,0.48309178743961356,0.014013736611980132,0,0.4971055240515937
746,0.45248868778280543,0.0589725050188355,1,0.5114611928016409
747,0.3623188405797102,0.03876180446674149,0,0.4010806450464517
748,0.4065040650406504,0.09498830686092885,0,0.5014923719015792
749,0.29325513196480935,0.09448199160542803,0,0.3877371235702374
750,0.4098360655737705,0.026863891222054403,0,0.4366999567958249
751,0.5319148936170213,0.21478889092080078,0,0.746703784537822
752,0.4444444444444444,0.11313193929712717,1,0.5575763837415716
753,0.3205128205128205,0.07292655994821684,0,0.3934393804610373
754,0.5076142131979695,0.09564022287928164,0,0.6032544360772512
755,0.5291005291005292,0.06348559196184989,1,0.5925861210623791
756,0.4329004329004329,0.10493568101206607,0,0.537836113912499
757,0.36496350364963503,0.24060899202548902,1,0.6055724956751241
758,0.49504950495049505,0.003972724050510079,0,0.4990222290010051
759,0.5681818181818182,0.12391731338100587,1,0.6920991315628241
760,0.5,0.1902114937904873,1,0.6902114937904873
761,0.3952569169960475,0.013768252590163177,1,0.40902516958621066
762,0.3861003861003861,0.14428811702555455,0,0.5303885031259407
763,0.4366812227074236,0.06155057135203218,1,0.4982317940594558
764,0.32573289902280134,0.11236285972402998,0,0.4380957587468313
765,0.4273504273504274,0.10803854640123134,1,0.5353889737516587
766,0.4329004329004329,0.0803588060062792,0,0.5132592389067121
767,0.32679738562091504,0.14427331131052795,1,0.471070696931443
768,0.7352941176470588,0.12018910357809831,1,0.8554832212251571
769,0.5076142131979695,0.16860057121100835,0,0.6762147844089779
770,0.4273504273504274,0.12083186630435383,0,0.5481822936547812
771,0.3508771929824561,0.031835256541896784,0,0.3827124495243529
772,0.47846889952153115,0.0005181153553304729,1,0.4789870148768616
773,0.4424778761061947,0.08393496622600904,0,0.5264128423322038
774,0.46511627906976744,0.14081642931517163,0,0.6059327083849391
775,0.4,0.017187449519030895,1,0.4171874495190309
776,0.5524861878453039,0.016526739993302342,0,0.5690129278386062
777,0.5319148936170213,0.06698318605762499,1,0.5988980796746463
778,0.4424778761061947,0.16872676947053766,0,0.6112046455767324
779,0.8264462809917356,0.0038350602671811673,1,0.8302813412589167
780,0.2638522427440633,0.03268631787360693,1,0.29653856061767025
781,0.4329004329004329,0.08866578650171941,0,0.5215662194021523
782,0.45248868778280543,0.030222280295260362,0,0.4827109680780658
783,0.4854368932038835,0.08307700393048423,1,0.5685138971343677
784,0.36363636363636365,0.007757748302956113,0,0.37139411193931976
785,0.5050505050505051,0.0884503471889444,1,0.5935008522394495
786,0.5681818181818182,0.011522268107451494,1,0.5797040862892697
787,0.5464480874316939,0.01704959432815434,0,0.5634976817598483
788,0.5154639175257733,0.04274071733158058,1,0.5582046348573538
789,0.24449877750611249,0.2674106694095977,0,0.5119094469157102
790,0.4854368932038835,0.2158643023278799,1,0.7013011955317634
791,0.3663003663003663,0.22038480725843307,0,0.5866851735587993
792,0.49751243781094534,0.08755500491765877,0,0.5850674427286041
793,0.3484320557491289,0.1416504143583996,1,0.4900824701075285
794,0.5181347150259068,0.1927144040078621,1,0.7108491190337689
795,0.39370078740157477,0.009880433030169444,0,0.4035812204317442
796,0.37735849056603776,0.07883715589394086,0,0.4561956464599786
797,0.2840909090909091,0.18196349359278347,1,0.4660544026836926
798,0.38759689922480617,0.09859800060728213,1,0.4861948998320883
799,0.49504950495049505,0.0123976559971678,0,0.5074471609476628
800,0.4566210045662101,0.004499432368990641,0,0.4611204369352007
801,0.25252525252525254,0.07754864323950839,1,0.3300738957647609
802,0.35842293906810035,0.04085635478670757,0,0.3992792938548079
803,0.35335689045936397,0.011466580594533426,0,0.3648234710538974
804,0.5464480874316939,0.11190749605730121,1,0.6583555834889951
805,0.49504950495049505,0.017541381120670496,0,0.5125908860711655
806,0.3164556962025316,0.08187990685693264,1,0.39833560305946425
807,0.6622516556291391,0.12017058857939744,1,0.7824222442085366
808,0.28901734104046245,0.09986516210536928,0,0.3888825031458317
809,0.4424778761061947,0.05630534510758167,0,0.4987832212137764
810,0.341296928327645,0.013937833934637711,0,0.35523476226228273
811,0.49019607843137253,0.11348806030248076,0,0.6036841387338533
812,0.5263157894736842,0.1960503778229472,1,0.7223661672966314
813,0.4854368932038835,0.046310498193618876,1,0.5317473913975024
814,0.4608294930875576,0.09806508959964844,0,0.558894582687206
815,0.6993006993006994,0.13183814334798372,0,0.8311388426486831
816,0.24630541871921185,0.11668329807059385,0,0.3629887167898057
817,0.49019607843137253,0.14295679134727718,0,0.6331528697786497
818,0.11764705882352941,0.006030618083638695,0,0.1236776769071681
819,0.29325513196480935,0.12682090707000554,0,0.4200760390348149
820,0.3831417624521073,0.15174575816468305,0,0.5348875206167903
821,0.4310344827586207,0.09085305752267187,1,0.5218875402812926
822,0.5076142131979695,0.10830780727500777,1,0.6159220204729773
823,0.5181347150259068,0.04238287398178697,0,0.5605175890076938
824,0.28901734104046245,0.16689419206010286,1,0.4559115331005653
825,0.5434782608695652,0.023322373199304636,1,0.5668006340688698
826,0.2840909090909091,0.010258516259162409,0,0.2943494253500715
827,0.36363636363636365,0.09148638975222007,1,0.4551227533885837
828,0.48309178743961356,0.10499553825321917,0,0.5880873256928327
829,0.37735849056603776,0.08481669244901846,0,0.4621751830150562
830,0.5681818181818182,0.051303414849244944,1,0.6194852330310632
831,0.5405405405405405,0.10238219550985506,1,0.6429227360503955
832,0.48309178743961356,0.05867034610171751,0,0.5417621335413311
833,0.4166666666666667,0.07296754197472294,1,0.4896342086413896
834,0.3663003663003663,0.0928052306227255,0,0.4591055969230918
835,0.5154639175257733,0.059182989041775436,1,0.5746469065675487
836,0.5464480874316939,0.01775259789511341,0,0.5642006853268073
837,0.5494505494505494,0.07715876487352635,1,0.6266093143240757
838,0.5586592178770949,0.07033827618677324,0,0.6289974940638682
839,0.38910505836575876,0.05930385658017556,0,0.4484089149459343
840,0.42016806722689076,0.09528966592209226,1,0.515457733148983
841,0.5154639175257733,0.0632558320484482,0,0.5787197495742215
842,0.49751243781094534,0.013490058961706408,0,0.5110024967726517
843,0.4065040650406504,0.1394702224754557,0,0.5459742875161061
844,0.4854368932038835,0.19993929340120886,0,0.6853761866050924
845,0.5102040816326531,0.06913297133419538,1,0.5793370529668485
846,0.5208333333333334,0.004379414376236013,0,0.5252127477095694
847,0.4566210045662101,0.054068088756490884,0,0.510689093322701
848,0.4424778761061947,0.16055778302249002,0,0.6030356591286847
849,0.4081632653061224,0.03832972058063028,0,0.4464929858867527
850,0.45454545454545453,0.013998775946191089,0,0.4685442304916456
851,0.4504504504504504,0.030304339289682902,0,0.4807547897401333
852,0.4854368932038835,0.07046347060980263,0,0.5559003638136861
853,0.3164556962025316,0.39576756018703546,0,0.7122232563895671
854,0.3597122302158274,0.08866251812648873,0,0.4483747483423161
855,0.6802721088435374,0.0688157634035963,0,0.7490878722471337
856,0.5555555555555556,0.07412232401763408,0,0.6296778795731897
857,0.2857142857142857,0.03359190277753682,0,0.3193061884918225
858,0.5524861878453039,0.06488754560341725,0,0.6173737334487212
859,0.5,0.0012843738315713171,1,0.5012843738315713
860,0.4716981132075471,0.12340622002632323,0,0.5951043332338704
861,0.4587155963302752,0.014883756986548813,0,0.473599353316824
862,0.29325513196480935,0.06689990858928235,0,0.3601550405540917
863,0.37735849056603776,0.21438692333324705,0,0.5917454138992848
864,0.4424778761061947,0.10755285210504062,1,0.5500307282112353
865,0.3663003663003663,0.15331295452024257,1,0.5196133208206088
866,0.47393364928909953,0.001977770130935863,0,0.4759114194200354
867,0.48309178743961356,0.10109665840492899,0,0.5841884458445425
868,0.47619047619047616,0.07780963589164058,0,0.5540001120821167
869,0.3921568627450981,0.13847643063907034,0,0.5306332933841684
870,0.26666666666666666,0.022002569112641757,1,0.2886692357793084
871,0.4484304932735426,0.13391365672659877,1,0.5823441500001414
872,0.45454545454545453,0.06440530891683188,1,0.5189507634622864
873,0.5208333333333334,0.003904713868731813,1,0.5247380472020652
874,0.37453183520599254,0.05310185877222029,1,0.4276336939782128
875,0.2898550724637681,0.1993326332134579,0,0.489187705677226
876,0.4166666666666667,0.0322213894244302,1,0.4488880560910969
877,0.5181347150259068,0.10651266780215285,1,0.6246473828280596
878,0.2881844380403458,0.021488458011473366,0,0.3096728960518192
879,0.49751243781094534,0.16518776118009926,1,0.6627001989910446
880,0.4347826086956522,0.02493933013535421,0,0.4597219388310064
881,0.4672897196261682,0.1444312808935692,0,0.6117210005197374
882,0.4716981132075471,0.03204121087276185,0,0.503739324080309
883,0.32679738562091504,0.043662445322240784,0,0.3704598309431558
884,0.4807692307692307,0.10500967847988552,1,0.5857789092491162
885,0.5208333333333334,0.04052013053910064,1,0.561353463872434
886,0.5181347150259068,0.19726340008907584,0,0.7153981151149826
887,0.49019607843137253,0.08226290693662547,0,0.572458985367998
888,0.49751243781094534,0.12019260009401811,1,0.6177050379049634
889,0.3115264797507788,0.1719290094482852,0,0.483455489199064
890,0.3968253968253968,0.08925779999170602,0,0.4860831968171028
891,0.4566210045662101,0.011123372934211229,1,0.4677443775004213
892,0.3717472118959108,0.0517021891179828,0,0.4234494010138936
893,0.22573363431151244,0.24708781654210593,1,0.4728214508536184
894,0.303951367781155,0.13076587986861982,0,0.4347172476497748
895,0.4716981132075471,0.03768579606515582,0,0.5093839092727029
896,0.4716981132075471,0.06289106868552446,1,0.5345891818930716
897,0.42372881355932207,0.05173398369867954,0,0.4754627972580016
898,0.4672897196261682,0.023791417962012285,0,0.4910811375881805
899,0.3663003663003663,0.11720058333522942,0,0.4835009496355957
900,0.35211267605633806,0.02125376551767366,1,0.3733664415740117
901,0.4132231404958678,0.09982979782665519,0,0.513052938322523
902,0.5128205128205129,0.0945975371072455,0,0.6074180499277584
903,0.4587155963302752,0.037756491075585874,1,0.4964720874058611
904,0.5128205128205129,0.045090405187881655,0,0.5579109180083945
905,0.5524861878453039,0.038045308128434985,1,0.5905314959737389
906,0.5376344086021505,0.01952942857181339,0,0.5571638371739639
907,0.5154639175257733,0.1109359980578497,1,0.626399915583623
908,0.5128205128205129,0.09646200571713104,0,0.6092825185376439
909,0.5128205128205129,0.1925336613121622,0,0.7053541741326751
910,0.29850746268656714,0.00285446651513227,0,0.3013619292016994
911,0.47619047619047616,0.048459235134355905,1,0.5246497113248321
912,0.27548209366391185,0.11868113074960279,1,0.39416322441351465
913,0.4566210045662101,0.0075688523388829365,0,0.464189856905093
914,0.5154639175257733,0.019911043506793624,1,0.5353749610325669
915,0.3115264797507788,0.08356368958821592,0,0.3950901693389947
916,0.4366812227074236,0.07224753279961416,0,0.5089287555070378
917,0.47619047619047616,0.1931229721879275,0,0.6693134483784037
918,0.46511627906976744,0.022176315751059772,1,0.4872925948208272
919,0.5181347150259068,0.03721647834657471,0,0.5553511933724815
920,0.4329004329004329,0.05589197194771822,0,0.4887924048481511
921,0.5319148936170213,0.07113158547538267,0,0.6030464790924039
922,0.45454545454545453,0.14218118909530003,1,0.5967266436407546
923,0.4629629629629629,0.08381588081159586,0,0.5467788437745588
924,0.5181347150259068,0.08362337349440008,0,0.6017580885203069
925,0.5102040816326531,0.11189741218371374,0,0.6221014938163668
926,0.4587155963302752,0.17670672304536023,1,0.6354223193756354
927,0.49019607843137253,0.005100825246710461,0,0.495296903678083
928,0.5102040816326531,0.1230967034705387,0,0.6333007851031918
929,0.3278688524590164,0.00785571817018027,0,0.3357245706291967
930,0.2386634844868735,0.014537392020826184,1,0.2532008765076997
931,0.45248868778280543,0.054259865896461756,1,0.5067485536792672
932,0.49019607843137253,0.04884945413216962,1,0.5390455325635422
933,0.4081632653061224,0.09761288305722532,0,0.5057761483633477
934,0.47619047619047616,0.01658660794026562,0,0.4927770841307418
935,0.5154639175257733,0.05243655821819282,0,0.5679004757439661
936,0.5128205128205129,0.13979364101338387,1,0.6526141538338968
937,0.4807692307692307,0.01853395414041059,0,0.4993031849096413
938,0.4566210045662101,0.021360189489009918,1,0.47798119405522
939,0.47846889952153115,0.008708948760522861,0,0.487177848282054
940,0.35335689045936397,0.038970240816743384,0,0.39232713127610735
941,0.49751243781094534,0.00436372745119562,0,0.501876165262141
942,0.5025125628140703,0.12359419591797194,1,0.6261067587320422
943,0.4366812227074236,0.01987752144717908,1,0.4565587441546027
944,0.2293577981651376,0.06186156557859154,0,0.29121936374372914
945,0.5319148936170213,0.012645374608733606,0,0.5445602682257549
946,0.425531914893617,0.03732499262870459,0,0.4628569075223216
947,0.49019607843137253,0.04756328658271952,1,0.537759365014092
948,0.4347826086956522,0.060521103344085,1,0.4953037120397372
949,0.47619047619047616,0.017983091727204747,1,0.4941735679176809
950,0.5,0.07027294526169603,0,0.570272945261696
951,0.47393364928909953,0.139081020584933,1,0.6130146698740325
952,0.4807692307692307,0.08349216378652846,0,0.5642613945557592
953,0.32573289902280134,0.06608765903446279,0,0.3918205580572641
954,0.4,0.1464348205189936,0,0.5464348205189936
955,0.390625,0.05633695280619161,0,0.4469619528061916
956,0.4807692307692307,0.06254570787873381,1,0.5433149386479645
957,0.4672897196261682,0.047848496122121775,0,0.51513821574829
958,0.38759689922480617,0.2455509897117219,1,0.6331478889365281
959,0.4291845493562232,0.14956109479876567,1,0.5787456441549889
960,0.5319148936170213,0.09060002813349799,1,0.6225149217505193
961,0.47393364928909953,0.011692719456904588,1,0.4856263687460041
962,0.47393364928909953,0.025720418611063944,1,0.4996540679001635
963,0.49019607843137253,0.09893565076557004,1,0.5891317291969426
964,0.48780487804878053,0.05690493634095567,0,0.5447098143897362
965,0.5181347150259068,0.13950764195512333,0,0.6576423569810301
966,0.5319148936170213,0.1803234444182138,1,0.7122383380352351
967,0.5050505050505051,0.06778058077377758,1,0.5728310858242827
968,0.5154639175257733,0.03816290405702916,0,0.5536268215828024
969,0.5181347150259068,0.08102324493570245,1,0.5991579599616093
970,0.3333333333333333,0.05382763138376628,1,0.3871609647170996
971,0.3546099290780142,0.04828918624746559,0,0.4028991153254798
972,0.3484320557491289,0.1191480406639725,0,0.4675800964131014
973,0.5076142131979695,0.00024964238682212425,1,0.5078638555847916
974,0.5291005291005292,0.034733349410106085,0,0.5638338785106353
975,0.36363636363636365,0.06326860785170485,0,0.4269049714880685
976,0.5102040816326531,0.014834156329612602,0,0.5250382379622657
977,0.4566210045662101,0.02633100992094284,0,0.4829520144871529
978,0.4366812227074236,0.0822482739957745,0,0.5189294967031981
979,0.4608294930875576,0.015067455967331667,1,0.4758969490548893
980,0.44052863436123346,0.16024519422495587,1,0.6007738285861893
981,0.3105590062111801,0.19110028838492005,1,0.5016592945961001
982,0.46511627906976744,0.23474795456097303,0,0.6998642336307405
983,0.5464480874316939,0.037659094527442316,1,0.5841071819591362
984,0.40322580645161293,0.06488262265718736,1,0.4681084291088003
985,0.5154639175257733,0.09127642077940357,0,0.6067403383051768
986,0.45454545454545453,1.3492116661073528e-05,1,0.4545589466621156
987,0.5,0.03170902852314739,1,0.5317090285231474
988,0.5813953488372093,0.1334828516158717,1,0.714878200453081
989,0.3597122302158274,0.1359956972327574,1,0.4957079274485848
990,0.5,0.048568050887566105,0,0.5485680508875661
991,0.4854368932038835,0.06259051014017558,1,0.5480274033440591
992,0.4854368932038835,0.023541668554276307,1,0.5089785617581598
993,0.4566210045662101,0.0152757797267285,0,0.4718967842929386
994,0.4694835680751174,0.07395383528085575,1,0.5434374033559731
995,0.4672897196261682,0.18286842992437452,0,0.6501581495505427
996,0.4065040650406504,0.10579053622080992,0,0.5122946012614603
997,0.4854368932038835,0.0426686403453479,0,0.5281055335492314
998,0.5319148936170213,0.00661233451386023,1,0.5385272281308815
999,0.3333333333333333,0.09376654536121132,1,0.42709987869454463
1000,0.3546099290780142,0.18336904709381602,0,0.5379789761718302
1001,0.6211180124223602,0.12247419283617555,0,0.7435922052585358
1002,0.5128205128205129,0.10308040568928634,1,0.6159009185097992
1003,0.3205128205128205,0.2260882524279918,0,0.5466010729408123
1004,0.5235602094240838,0.044244028427825155,0,0.5678042378519089
1005,0.5319148936170213,0.010168189496991942,1,0.5420830831140132
1006,0.4291845493562232,0.20254925112289657,1,0.6317338004791198
1007,0.5,0.11186581078819935,0,0.6118658107881993
1008,0.5405405405405405,0.06502887931565848,0,0.6055694198561989
1009,0.49019607843137253,0.041715044584820504,0,0.531911123016193
1010,0.47619047619047616,0.06230673966638456,0,0.5384972158568607
1011,0.5025125628140703,0.0055764957392197,0,0.50808905855329
1012,0.37453183520599254,0.15637845519546767,1,0.5309102904014602
1013,0.39840637450199207,0.24876115293688178,0,0.6471675274388738
1014,0.5076142131979695,0.04895557571658449,0,0.556569788914554
1015,0.5,0.08199632097243437,0,0.5819963209724344
1016,0.5434782608695652,0.05386464093857213,1,0.5973429018081373
1017,0.425531914893617,0.2690995696287766,1,0.6946314845223936
1018,0.46511627906976744,0.03149422926610718,1,0.4966105083358746
1019,0.5181347150259068,0.03897415550920402,0,0.5571088705351108
1020,0.47619047619047616,0.19473276218476931,1,0.6709232383752455
1021,0.5208333333333334,0.013637539222888795,1,0.5344708725562222
1022,0.3861003861003861,0.14336423571072843,1,0.5294646218111145
1023,0.5813953488372093,0.07227338709707842,1,0.6536687359342878
1024,0.4608294930875576,0.03572052064321468,0,0.4965500137307723
1025,0.40322580645161293,0.06364386967425845,1,0.4668696761258714
1026,0.53475935828877,0.04391311581005297,0,0.5786724740988229
1027,0.3787878787878788,0.06928377682173131,0,0.4480716556096101
1028,0.48780487804878053,0.00829520349495838,1,0.4961000815437389
1029,0.4132231404958678,0.15255724984897862,1,0.5657803903448464
1030,0.31545741324921134,0.12236411851178158,0,0.4378215317609929
1031,0.3717472118959108,0.012776035352679738,0,0.38452324724859055
1032,0.4926108374384237,0.003946471640238591,1,0.4965573090786623
1033,0.5464480874316939,0.21031501117240492,1,0.7567630986040988
1034,0.4587155963302752,0.03658519914556663,1,0.4953007954758418
1035,0.4273504273504274,0.21982593363870495,0,0.6471763609891323
1036,0.5319148936170213,0.06793036348496184,0,0.5998452571019831
1037,0.5464480874316939,0.14781595442893036,0,0.6942640418606243
1038,0.5,0.008633110270376942,1,0.5086331102703769
1039,0.47619047619047616,0.10839359117522429,0,0.5845840673657005
1040,0.4694835680751174,0.0007522149650824317,1,0.4702357830401998
1041,0.3076923076923077,0.1411148188296969,1,0.4488071265220046
1042,0.36496350364963503,0.06666668508588064,0,0.4316301887355157
1043,0.5208333333333334,0.2802108643771539,0,0.8010441977104873
1044,0.3846153846153846,0.27378678050562333,0,0.6584021651210079
1045,0.5464480874316939,0.009966443903732247,1,0.5564145313354262
1046,0.5102040816326531,0.052793688155660545,0,0.5629977697883136
1047,0.45248868778280543,0.025850177832442256,0,0.4783388656152477
1048,0.4310344827586207,0.015886107692033358,0,0.4469205904506541
1049,0.4484304932735426,0.05171083889310463,1,0.5001413321666472
1050,0.4081632653061224,0.0785670548279121,1,0.4867303201340345
1051,0.5464480874316939,0.10223702553949976,0,0.6486851129711937
1052,0.5263157894736842,0.011763612515151678,0,0.5380794019888359
1053,0.5376344086021505,0.14564150251873187,1,0.6832759111208824
1054,0.3846153846153846,0.1027440613914487,1,0.4873594460068333
1055,0.4115226337448559,0.15423561763599353,1,0.5657582513808495
1056,0.49751243781094534,0.08347222259735476,0,0.5809846604083001
1057,0.47393364928909953,0.17694877048537405,1,0.6508824197744736
1058,0.35211267605633806,0.036734674931717115,0,0.3888473509880552
1059,0.37037037037037035,0.11567317133529065,0,0.486043541705661
1060,0.5,0.08663022464319259,1,0.5866302246431926
1061,0.35587188612099646,0.14391060706103814,1,0.4997824931820346
1062,0.5076142131979695,0.05110377903941565,1,0.5587179922373852
1063,0.35335689045936397,0.16236853585268646,0,0.5157254263120504
1064,0.5050505050505051,0.04920938126451824,1,0.5542598863150233
1065,0.4854368932038835,0.06573110867352217,0,0.5511680018774057
1066,0.4444444444444444,0.01629610313425356,1,0.460740547578698
1067,0.5208333333333334,0.06492921885724534,0,0.5857625521905787
1068,0.5524861878453039,0.19520913103604687,1,0.7476953188813508
1069,0.4672897196261682,0.05543307749128895,0,0.5227227971174572
1070,0.4065040650406504,0.0052481679106493595,0,0.41175223295129976
1071,0.4444444444444444,0.04967441417260399,1,0.4941188586170484
1072,0.5208333333333334,0.015351230685497375,1,0.5361845640188307
1073,0.49504950495049505,0.016090409462782063,0,0.5111399144132771
1074,0.4291845493562232,0.18643285364078332,0,0.6156174029970065
1075,0.5882352941176471,0.09299403747398527,0,0.6812293315916323
1076,0.4608294930875576,0.0035712444490137996,0,0.4644007375365714
1077,0.47846889952153115,0.0561894608383654,1,0.5346583603598966
1078,0.390625,0.01386467773940292,0,0.4044896777394029
1079,0.49751243781094534,0.006772794784588809,1,0.5042852325955341
1080,0.4587155963302752,0.022394035009898727,0,0.4811096313401739
1081,0.3623188405797102,0.02318008304471081,0,0.385498923624421
1082,0.45248868778280543,0.022575109650460445,1,0.4750637974332659
1083,0.53475935828877,0.0399055788945627,0,0.5746649371833327
1084,0.3597122302158274,0.14084531672524353,1,0.5005575469410709
1085,0.49019607843137253,0.0016893130419095015,1,0.49188539147328203
1086,0.4926108374384237,0.13596745967087143,0,0.6285782971092951
1087,0.45248868778280543,0.11399713588904187,0,0.5664858236718473
1088,0.35335689045936397,0.0017780682786160407,0,0.35513495873798
1089,0.4291845493562232,0.07655329368360664,1,0.5057378430398298
1090,0.3003003003003003,0.06516508548826105,0,0.36546538578856136
1091,0.3436426116838488,0.0806289027475573,0,0.4242715144314061
1092,0.47619047619047616,0.11837205901244496,1,0.5945625352029211
1093,0.3194888178913738,0.008157664941030707,0,0.3276464828324045
1094,0.425531914893617,0.10262781688625716,0,0.5281597317798742
1095,0.2597402597402597,0.025832646985659347,0,0.28557290672591906
1096,0.4672897196261682,0.04303365749382099,1,0.5103233771199892
1097,0.46511627906976744,0.01272602042156934,0,0.4778422994913368
1098,0.5319148936170213,0.025766480945039083,0,0.5576813745620604
1099,0.5263157894736842,0.13297860667644334,1,0.6592943961501275
1100,0.4329004329004329,0.016954367939408854,1,0.44985480083984175
1101,0.4444444444444444,0.02650295441662137,1,0.4709473988610658
1102,0.5952380952380952,0.08212177357584827,1,0.6773598688139435
1103,0.36101083032490977,0.06609897191311476,0,0.4271098022380245
1104,0.47393364928909953,0.08319368986187081,1,0.5571273391509703
1105,0.37037037037037035,0.061245105835337044,1,0.4316154762057074
1106,0.49019607843137253,0.05410156924183723,1,0.5442976476732098
1107,0.44052863436123346,0.09480317944593908,0,0.5353318138071725
1108,0.5,0.0694219335410764,0,0.5694219335410764
1109,0.4484304932735426,0.041535694335828766,1,0.4899661876093714
1110,0.47393364928909953,0.013358097745606867,1,0.4872917470347064
1111,0.53475935828877,0.06869372208185376,0,0.6034530803706237
1112,0.5464480874316939,0.1346940289225207,1,0.6811421163542146
1113,0.4347826086956522,0.0014502308973614597,0,0.4362328395930137
1114,0.5,0.008123004854894256,1,0.5081230048548943
1115,0.4385964912280702,0.040320377470801694,1,0.4789168686988719
1116,0.41493775933609955,0.15628413986337863,0,0.5712218991994782
1117,0.5405405405405405,0.04588225897052478,0,0.5864227995110652
1118,0.5102040816326531,0.04210966777215941,1,0.5523137494048125
1119,0.5319148936170213,0.08360064057791605,1,0.6155155341949373
1120,0.6622516556291391,0.012121882016309926,0,0.674373537645449
1121,0.42194092827004215,0.05255190303263357,0,0.4744928313026757
1122,0.5405405405405405,0.04688867009823594,1,0.5874292106387764
1123,0.5952380952380952,0.09497634173362557,0,0.6902144369717208
1124,0.5,0.06707093789230889,0,0.5670709378923089
1125,0.4807692307692307,0.026053247057883144,0,0.5068224778271139
1126,0.3787878787878788,0.07816321425275774,0,0.4569510930406365
1127,0.3663003663003663,0.016328582636529032,1,0.3826289489368953
1128,0.5235602094240838,0.05936746511030466,0,0.5829276745343884
1129,0.5882352941176471,0.14131561609161625,1,0.7295509102092633
1130,0.5,0.03170798376718864,0,0.5317079837671886
1131,0.42372881355932207,0.053822823609763815,1,0.4775516371690859
1132,0.3496503496503497,0.006576752045082401,0,0.3562271016954321
1133,0.3401360544217687,0.12704993819429683,0,0.4671859926160655
1134,0.5847953216374269,0.13433022218111634,0,0.7191255438185432
1135,0.4329004329004329,0.2092198974416557,0,0.6421203303420886
1136,0.41493775933609955,0.10178259853804161,0,0.5167203578741412
1137,0.48780487804878053,0.07285298438984739,0,0.5606578624386279
1138,0.44052863436123346,0.06692226777438848,0,0.5074509021356219
1139,0.4926108374384237,0.22316711477761353,0,0.7157779522160372
1140,0.4291845493562232,0.012128439954660897,1,0.4413129893108841
1141,0.5235602094240838,0.03087683277844344,1,0.5544370422025272
1142,0.5747126436781609,0.10797914557214117,0,0.682691789250302
1143,0.4484304932735426,0.00507753851417847,0,0.4535080317877211
1144,0.4854368932038835,0.19371069690241782,1,0.6791475901063013
1145,0.5813953488372093,0.14539695334898484,1,0.7267923021861942
1146,0.390625,0.00934983986860255,0,0.39997483986860255
1147,0.5649717514124294,0.0589407200366453,0,0.6239124714490747
1148,0.46511627906976744,0.006437004121490286,0,0.4715532831912577
1149,0.5617977528089888,0.051095270959949146,1,0.612893023768938
1150,0.5555555555555556,0.04074662268588547,1,0.596302178241441
1151,0.42372881355932207,0.022497004285632616,0,0.4462258178449547
1152,0.5319148936170213,0.06465124580668535,1,0.5965661394237066
1153,0.4854368932038835,0.0061129648674810855,1,0.4915498580713646
1154,0.4629629629629629,0.0873721508957579,0,0.5503351138587208
1155,0.5050505050505051,0.05682971638104384,1,0.5618802214315489
1156,0.5319148936170213,0.003557373376601558,1,0.5354722669936228
1157,0.6097560975609756,0.10863343408530324,1,0.7183895316462788
1158,0.4629629629629629,0.11975959184216611,1,0.582722554805129
1159,0.46511627906976744,0.014702486676585524,0,0.47981876574635296
1160,0.5102040816326531,0.10020356524925245,0,0.6104076468819055
1161,0.36101083032490977,0.12842050545525574,0,0.4894313357801655
1162,0.3676470588235294,0.0028889363437908933,0,0.3705359951673203
1163,0.5464480874316939,0.02658129346840632,0,0.5730293809001002
1164,0.40322580645161293,0.12625121159104108,0,0.529477018042654
1165,0.45248868778280543,0.017941727978181887,1,0.4704304157609873
1166,0.4132231404958678,0.027582273104581445,1,0.4408054136004492
1167,0.4132231404958678,0.0331962900456671,0,0.4464194305415349
1168,0.4854368932038835,0.06854894032573489,0,0.5539858335296184
1169,0.5181347150259068,0.00563462006609472,1,0.5237693350920015
1170,0.5076142131979695,0.03489585366049519,0,0.5425100668584647
1171,0.3952569169960475,0.14236010733631677,0,0.5376170243323642
1172,0.3952569169960475,0.1353629526951582,0,0.5306198696912057
1173,0.42372881355932207,0.09039136016171084,0,0.5141201737210329
1174,0.3508771929824561,0.0940225782748626,0,0.4448997712573187
1175,0.47846889952153115,0.171522782375914,1,0.6499916818974452
1176,0.4694835680751174,0.08206012864035439,1,0.5515436967154718
1177,0.35335689045936397,0.11107506790320931,0,0.4644319583625733
1178,0.33670033670033667,0.07384107932677703,0,0.4105414160271137
1179,0.3676470588235294,0.12767732663136022,0,0.4953243854548896
1180,0.5405405405405405,0.07790503192052545,1,0.6184455724610659
1181,0.3861003861003861,0.12684397924858448,1,0.5129443653489706
1182,0.5681818181818182,0.14906594191623146,0,0.7172477600980497
1183,0.31347962382445144,0.18730002808708573,1,0.5007796519115372
1184,0.2857142857142857,0.03639014916165478,0,0.3221044348759405
1185,0.53475935828877,0.042359029153655414,0,0.5771183874424254
1186,0.3205128205128205,0.1545891337659005,1,0.475101954278721
1187,0.49019607843137253,0.028238996916570225,0,0.5184350753479428
1188,0.4566210045662101,0.17255001159118905,0,0.6291710161573991
1189,0.5181347150259068,0.054150634530238495,0,0.5722853495561453
1190,0.37735849056603776,0.1263192340071897,1,0.5036777245732275
1191,0.49504950495049505,0.032938897727520344,0,0.5279884026780154
1192,0.38910505836575876,0.14621246593837184,0,0.5353175243041306
1193,0.3846153846153846,0.12504631077436978,1,0.5096616953897544
1194,0.5181347150259068,0.11294491712396293,1,0.6310796321498697
1195,0.5,0.06114525719020514,0,0.5611452571902051
1196,0.5494505494505494,0.12543191845830637,1,0.6748824679088558
1197,0.6493506493506493,0.03160787967821699,0,0.6809585290288663
1198,0.3831417624521073,0.045040691449499126,0,0.4281824539016064
1199,0.39840637450199207,0.07959663361088831,0,0.4780030081128804
1200,0.5208333333333334,0.08920410958013936,1,0.6100374429134727
1201,0.4366812227074236,0.12578437353618888,1,0.5624655962436125
1202,0.4672897196261682,0.000629448745104566,1,0.4679191683712728
1203,0.5681818181818182,0.014693366875984992,0,0.5828751850578032
1204,0.4608294930875576,0.014403980036418074,0,0.4752334731239757
1205,0.4587155963302752,0.07309462026497687,1,0.5318102165952521
1206,0.31446540880503143,0.09445303863738186,0,0.4089184474424133
1207,0.4672897196261682,0.0237829013978193,1,0.4910726210239875
1208,0.4608294930875576,0.006060666993276009,0,0.4668901600808336
1209,0.5524861878453039,0.13171498716388486,1,0.6842011750091888
1210,0.4807692307692307,0.04706529660236369,1,0.5278345273715944
1211,0.32894736842105265,0.045804318983895254,0,0.3747516874049479
1212,0.5208333333333334,0.05509516505247258,0,0.575928498385806
1213,0.35211267605633806,0.08158186117927191,0,0.43369453723560997
1214,0.5376344086021505,0.017514102395810638,0,0.5551485109979611
1215,0.38759689922480617,0.06149429386653199,1,0.44909119309133816
1216,0.4926108374384237,0.06364338584341755,1,0.5562542232818413
1217,0.4385964912280702,0.05934389962151487,0,0.4979403908495851
1218,0.42194092827004215,0.009876872312506557,0,0.4318178005825487
1219,0.4807692307692307,0.05604650915334464,0,0.5368157399225754
1220,0.5586592178770949,0.06921928378930442,0,0.6278785016663994
1221,0.4566210045662101,0.03160818856703973,0,0.4882291931332498
1222,0.4424778761061947,0.014352738183264602,1,0.4568306142894593
1223,0.47393364928909953,0.05362220400471607,0,0.5275558532938156
1224,0.4366812227074236,0.003907895106154136,0,0.44058911781357774
1225,0.5154639175257733,0.02798387596909635,0,0.5434477934948696
1226,0.5434782608695652,0.041455133570535985,1,0.5849333944401012
1227,0.5154639175257733,0.22215023421764213,0,0.7376141517434154
1228,0.5714285714285714,0.06932769813278405,0,0.6407562695613555
1229,0.42372881355932207,0.06641345290984985,0,0.4901422664691719
1230,0.4291845493562232,0.047883098438652294,0,0.4770676477948755
1231,0.4629629629629629,0.023617083280200513,0,0.4865800462431634
1232,0.5464480874316939,0.12152239066409587,0,0.6679704780957898
1233,0.36101083032490977,0.04974921309433755,0,0.4107600434192473
1234,0.24213075060532688,0.08618638029661754,1,0.3283171309019444
1235,0.5681818181818182,0.05531126466574621,1,0.6234930828475644
1236,0.49504950495049505,0.015683119009015423,0,0.5107326239595105
1237,0.5263157894736842,0.012557943457281673,1,0.5388737329309659
1238,0.5319148936170213,0.05206259061422036,1,0.5839774842312416
1239,0.4385964912280702,0.08644021211719954,1,0.5250367033452698
1240,0.5681818181818182,0.08915160669870226,0,0.6573334248805205
1241,0.5524861878453039,0.06229976869694065,0,0.6147859565422445
1242,0.5128205128205129,0.0702629773070057,1,0.5830834901275186
1243,0.3436426116838488,0.018200202540580912,0,0.3618428142244297
1244,0.3663003663003663,0.09665970577780653,1,0.4629600720781728
1245,0.4672897196261682,0.06494359468823413,1,0.5322333143144024
1246,0.5319148936170213,0.071623747803917,0,0.6035386414209383
1247,0.5,0.06253595653922417,0,0.5625359565392242
1248,0.4807692307692307,0.0479163082655929,0,0.5286855390348236
1249,0.3787878787878788,0.13755713693490756,1,0.5163450157227863
1250,0.53475935828877,0.014626969175631888,0,0.5493863274644019
1251,0.5076142131979695,0.027659339197096067,0,0.5352735523950656
1252,0.49019607843137253,0.08517234481594765,1,0.5753684232473202
1253,0.5235602094240838,0.065296186256669,1,0.5888563956807528
1254,0.38759689922480617,0.15599420449337004,0,0.5435911037181762
1255,0.48780487804878053,0.03529968447692339,1,0.5231045625257039
1256,0.4672897196261682,0.10318135256201516,0,0.5704710721881834
1257,0.44052863436123346,0.03287500620794431,0,0.4734036405691778
1258,0.4608294930875576,0.18096882402918346,1,0.6417983171167411
1259,0.4484304932735426,0.04427763356089437,0,0.492708126834437
1260,0.36900369003690037,0.011218053164706143,0,0.3802217432016065
1261,0.4854368932038835,0.015987298834699737,0,0.5014241920385832
1262,0.3831417624521073,0.2125365190833809,0,0.5956782815354882
1263,0.38759689922480617,0.03269725037955623,1,0.4202941496043624
1264,0.5405405405405405,0.05975341395821243,0,0.6002939544987529
1265,0.37593984962406013,0.007231988150842195,0,0.3831718377749023
1266,0.5586592178770949,0.12015859981667065,1,0.6788178176937656
1267,0.425531914893617,0.02877460495470696,0,0.454306519848324
1268,0.3623188405797102,0.06154321044167688,1,0.4238620510213871
1269,0.49019607843137253,0.038726985934286196,0,0.5289230643656587
1270,0.3731343283582089,0.00272503746616809,1,0.375859365824377
1271,0.5128205128205129,0.01528115206278935,0,0.5281016648833022
1272,0.49751243781094534,0.00015618715825654883,0,0.4976686249692019
1273,0.4273504273504274,0.025989065297455705,1,0.4533394926478831
1274,0.5050505050505051,0.07933511599730514,1,0.5843856210478102
1275,0.4366812227074236,0.09175628767012334,1,0.5284375103775469
1276,0.48780487804878053,0.13489805051992082,0,0.6227029285687014
