Date,Home,Away,Home Score,Away Score,Open 1,Open X,Open 2,Close 1,Close X,Close 2,1X2 Book,Open AH,Home Open AH Odds,Away Open AH Odds,Close AH,Home Close AH Odds,Away Close AH Odds,AH Book,Open OU,Over Open OU Odds,Under Open OU Odds,Close OU,Over Close OU Odds,Under Close OU Odds,OU Book,url,H_proj,A_proj,H_GP,A_GP,p_1,p_X,p_2,p_Open_home_cover,p_Close_home_cover,p_Open_over,p_Close_over
2017-11-02,Al-Ahli Doha,Al-Sadd,1,2,5.25,4.33,1.44,4.75,4.2,1.61,Bet365,-1.0,1.78,2.02,-1.0,1.75,2.05,Bet365,3.25,1.9,1.9,3.25,2.05,1.75,Bet365,//www.nowgoal5.com/oddscomp/1462002,1.3333333333333337,2.1666666666666665,6,6,0.22298589834197696,0.20297089201490315,0.5667482240766579,0.5487380446906104,0.5487380446906104,0.46273589317537767,0.46273589317537767
2017-11-03,Al-Garrafa,Al Markhiya,1,1,1.53,4.0,4.75,1.57,4.0,4.75,Bet365,1.0,2.1,1.7,1.0,1.85,1.95,Bet365,2.75,1.85,1.95,2.75,1.78,2.02,Bet365,//www.nowgoal5.com/oddscomp/1462003,1.5,1.1666666666666663,6,6,0.44192046859426354,0.25798354845992477,0.2996523177826422,0.27761903744055927,0.27761903744055927,0.49416721803921043,0.49416721803921043
2017-11-03,Al Rayyan,Qatar SC,2,0,1.25,5.0,9.0,1.25,5.75,8.0,Bet365,1.75,1.75,2.05,1.75,1.95,1.85,Bet365,3.25,1.8,2.0,3.25,1.7,2.1,Bet365,//www.nowgoal5.com/oddscomp/1462004,2.75,1.3333333333333337,6,6,0.659629282208984,0.16908207383962176,0.1698483547908542,0.4532439812787946,0.4532439812787946,0.5710156142918128,0.5710156142918128
2017-11-03,Al Khor SC,Al Duhail,2,4,6.0,4.75,1.36,6.0,4.75,1.36,Bet365,-1.25,1.95,1.85,-1.25,1.88,1.92,Bet365,3.25,1.8,2.0,3.25,1.7,2.1,Bet365,//www.nowgoal5.com/oddscomp/1462005,1.0833333333333333,2.583333333333333,6,6,0.13256453130180323,0.16310140565377002,0.6941751199482082,0.5108053191873659,0.5108053191873659,0.49990194079227407,0.49990194079227407
2017-11-04,Al-Sailiya,Umm Salal,3,2,2.25,3.5,2.62,2.45,3.6,2.45,Bet365,0.25,2.08,1.72,0.25,2.15,1.68,Bet365,3.0,2.0,1.8,3.0,2.0,1.8,Bet365,//www.nowgoal5.com/oddscomp/1462006,1.9166666666666667,1.6666666666666663,6,6,0.4299323914959612,0.21977836698360967,0.34669028490732334,0.48497082886949705,0.48497082886949705,0.6054103377451949,0.6054103377451949
2017-11-04,Al-Khuraitiat,Al-Arabi SC,1,1,2.4,3.4,2.5,2.6,3.4,2.4,Bet365,0.0,1.95,1.85,0.0,2.0,1.8,Bet365,2.75,1.75,2.05,2.75,1.75,2.05,Bet365,//www.nowgoal5.com/oddscomp/1462007,1.9166666666666663,1.4166666666666667,6,6,0.48266417151225716,0.22434383561764998,0.29111277709074246,0.6237768809004631,0.6237768809004631,0.6421999470170386,0.6421999470170386
2017-11-18,Qatar SC,Al Khor SC,1,2,2.0,3.6,3.0,2.7,3.6,2.25,Bet365,0.25,2.0,1.8,0.0,2.02,1.78,Bet365,2.75,1.88,1.92,2.75,1.92,1.88,Bet365,//www.nowgoal5.com/oddscomp/1462010,1.4285714285714286,1.7857142857142858,7,7,0.30087382897096854,0.2295148517779299,0.4651422679958848,0.34160180927716366,0.3927774235584867,0.6208714757909463,0.6208714757909463
2017-11-18,Al-Garrafa,Al-Sailiya,2,3,2.1,3.6,2.8,2.87,3.7,2.1,Bet365,0.25,2.08,1.72,0.0,2.15,1.68,Bet365,3.0,2.02,1.78,3.0,2.05,1.75,Bet365,//www.nowgoal5.com/oddscomp/1462008,1.3571428571428572,2.071428571428572,7,7,0.24091641066459113,0.21015982085024187,0.5423271600225734,0.2712034701175918,0.30758811138816927,0.5710118802497532,0.5710118802497532
2017-11-18,Al Markhiya,Al-Ahli Doha,0,1,2.4,3.6,2.4,3.0,3.6,2.0,Bet365,0.0,1.88,1.92,0.0,2.38,1.55,Bet365,3.0,2.02,1.78,3.0,2.05,1.75,Bet365,//www.nowgoal5.com/oddscomp/1462009,1.5714285714285714,1.4285714285714284,7,7,0.4017394589081722,0.243751855097223,0.35255541542423185,0.5326026632008278,0.5326026632008278,0.4497411133017675,0.4497411133017675
2017-11-19,Al-Sadd,Umm Salal,4,1,1.4,4.5,5.5,1.4,4.5,5.75,Bet365,1.25,1.95,1.85,1.25,2.02,1.78,Bet365,3.25,2.0,1.8,3.25,2.02,1.78,Bet365,//www.nowgoal5.com/oddscomp/1462011,1.7142857142857144,1.6428571428571428,7,7,0.39083650519767976,0.2288798063272921,0.37685842347594123,0.19791552058492312,0.19791552058492312,0.4278777279394014,0.4278777279394014
2017-11-19,Al-Arabi SC,Al Rayyan,2,4,3.75,4.0,1.66,6.0,4.75,1.36,Bet365,-1.0,1.85,1.95,-1.0,2.2,1.65,Bet365,3.0,1.85,1.95,3.0,1.68,2.15,Bet365,//www.nowgoal5.com/oddscomp/1462012,1.2857142857142856,2.5,7,7,0.17403561627110653,0.17742002252135725,0.6389280999497854,0.450130593023345,0.450130593023345,0.6578109089283933,0.6578109089283933
2017-11-19,Al Duhail,Al-Khuraitiat,8,2,1.16,6.0,11.0,1.3,5.0,7.0,Bet365,2.0,2.0,1.8,1.75,2.15,1.68,Bet365,3.5,2.0,1.8,3.5,1.92,1.88,Bet365,//www.nowgoal5.com/oddscomp/1462013,2.571428571428572,1.3571428571428572,7,7,0.6243715680683958,0.18150491817946962,0.19257533736634405,0.2815662501992052,0.4130300234857522,0.5417273567731803,0.5417273567731803
2017-11-24,Al Markhiya,Al-Arabi SC,1,1,2.8,3.6,2.1,2.7,3.6,2.25,Bet365,-0.25,1.7,2.1,-0.25,1.72,2.08,Bet365,2.75,1.8,2.0,2.75,1.8,2.0,Bet365,//www.nowgoal5.com/oddscomp/1462014,1.6875,1.4375,8,8,0.4269137962222543,0.23721111819929214,0.33386340079737,0.6203434756092849,0.6203434756092849,0.600128931693904,0.600128931693904
2017-11-24,Al Khor SC,Al-Sailiya,1,0,3.1,3.75,1.9,3.6,3.8,1.8,Bet365,-0.5,1.92,1.88,-0.5,1.98,1.82,Bet365,3.25,1.85,1.95,3.25,2.1,1.7,Bet365,//www.nowgoal5.com/oddscomp/1462015,1.375,2.375,8,8,0.20418630115064357,0.18882206625262693,0.5982192155967248,0.3964865124251414,0.3964865124251414,0.5154692781465025,0.5154692781465025
2017-11-24,Al-Sadd,Al Duhail,2,4,2.87,3.75,2.0,3.0,3.8,2.0,Bet365,-0.25,2.0,1.8,-0.25,2.02,1.78,Bet365,3.5,1.88,1.92,3.5,1.78,2.02,Bet365,//www.nowgoal5.com/oddscomp/1462016,1.9375,2.75,8,8,0.25499886885957446,0.17617945308057223,0.5576221983952061,0.38090871982813324,0.38090871982813324,0.6849020182981904,0.6849020182981904
2017-11-25,Al Rayyan,Al-Garrafa,3,2,1.33,5.0,6.0,1.25,5.5,8.0,Bet365,1.25,1.8,2.0,1.25,1.65,2.2,Bet365,3.25,1.82,1.98,3.25,1.9,1.9,Bet365,//www.nowgoal5.com/oddscomp/1462019,2.1875,1.375,8,8,0.5484452414005585,0.20716707637050125,0.24276421427491762,0.33065195492084387,0.33065195492084387,0.4682549158403423,0.4682549158403423
2017-11-25,Umm Salal,Qatar SC,1,1,1.53,4.0,4.75,1.61,4.2,4.2,Bet365,1.0,1.82,1.98,1.0,2.08,1.72,Bet365,2.75,1.85,1.95,2.75,1.8,2.0,Bet365,//www.nowgoal5.com/oddscomp/1462017,2.125,1.25,8,8,0.564187783508773,0.21008311234021432,0.22484232185262099,0.4375135328308926,0.4375135328308926,0.6491131338302746,0.6491131338302746
2017-11-25,Al-Khuraitiat,Al-Ahli Doha,1,0,2.3,3.6,2.5,2.25,3.6,2.55,Bet365,0.25,2.08,1.72,0.25,2.1,1.7,Bet365,2.75,1.82,1.98,2.75,1.95,1.85,Bet365,//www.nowgoal5.com/oddscomp/1462018,1.625,1.75,8,8,0.3506601562209767,0.22721843959715105,0.41791590363139136,0.3974903734051458,0.3974903734051458,0.652342030929116,0.652342030929116
2017-11-30,Umm Salal,Al Rayyan,1,1,4.0,4.0,1.61,6.5,4.33,1.4,Bet365,-1.0,1.95,1.85,-1.25,1.82,1.98,Bet365,2.75,1.78,2.02,3.0,1.8,2.0,Bet365,//www.nowgoal5.com/oddscomp/1462021,1.6111111111111112,2.2222222222222223,9,9,0.2693904500799896,0.2017043161819599,0.5212081853405057,0.596860464094297,0.6793386804159091,0.7342141992480583,0.6663943986222859
2017-11-30,Al-Garrafa,Al-Arabi SC,3,1,2.1,3.3,3.0,1.8,3.5,4.0,Bet365,0.25,1.95,1.85,0.5,1.85,1.95,Bet365,2.75,1.85,1.95,2.75,1.75,2.05,Bet365,//www.nowgoal5.com/oddscomp/1462020,1.8333333333333333,1.4444444444444446,9,9,0.4583320867252424,0.22884941757289406,0.3107603758144196,0.5187585500317012,0.4592773345413142,0.6314471504721189,0.6314471504721189
2017-12-01,Qatar SC,Al-Khuraitiat,3,2,2.1,3.5,2.87,2.7,3.4,2.25,Bet365,0.25,2.1,1.7,0.0,2.02,1.78,Bet365,2.75,2.02,1.78,2.75,1.88,1.92,Bet365,//www.nowgoal5.com/oddscomp/1462022,1.5,1.8333333333333333,9,9,0.3084475646007007,0.22542692341885234,0.4613024629317737,0.3495301146857407,0.4007113394844122,0.6448000286839141,0.6448000286839141
2017-12-01,Al Khor SC,Al-Sadd,2,3,4.2,4.2,1.57,4.33,4.2,1.6,Bet365,-1.25,1.78,2.02,-1.0,1.75,2.05,Bet365,3.25,1.92,1.88,3.25,1.88,1.92,Bet365,//www.nowgoal5.com/oddscomp/1462023,1.3888888888888888,2.0,9,9,0.2579230240884034,0.21537255054888185,0.5206377156119589,0.6926738875412322,0.6077575361747098,0.4379767192624644,0.4379767192624644
2017-12-02,Al Duhail,Al Markhiya,2,1,1.14,6.0,14.0,1.12,7.0,15.0,Bet365,2.25,1.8,2.0,2.25,1.88,1.92,Bet365,3.5,1.8,2.0,3.5,1.72,2.08,Bet365,//www.nowgoal5.com/oddscomp/1462024,2.833333333333333,1.2222222222222223,9,9,0.6963618726719909,0.15905075435840305,0.14375288455704427,0.2950975527491949,0.2950975527491949,0.5646865385074847,0.5646865385074847
2017-12-02,Al-Sailiya,Al-Ahli Doha,1,2,1.83,3.75,3.3,1.75,3.8,3.75,Bet365,0.5,1.8,2.0,0.5,1.88,1.92,Bet365,3.0,1.98,1.82,3.0,2.1,1.7,Bet365,//www.nowgoal5.com/oddscomp/1462025,2.1666666666666665,1.2777777777777777,9,9,0.5662287625326987,0.20746345192380752,0.22526414488964977,0.5668203192613045,0.5668203192613045,0.5672828935350336,0.5672828935350336
2017-12-07,Al-Ahli Doha,Al Rayyan,2,0,5.5,4.2,1.44,5.25,4.0,1.53,Bet365,-1.0,2.05,1.75,-1.0,1.85,1.95,Bet365,3.25,1.9,1.9,3.25,1.82,1.98,Bet365,//www.nowgoal5.com/oddscomp/1462028,1.3,2.2,10,10,0.2121145180733673,0.19994598143282888,0.5804030145026914,0.531605367216028,0.531605367216028,0.46299548667469625,0.46299548667469625
2017-12-07,Al-Sailiya,Al Duhail,1,1,7.0,5.0,1.3,5.0,5.0,1.4,Bet365,-1.0,2.1,1.7,-1.25,1.88,1.92,Bet365,4.0,2.0,1.8,3.5,1.78,2.02,Bet365,//www.nowgoal5.com/oddscomp/1462026,1.95,2.75,10,10,0.2571071808586166,0.17631658678566237,0.5553765400909982,0.5400171091510968,0.6266309723063055,0.6156943072976634,0.6868270934436578
2017-12-07,Al-Khuraitiat,Al-Sadd,0,4,5.5,4.5,1.4,5.0,4.0,1.55,Bet365,-1.0,2.1,1.7,-1.0,1.85,1.95,Bet365,3.25,1.9,1.9,3.25,1.78,2.02,Bet365,//www.nowgoal5.com/oddscomp/1462027,1.5499999999999998,2.3,10,10,0.246515966488712,0.19662570791133854,0.5486081248562105,0.563386118586009,0.563386118586009,0.5347734896910747,0.5347734896910747
2017-12-08,Qatar SC,Al-Garrafa,1,1,2.87,3.75,2.0,3.0,3.75,2.0,Bet365,-0.25,1.95,1.85,-0.25,1.95,1.85,Bet365,3.0,1.9,1.9,3.0,1.92,1.88,Bet365,//www.nowgoal5.com/oddscomp/1462030,1.35,1.9,10,10,0.26501281448164477,0.22246510364727268,0.5072017353667395,0.4258832991734256,0.4258832991734256,0.5232497743302117,0.5232497743302117
2017-12-08,Al Markhiya,Umm Salal,1,1,3.4,3.6,1.83,3.0,3.6,2.05,Bet365,-0.5,2.0,1.8,-0.25,1.92,1.88,Bet365,3.0,2.05,1.75,2.75,1.95,1.85,Bet365,//www.nowgoal5.com/oddscomp/1462031,1.2,1.6,10,10,0.27988418931296477,0.2468995432764731,0.4700977326023128,0.5284316651309301,0.4617807710987184,0.39504974567293666,0.5292211200282644
2017-12-08,Al-Arabi SC,Al Khor SC,3,0,2.25,3.5,2.62,2.62,3.75,2.25,Bet365,0.0,1.78,2.02,0.0,2.02,1.78,Bet365,3.0,2.0,1.8,3.0,2.05,1.75,Bet365,//www.nowgoal5.com/oddscomp/1462029,1.5,1.7999999999999998,10,10,0.31419966028055135,0.2274114216526636,0.4538137787894656,0.40910698211350816,0.40910698211350816,0.5355101783349507,0.5355101783349507
2018-02-23,Al-Arabi SC,Al-Khuraitiat,2,1,2.2,3.6,2.62,2.25,3.6,2.7,Bet365,0.0,1.75,2.05,0.0,1.7,2.1,Bet365,2.5,1.75,2.05,2.75,1.92,1.88,Bet365,//www.nowgoal5.com/oddscomp/1490906,1.5,1.6666666666666663,6,6,0.3381374039942352,0.23508860338766718,0.42317786053415535,0.44414898761251054,0.44414898761251054,0.6103694762699946,0.6103694762699946
2018-02-23,Umm Salal,Al-Sailiya,1,0,2.3,3.6,2.5,2.62,3.6,2.3,Bet365,0.0,1.9,1.9,0.0,2.0,1.8,Bet365,3.0,1.95,1.85,3.0,1.88,1.92,Bet365,//www.nowgoal5.com/oddscomp/1490907,1.8333333333333333,1.75,6,6,0.39573178556941624,0.22062325116326165,0.37943805803956543,0.510509779027259,0.510509779027259,0.6061764033879586,0.6061764033879586
2018-02-24,Al Duhail,Al Khor SC,4,0,1.14,7.0,11.0,1.12,7.5,13.0,Bet365,2.25,1.9,1.9,2.25,1.62,2.25,Bet365,4.0,1.9,1.9,3.75,1.7,2.1,Bet365,//www.nowgoal5.com/oddscomp/1490908,2.833333333333333,0.9166666666666669,6,6,0.760973537397273,0.1424071698830495,0.09704956229526832,0.34214301617150206,0.34214301617150206,0.38079332032218877,0.5015880264039778
2018-02-24,Al Markhiya,Al-Garrafa,3,2,3.75,4.0,1.66,5.0,4.0,1.55,Bet365,-0.75,2.0,1.8,-0.75,2.02,1.78,Bet365,3.0,2.0,1.8,2.75,1.78,2.02,Bet365,//www.nowgoal5.com/oddscomp/1490909,1.5,1.9166666666666663,6,6,0.294464072576908,0.22037256466047833,0.47971830675536276,0.5781977961945919,0.5781977961945919,0.5666830932504494,0.6611731978989479
2018-02-25,Al-Sadd,Al-Ahli Doha,5,0,1.28,5.0,7.5,1.22,5.75,9.5,Bet365,1.5,1.85,1.95,1.5,1.68,2.15,Bet365,3.5,1.8,2.0,3.5,1.7,2.1,Bet365,//www.nowgoal5.com/oddscomp/1490910,2.5,0.8333333333333333,6,6,0.7301148581575709,0.1632501295028044,0.1073373997650816,0.502670301227104,0.502670301227104,0.41370784159848206,0.41370784159848206
2018-02-25,Qatar SC,Al Rayyan,0,4,5.0,4.5,1.44,3.6,3.6,1.85,Bet365,-1.0,1.8,2.0,-0.75,1.68,2.15,Bet365,3.25,1.95,1.85,3.25,2.02,1.78,Bet365,//www.nowgoal5.com/oddscomp/1490911,1.3333333333333337,2.083333333333333,6,6,0.2344086868005767,0.20908151724043822,0.5498253224023779,0.5717129607006682,0.5013915746048846,0.4445581091180822,0.4445581091180822
2018-03-01,Al Duhail,Al-Sadd,4,3,1.75,4.0,3.4,1.9,4.0,3.1,Bet365,0.5,1.92,1.88,0.5,1.98,1.82,Bet365,4.0,1.8,2.0,3.75,1.8,2.0,Bet365,//www.nowgoal5.com/oddscomp/1490912,2.142857142857143,2.071428571428572,7,7,0.39834700435302556,0.20160643937773912,0.3934412901752939,0.4009956875719614,0.4009956875719614,0.5051808553324236,0.6015751161035369
2018-03-01,Al-Garrafa,Al Rayyan,6,1,4.2,4.2,1.57,3.2,4.0,1.9,Bet365,-0.75,1.8,2.0,-0.75,1.65,2.2,Bet365,3.25,2.0,1.8,3.25,1.92,1.88,Bet365,//www.nowgoal5.com/oddscomp/1490913,1.6428571428571428,2.5,7,7,0.23662853641532833,0.18571560815875943,0.5680389405271636,0.47408836961611267,0.47408836961611267,0.5916506466725636,0.5916506466725636
2018-03-02,Al-Ahli Doha,Al-Khuraitiat,3,2,2.0,3.75,2.87,1.83,3.8,3.5,Bet365,0.25,1.85,1.95,0.25,1.68,2.15,Bet365,3.0,2.0,1.8,3.0,1.88,1.92,Bet365,//www.nowgoal5.com/oddscomp/1490914,1.7857142857142856,1.7142857142857144,7,7,0.39245240217349525,0.22356430476766542,0.3800392300658107,0.44381322730352235,0.44381322730352235,0.5856285325435315,0.5856285325435315
2018-03-02,Al-Sailiya,Al Khor SC,1,2,1.75,3.75,3.6,1.95,3.6,3.25,Bet365,0.5,1.85,1.95,0.5,2.0,1.8,Bet365,3.0,2.0,1.8,3.0,1.72,2.08,Bet365,//www.nowgoal5.com/oddscomp/1490915,1.6428571428571428,1.5714285714285714,7,7,0.38902755004143186,0.2345908368241658,0.3734634968983448,0.39016610007281355,0.39016610007281355,0.5103711318083644,0.5103711318083644
2018-03-03,Al-Arabi SC,Al Markhiya,3,1,2.4,3.4,2.5,2.0,3.5,3.25,Bet365,0.25,1.95,1.85,0.25,1.75,2.05,Bet365,2.75,1.95,1.85,2.75,1.88,1.92,Bet365,//www.nowgoal5.com/oddscomp/1490917,1.3571428571428572,1.5,7,7,0.33598520984672486,0.2497172151048166,0.4118717796436713,0.3849882034711084,0.3849882034711084,0.5416966445242426,0.5416966445242426
2018-03-03,Qatar SC,Umm Salal,2,2,3.0,3.6,2.0,2.55,3.5,2.4,Bet365,-0.5,1.75,2.05,-0.25,1.68,2.15,Bet365,2.75,1.82,1.98,2.75,1.75,2.05,Bet365,//www.nowgoal5.com/oddscomp/1490916,1.2857142857142856,1.6428571428571428,7,7,0.2928496577718199,0.24190352458130004,0.46182257441570196,0.5365905990799331,0.4725788953614444,0.5588898477445814,0.5588898477445814
2018-03-09,Al-Sailiya,Al-Garrafa,0,3,2.62,3.6,2.2,3.0,3.6,2.0,Bet365,-0.25,1.8,2.0,-0.25,1.98,1.82,Bet365,3.0,1.8,2.0,3.0,1.65,2.2,Bet365,//www.nowgoal5.com/oddscomp/1490918,1.6875,2.25,8,8,0.2800254619989031,0.20026600798064093,0.5118122720679366,0.42620060251893815,0.42620060251893815,0.6882214901289568,0.6882214901289568
2018-03-09,Umm Salal,Al-Sadd,2,1,5.25,4.33,1.44,2.8,3.5,2.15,Bet365,-0.5,1.8,2.0,-0.5,1.6,2.3,Bet365,3.25,1.7,2.1,3.25,1.72,2.08,Bet365,//www.nowgoal5.com/oddscomp/1490919,1.0625,2.625,8,8,0.12573572288074042,0.1588916098542265,0.7049484442064174,0.28762560621148503,0.28762560621148503,0.5043519078356857,0.5043519078356857
2018-03-09,Al Rayyan,Al-Arabi SC,1,3,1.36,4.75,6.0,2.1,4.0,2.75,Bet365,0.75,2.1,1.7,0.5,2.2,1.65,Bet365,3.5,2.0,1.8,3.5,1.88,1.92,Bet365,//www.nowgoal5.com/oddscomp/1490920,2.125,1.5,8,8,0.5083293371166344,0.21143483175399685,0.27780199329868477,0.45145467497667885,0.5095695467568959,0.4824626473657891,0.4824626473657891
2018-03-09,Al-Khuraitiat,Al Duhail,0,5,11.0,6.0,1.16,11.0,6.0,1.16,Bet365,-2.0,1.75,2.05,-2.0,1.75,2.05,Bet365,4.0,1.9,1.9,4.0,1.85,1.95,Bet365,//www.nowgoal5.com/oddscomp/1490921,1.125,3.25,8,8,0.08956481665588428,0.11960152775713359,0.7768336922000452,0.48338675632865225,0.48338675632865225,0.5497909722194347,0.5497909722194347
2018-03-10,Al Khor SC,Qatar SC,0,2,2.3,3.4,2.6,3.1,3.1,2.37,Bet365,0.25,2.05,1.75,0.0,2.02,1.78,Bet365,2.75,1.95,1.85,2.75,2.05,1.75,Bet365,//www.nowgoal5.com/oddscomp/1490922,1.5625,1.4375,8,8,0.3977627589689087,0.24384852833607268,0.3563775180900997,0.454033624522446,0.527438688887035,0.5732727161341808,0.5732727161341808
2018-03-10,Al-Ahli Doha,Al Markhiya,0,2,2.0,3.6,3.0,2.25,3.5,2.7,Bet365,0.5,1.95,1.85,0.25,2.02,1.78,Bet365,2.75,1.85,1.95,2.75,1.72,2.08,Bet365,//www.nowgoal5.com/oddscomp/1490923,1.75,1.625,8,8,0.4022730815558573,0.228087103898442,0.3663422239552564,0.4036040023161608,0.4557514810572609,0.6515891350625543,0.6515891350625543
2018-03-17,Al-Sadd,Al Khor SC,0,1,1.22,6.0,8.0,1.6,4.2,4.5,Bet365,1.5,2.05,1.75,1.25,2.3,1.6,Bet365,3.5,1.85,1.95,3.5,2.2,1.65,Bet365,//www.nowgoal5.com/oddscomp/1490927,2.555555555555556,0.9444444444444444,9,9,0.7135860541831803,0.16530865547697926,0.12151681056184119,0.49095721965910005,0.49095721965910005,0.45037347586672133,0.45037347586672133
2018-03-17,Al-Khuraitiat,Qatar SC,3,2,2.6,3.4,2.3,2.05,3.4,3.1,Bet365,0.5,1.85,1.95,0.5,2.08,1.72,Bet365,2.75,1.85,1.95,2.75,1.88,1.92,Bet365,//www.nowgoal5.com/oddscomp/1490926,1.5,1.9444444444444444,9,9,0.28992700850512815,0.21866181332203913,0.4857586314290918,0.2915751506736241,0.2915751506736241,0.6665058028806906,0.6665058028806906
2018-03-17,Al Markhiya,Al Duhail,2,4,9.0,7.0,1.16,4.2,4.33,1.6,Bet365,-1.25,1.8,2.0,-1.25,1.65,2.2,Bet365,3.5,1.75,2.05,3.5,1.65,2.2,Bet365,//www.nowgoal5.com/oddscomp/1490928,1.0,3.0,9,9,0.08984385928037672,0.12843939792950332,0.7690745234695291,0.410635816276571,0.410635816276571,0.5672038509432628,0.5672038509432628
2018-03-17,Al-Arabi SC,Al-Garrafa,3,1,3.0,3.6,2.0,4.5,3.75,1.65,Bet365,-0.5,1.95,1.85,-0.5,2.1,1.7,Bet365,3.0,1.98,1.82,3.0,1.75,2.05,Bet365,//www.nowgoal5.com/oddscomp/1490924,1.5555555555555556,2.055555555555556,9,9,0.28372957363681617,0.21158034434980402,0.49821055470343534,0.49854022297650225,0.49854022297650225,0.6153521678427977,0.6153521678427977
2018-03-17,Al Rayyan,Umm Salal,2,2,1.57,4.0,4.5,2.0,3.5,3.2,Bet365,0.5,1.85,1.95,0.5,2.08,1.72,Bet365,3.25,1.98,1.82,3.25,2.05,1.75,Bet365,//www.nowgoal5.com/oddscomp/1490925,2.0,1.7777777777777777,9,9,0.42520699627221553,0.21367691383625903,0.3567013699990361,0.4270924899836794,0.4270924899836794,0.5161225067250135,0.5161225067250135
2018-03-17,Al-Ahli Doha,Al-Sailiya,0,3,3.0,3.6,2.0,3.25,3.5,2.0,Bet365,-0.25,1.8,2.0,-0.25,1.98,1.82,Bet365,3.0,2.0,1.8,3.0,1.78,2.02,Bet365,//www.nowgoal5.com/oddscomp/1490929,1.7222222222222223,1.6111111111111112,9,9,0.3989054903374366,0.22973481540084015,0.3681612456090404,0.5825524521744306,0.5825524521744306,0.5423319753968168,0.5423319753968168
2018-04-07,Al Duhail,Al-Sailiya,5,2,1.33,5.0,6.0,1.3,5.25,6.25,Bet365,1.5,1.8,2.0,1.5,1.92,1.88,Bet365,4.0,1.7,2.1,4.0,1.7,2.1,Bet365,//www.nowgoal5.com/oddscomp/1519512,3.05,1.1,10,10,0.7525916618901289,0.1385113574574486,0.10856658735192415,0.5573083554563305,0.5573083554563305,0.477866429498192,0.477866429498192
2018-04-07,Al-Sadd,Al-Khuraitiat,9,1,1.36,4.75,6.0,1.3,5.25,6.5,Bet365,1.25,1.7,2.1,1.25,1.7,2.1,Bet365,4.0,1.95,1.85,4.0,1.95,1.85,Bet365,//www.nowgoal5.com/oddscomp/1519510,2.8,1.15,10,10,0.7065949942397431,0.15791800408415754,0.13502887572109995,0.49899045425976785,0.49899045425976785,0.4317439944878523,0.4317439944878523
2018-04-08,Al Khor SC,Al-Arabi SC,2,1,2.5,3.6,2.3,3.1,3.6,2.0,Bet365,0.0,1.98,1.82,0.0,2.38,1.55,Bet365,3.0,2.1,1.7,3.0,2.0,1.8,Bet365,//www.nowgoal5.com/oddscomp/1519513,1.3,1.5499999999999998,10,10,0.3127965323080759,0.24826668675930388,0.4361685785237967,0.4176383222452834,0.4176383222452834,0.40873011289763,0.40873011289763
2018-04-08,Umm Salal,Al Markhiya,1,1,1.75,3.75,3.6,1.6,4.0,4.75,Bet365,0.75,1.88,1.92,0.75,1.78,2.02,Bet365,3.0,1.98,1.82,3.0,1.85,1.95,Bet365,//www.nowgoal5.com/oddscomp/1519514,1.8,1.5,10,10,0.43905999585259725,0.22945791230591878,0.32905467783823605,0.37521349356654543,0.37521349356654543,0.5324220528619596,0.5324220528619596
2018-04-08,Al-Garrafa,Qatar SC,3,0,1.83,3.75,3.3,1.61,4.33,4.0,Bet365,0.75,1.68,2.15,0.75,1.9,1.9,Bet365,3.25,1.92,1.88,3.25,1.92,1.88,Bet365,//www.nowgoal5.com/oddscomp/1519515,2.1,1.6,10,10,0.4819124884234893,0.2121986982910392,0.3027630033807399,0.4241741664678918,0.4241741664678918,0.4987727897556501,0.4987727897556501
2018-04-08,Al Rayyan,Al-Ahli Doha,4,1,1.57,4.0,4.5,1.7,4.0,3.9,Bet365,1.0,2.3,1.6,0.75,1.95,1.85,Bet365,3.75,1.92,1.88,3.75,1.88,1.92,Bet365,//www.nowgoal5.com/oddscomp/1519511,2.25,1.6,10,10,0.5120214717623196,0.20433099108782593,0.28051529067202147,0.38707320028861747,0.4576367199716441,0.5287557862203315,0.5287557862203315
2018-09-28,Al-Garrafa,Al-Khuraitiat,0,2,1.44,4.2,5.5,1.61,4.0,4.33,Bet365,1.25,2.0,1.8,0.75,1.82,1.97,Bet365,3.5,1.9,1.9,3.75,1.95,1.85,Bet365,//www.nowgoal5.com/oddscomp/1589939,2.25,1.3333333333333333,6,6,0.5701461486489138,0.20247931617546444,0.2260024737895464,0.35084182544873843,0.5178745664626166,0.4721279920243039,0.4721279920243039
2018-09-29,Al Rayyan,Al Shahaniya,1,0,1.3,5.0,7.0,1.33,5.25,8.0,Bet365,1.5,1.9,1.9,1.5,1.97,1.82,Bet365,3.25,1.9,1.9,3.25,1.95,1.85,Bet365,//www.nowgoal5.com/oddscomp/1589941,1.5833333333333333,1.0,6,6,0.5027121672948677,0.25444281288435167,0.2431141894419874,0.2572989753997015,0.2572989753997015,0.2549977716989943,0.2549977716989943
2018-10-05,Al-Garrafa,Al-Arabi SC,3,0,1.66,4.0,3.75,1.95,4.0,3.0,Bet365,0.5,1.98,1.82,0.5,1.95,1.85,Bet365,3.0,1.9,1.9,3.25,1.95,1.85,Bet365,//www.nowgoal5.com/oddscomp/1589943,1.8571428571428568,1.7857142857142856,7,7,0.39389833725036105,0.21860111069638044,0.38302936601258475,0.3956674399847701,0.3956674399847701,0.6205356628406765,0.4889336561266689
2018-10-05,Qatar SC,Al-Khuraitiat,2,0,1.9,3.6,3.2,1.75,3.6,3.8,Bet365,0.5,2.0,1.8,0.5,1.87,1.92,Bet365,3.25,1.9,1.9,3.0,1.8,2.0,Bet365,//www.nowgoal5.com/oddscomp/1589944,1.6428571428571428,1.5714285714285714,7,7,0.38902755004143186,0.2345908368241658,0.3734634968983448,0.39016610007281355,0.39016610007281355,0.39659810672636986,0.5103711318083644
2018-10-06,Al Khor SC,Al Rayyan,1,0,5.0,4.0,1.5,4.0,3.7,1.72,Bet365,-0.75,2.08,1.72,-0.5,2.0,1.8,Bet365,3.0,2.0,1.8,3.0,2.0,1.8,Bet365,//www.nowgoal5.com/oddscomp/1589945,0.6666666666666666,1.4166666666666663,6,7,0.17279015513595167,0.2724373696300486,0.5528963899095326,0.5164695798597558,0.44606437960233986,0.1975176870679272,0.1975176870679272
2018-10-06,Al Shahaniya,Al-Ahli Doha,1,2,3.1,3.6,1.95,3.25,3.6,2.0,Bet365,-0.25,1.88,1.92,-0.25,2.02,1.78,Bet365,3.0,1.85,1.95,3.0,2.05,1.75,Bet365,//www.nowgoal5.com/oddscomp/1589946,1.642857142857143,1.6428571428571428,7,7,0.3749338190388761,0.23158330166599161,0.39005797830356836,0.5571465618347156,0.5571465618347156,0.530171057449535,0.530171057449535
2018-10-07,Al-Sadd,Al-Sailiya,1,1,1.18,6.0,10.0,1.2,6.0,11.0,Bet365,1.75,1.68,2.15,2.0,1.8,2.0,Bet365,3.75,1.85,1.95,4.0,1.82,1.97,Bet365,//www.nowgoal5.com/oddscomp/1589948,3.083333333333333,1.3333333333333333,6,6,0.7103521932165193,0.14817039021587308,0.13990121367971942,0.517093868864439,0.40199516722744927,0.6307749762562385,0.5414105748491042
2018-10-07,Al Duhail,Umm Salal,2,0,1.22,5.5,9.0,1.18,6.5,10.0,Bet365,1.75,1.9,1.9,2.0,1.87,1.92,Bet365,3.5,1.85,1.95,3.75,1.9,1.9,Bet365,//www.nowgoal5.com/oddscomp/1589947,2.357142857142857,1.3452380952380951,6,7,0.5880626241750755,0.19544336605421744,0.2150429590773222,0.37116835286186634,0.2366750618749312,0.49666067856831514,0.49666067856831514
2018-10-20,Al-Arabi SC,Al-Ahli Doha,0,3,2.2,3.5,2.7,2.62,3.6,2.25,Bet365,0.25,1.92,1.88,0.0,2.0,1.8,Bet365,3.0,1.9,1.9,3.0,1.92,1.87,Bet365,//www.nowgoal5.com/oddscomp/1589949,1.875,1.75,8,8,0.4045693117109087,0.219125642054815,0.3720976561027523,0.4565061080151325,0.5209044912129872,0.6160428641867804,0.6160428641867804
2018-10-20,Al Rayyan,Al-Garrafa,1,1,1.8,4.0,3.25,1.85,4.2,3.0,Bet365,0.5,1.9,1.9,0.5,1.9,1.9,Bet365,3.25,2.0,1.8,3.25,2.0,1.8,Bet365,//www.nowgoal5.com/oddscomp/1589950,1.3125,1.4375,8,8,0.3370979576567428,0.25554435097200445,0.4053468626547704,0.3377771696893262,0.3377771696893262,0.29506084986768366,0.29506084986768366
2018-10-20,Umm Salal,Qatar SC,1,1,1.8,3.75,3.4,2.1,3.6,2.87,Bet365,0.5,2.15,1.68,0.25,1.92,1.87,Bet365,3.0,2.0,1.8,2.75,1.77,2.02,Bet365,//www.nowgoal5.com/oddscomp/1589951,1.8125,1.5,8,8,0.441830570214761,0.22880073865739392,0.3269411599260416,0.44290573771251585,0.5002768661738276,0.5357086160375506,0.6386805425574459
2018-10-21,Al-Khuraitiat,Al Khor SC,1,5,2.37,3.4,2.5,3.0,3.4,2.15,Bet365,0.0,2.05,1.75,-0.25,1.87,1.92,Bet365,2.75,1.9,1.9,2.75,1.92,1.87,Bet365,//www.nowgoal5.com/oddscomp/1589952,1.1607142857142856,1.2767857142857142,8,7,0.32969258928292644,0.27438283001961683,0.39489630406389853,0.4550064075093668,0.5417668514415891,0.43838971106845853,0.43838971106845853
2018-10-21,Al-Sailiya,Al Shahaniya,1,3,1.44,4.0,5.75,1.55,3.8,5.25,Bet365,1.0,2.0,1.8,1.0,1.97,1.82,Bet365,3.25,2.0,1.8,3.25,1.97,1.82,Bet365,//www.nowgoal5.com/oddscomp/1589954,2.0,0.875,7,8,0.6291318064966871,0.21151473785469094,0.1599944801264082,0.505242064248904,0.505242064248904,0.3154472455962638,0.3154472455962638
2018-10-25,Al Duhail,Al-Khuraitiat,4,1,1.1,8.0,17.0,1.1,8.0,17.0,Bet365,2.5,1.8,2.0,2.5,1.87,1.92,Bet365,4.25,1.75,2.05,4.25,2.0,1.8,Bet365,//www.nowgoal5.com/oddscomp/1589959,2.650793650793651,0.746031746031746,7,9,0.772378535039447,0.14477140903766153,0.08366597495433978,0.3328203584386113,0.3328203584386113,0.24058740824179847,0.24058740824179847
2018-10-25,Al-Sailiya,Al Rayyan,1,2,3.25,3.6,1.9,4.0,3.75,1.72,Bet365,-0.25,2.02,1.78,-0.5,2.0,1.8,Bet365,3.25,1.82,1.98,3.0,1.77,2.02,Bet365,//www.nowgoal5.com/oddscomp/1589958,1.4375,1.0694444444444444,8,9,0.44873980083936943,0.2663346407818433,0.28492546383445944,0.671302776633419,0.7150745092274513,0.2399548609195314,0.30530162671799593
2018-10-26,Al-Arabi SC,Qatar SC,0,1,2.37,3.25,2.6,3.75,3.2,1.95,Bet365,0.0,1.85,1.95,-0.5,1.77,2.02,Bet365,2.75,1.85,1.95,2.75,1.82,1.97,Bet365,//www.nowgoal5.com/oddscomp/1589956,1.5555555555555556,1.7222222222222223,9,9,0.3404100744390335,0.2305222309500505,0.42506665943492156,0.44470335854137943,0.57322580198662,0.6332373964106051,0.6332373964106051
2018-10-26,Al-Garrafa,Al Khor SC,6,0,1.8,3.75,3.5,1.9,3.6,3.5,Bet365,0.5,1.75,2.05,0.5,2.0,1.8,Bet365,3.0,1.8,2.0,3.25,2.02,1.77,Bet365,//www.nowgoal5.com/oddscomp/1589957,1.6388888888888888,1.3333333333333337,9,8,0.43815439040084325,0.2431756448407499,0.31731096403095604,0.4387506528572458,0.4387506528572458,0.4407766364566596,0.3417870476181892
2018-10-27,Al Shahaniya,Umm Salal,1,1,3.8,3.6,1.72,4.0,3.6,1.75,Bet365,-0.5,2.0,1.8,-0.5,1.95,1.85,Bet365,3.0,1.82,1.98,2.75,1.85,1.95,Bet365,//www.nowgoal5.com/oddscomp/1589955,1.3333333333333337,1.7222222222222223,9,9,0.29025027218132016,0.23530974106590957,0.470439284262484,0.5276710682038448,0.5276710682038448,0.4685450525671604,0.5872898372228378
2018-10-27,Al-Ahli Doha,Al-Sadd,4,1,9.0,6.0,1.2,11.0,6.5,1.18,Bet365,-2.0,1.85,1.95,-2.0,1.97,1.82,Bet365,4.0,1.98,1.82,4.0,1.95,1.85,Bet365,//www.nowgoal5.com/oddscomp/1589960,1.0634920634920637,3.341269841269841,9,7,0.07762445547038713,0.11080079406744586,0.7970864476622158,0.4493314554014071,0.4493314554014071,0.5564511510270236,0.5564511510270236
2018-10-30,Al-Sailiya,Al Duhail,0,1,7.0,6.0,1.25,12.0,6.5,1.16,Bet365,-1.5,2.08,1.72,-2.0,1.95,1.85,Bet365,4.0,1.9,1.9,3.5,1.92,1.87,Bet365,//www.nowgoal5.com/oddscomp/1589928,1.2638888888888888,2.1666666666666665,9,8,0.20940556146079004,0.20179870746445924,0.5815007843310276,0.6354283186025831,0.7695443557607078,0.32226952067830533,0.44816059622299537
2018-11-02,Umm Salal,Al-Sadd,1,5,6.5,4.5,1.36,6.0,5.5,1.3,Bet365,-1.25,1.98,1.82,-1.75,1.8,2.0,Bet365,3.75,2.0,1.8,3.5,1.82,1.97,Bet365,//www.nowgoal5.com/oddscomp/1589963,1.25,2.8625,10,8,0.13359611187865306,0.15063343380518657,0.7039088993934257,0.485440848204903,0.485440848204903,0.5878621943954605,0.5878621943954605
2018-11-02,Al-Garrafa,Al Shahaniya,0,0,1.44,4.5,5.0,1.36,5.5,6.0,Bet365,1.0,1.82,1.98,1.5,1.87,1.92,Bet365,3.25,1.9,1.9,3.5,1.9,1.9,Bet365,//www.nowgoal5.com/oddscomp/1589961,2.0,1.25,10,10,0.5382082378910156,0.21924118387409108,0.24166730172497222,0.4030520308735327,0.3114749395462393,0.40079697856263685,0.40079697856263685
2018-11-03,Qatar SC,Al Rayyan,0,2,4.0,4.0,1.61,5.25,4.2,1.5,Bet365,-0.75,2.0,1.8,-1.25,1.8,2.0,Bet365,3.0,1.95,1.85,3.0,1.97,1.82,Bet365,//www.nowgoal5.com/oddscomp/1589966,1.1,1.35,10,10,0.2993705497218545,0.2710835419297639,0.4280868901195929,0.6445906868566904,0.7987283034014979,0.2930651773954155,0.2930651773954155
2018-11-03,Al Khor SC,Al-Ahli Doha,0,2,2.7,3.4,2.2,2.87,3.4,2.25,Bet365,-0.25,1.88,1.92,-0.25,1.8,2.0,Bet365,3.0,1.98,1.82,3.0,2.0,1.8,Bet365,//www.nowgoal5.com/oddscomp/1589964,1.4444444444444444,1.9,9,10,0.28531329604821576,0.22193184997480306,0.4874344067690558,0.44842492926136795,0.44842492926136795,0.5480428317934939,0.5480428317934939
2018-11-04,Al Duhail,Al-Arabi SC,2,0,1.12,7.0,13.0,1.11,9.0,13.0,Bet365,2.5,1.95,1.85,2.25,1.85,1.95,Bet365,3.75,1.8,2.0,3.75,1.85,1.95,Bet365,//www.nowgoal5.com/oddscomp/1589962,2.438888888888889,0.8833333333333333,9,10,0.7085900377925354,0.1714662266466133,0.12054041099898802,0.2680674162438708,0.2680674162438708,0.41195273494597584,0.41195273494597584
2018-11-04,Al-Khuraitiat,Al-Sailiya,0,5,4.5,3.75,1.6,3.25,3.4,2.0,Bet365,-1.0,1.9,1.9,-0.5,1.77,2.02,Bet365,3.25,1.8,2.0,3.25,1.95,1.85,Bet365,//www.nowgoal5.com/oddscomp/1589965,1.05,2.1,10,10,0.17574418554735544,0.20218566428572127,0.6152629797577642,0.49569059350811423,0.38052011510067996,0.3876385428557594,0.3876385428557594
2018-11-08,Al Duhail,Al Shahaniya,5,1,1.1,7.0,15.0,1.1,9.0,15.0,Bet365,2.5,1.8,2.0,2.75,1.87,1.92,Bet365,4.0,2.0,1.8,4.0,2.0,1.8,Bet365,//www.nowgoal5.com/oddscomp/1639485,2.1681818181818184,0.7545454545454545,10,11,0.6923616947964633,0.1889509997691374,0.11954296807671388,0.23146573600654563,0.23146573600654563,0.19368985756986848,0.19368985756986848
2018-11-08,Qatar SC,Al-Garrafa,0,2,3.5,4.0,1.72,3.75,4.0,1.75,Bet365,-0.5,2.0,1.8,-0.5,2.0,1.8,Bet365,3.25,1.85,1.95,3.0,1.85,1.95,Bet365,//www.nowgoal5.com/oddscomp/1639486,1.227272727272727,1.863636363636364,11,11,0.24395980089834998,0.2253036771114373,0.5256877856075388,0.47164468770429474,0.47164468770429474,0.3728392803090132,0.47976438990109044
2018-11-08,Al-Sadd,Al-Khuraitiat,7,1,1.08,8.0,17.0,1.05,8.5,26.0,Bet365,2.75,1.8,2.0,4.0,1.82,1.97,Bet365,4.5,1.9,1.9,5.25,1.97,1.82,Bet365,//www.nowgoal5.com/oddscomp/1639487,3.5202020202020203,0.8636363636363636,9,11,0.848774105897367,0.09554443934378076,0.05570427744926138,0.4865165601043108,0.18649634334742174,0.4238047929215584,0.255977326182141
2018-11-09,Al Khor SC,Al-Arabi SC,0,1,2.5,3.3,2.4,2.1,3.4,3.1,Bet365,0.0,1.65,2.2,0.25,1.85,1.95,Bet365,2.75,1.95,1.85,3.0,1.82,1.97,Bet365,//www.nowgoal5.com/oddscomp/1639489,1.445454545454545,1.5,10,11,0.35724600295353715,0.24624627830885135,0.3940818266295856,0.47548618444195867,0.40853748892210173,0.5616628299250189,0.43522486480699024
2018-11-09,Al-Ahli Doha,Al Rayyan,1,1,4.0,4.0,1.61,4.75,4.0,1.6,Bet365,-0.75,1.82,1.98,-0.75,2.0,1.8,Bet365,3.0,1.8,2.0,3.0,1.87,1.92,Bet365,//www.nowgoal5.com/oddscomp/1639488,1.3636363636363635,1.4545454545454546,11,11,0.3463847370326021,0.2523094223640181,0.3991833868968372,0.6694256114842371,0.6694256114842371,0.3985456836896118,0.3985456836896118
2018-11-09,Umm Salal,Al-Sailiya,0,2,2.65,3.5,2.2,2.15,3.75,2.9,Bet365,0.0,2.0,1.8,0.25,1.97,1.82,Bet365,3.0,1.85,1.95,2.75,1.77,2.02,Bet365,//www.nowgoal5.com/oddscomp/1639490,1.3181818181818183,1.9090909090909087,11,11,0.25676836180858487,0.22185783775345175,0.5159855590665989,0.33227700937160104,0.29056619666923905,0.5172720904124947,0.6242205942289281
2018-11-23,Qatar SC,Al-Ahli Doha,0,1,2.62,3.75,2.25,3.0,3.4,2.1,Bet365,-0.25,1.8,2.0,-0.25,1.9,1.9,Bet365,2.75,1.8,2.0,2.75,1.8,2.0,Bet365,//www.nowgoal5.com/oddscomp/1642891,1.375,1.75,12,12,0.29497545072430725,0.23272328945345078,0.4680962822487395,0.46772968354569094,0.46772968354569094,0.6022149677970526,0.6022149677970526
2018-11-23,Al-Khuraitiat,Al Shahaniya,0,1,2.35,3.75,2.5,2.8,3.6,2.2,Bet365,0.0,2.0,1.8,-0.25,1.77,2.02,Bet365,3.0,1.95,1.85,2.75,1.77,2.02,Bet365,//www.nowgoal5.com/oddscomp/1642892,1.3333333333333337,2.0416666666666665,12,12,0.24031702870138105,0.21213935546830281,0.5411673292060325,0.3075135494008859,0.39027111874393977,0.5571592885133012,0.6539436919248781
2018-11-23,Umm Salal,Al Rayyan,1,1,3.7,3.75,1.8,4.0,3.8,1.7,Bet365,-0.5,1.92,1.88,-0.75,1.8,2.0,Bet365,2.75,1.85,1.95,2.75,1.9,1.9,Bet365,//www.nowgoal5.com/oddscomp/1642893,1.125,1.5,12,12,0.2787461596083437,0.25698851345214746,0.4618396270793715,0.5370373645204973,0.6068796026811286,0.4867941318242929,0.4867941318242929
2018-11-24,Al-Arabi SC,Al-Sadd,0,3,11.0,7.0,1.16,11.0,7.0,1.16,Bet365,-2.25,1.9,1.9,-2.5,1.85,1.95,Bet365,4.0,1.9,1.9,4.0,1.9,1.9,Bet365,//www.nowgoal5.com/oddscomp/1642896,1.0,3.208333333333333,12,10,0.07780429793336083,0.11504399945660831,0.7933748878061279,0.571128228234003,0.571128228234003,0.5124337018706288,0.5124337018706288
2018-11-24,Al-Sailiya,Al-Garrafa,2,1,2.8,3.8,2.1,3.5,3.8,1.83,Bet365,-0.25,1.88,1.92,-0.5,1.9,1.9,Bet365,3.25,2.0,1.8,3.0,1.8,2.0,Bet365,//www.nowgoal5.com/oddscomp/1642895,1.5833333333333337,1.5416666666666663,12,12,0.381357220470244,0.23838605461362586,0.37754574789251194,0.5700404628259074,0.6214279519835312,0.3770491101312778,0.4857663677489811
2018-11-24,Al Khor SC,Al Duhail,0,1,11.0,6.0,1.2,11.0,7.0,1.16,Bet365,-1.75,2.02,1.78,-2.0,1.9,1.9,Bet365,3.5,1.92,1.88,3.25,1.82,1.97,Bet365,//www.nowgoal5.com/oddscomp/1642894,0.6818181818181819,2.409090909090909,11,11,0.08383678197938856,0.15487907482918076,0.7522782533433547,0.46691885691226104,0.5979296468109755,0.3769349381240048,0.3769349381240048
2018-11-28,Al Khor SC,Al-Sadd,1,2,11.0,6.0,1.16,13.0,6.0,1.16,Bet365,-2.25,1.95,1.85,-1.75,2.0,1.8,Bet365,3.5,1.8,2.0,3.5,1.9,1.9,Bet365,//www.nowgoal5.com/oddscomp/1644489,0.7878787878787878,3.098484848484848,12,11,0.060295476720675895,0.1086000873251088,0.8179205006796096,0.556489760777287,0.35012552208529363,0.5454600395550089,0.5454600395550089
2018-11-30,Al-Ahli Doha,Umm Salal,0,0,2.5,3.6,2.3,2.1,3.6,2.9,Bet365,0.0,1.8,2.0,0.25,1.95,1.85,Bet365,2.75,1.9,1.9,2.75,1.92,1.87,Bet365,//www.nowgoal5.com/oddscomp/1642897,1.7692307692307692,1.4615384615384617,13,13,0.4403583802482842,0.2320662510788679,0.3254054295081663,0.5750577066162729,0.4993875149957548,0.6221278657932818,0.6221278657932818
2018-11-30,Al-Sailiya,Qatar SC,0,1,1.95,3.6,3.1,1.9,3.4,3.6,Bet365,0.5,1.9,1.9,0.25,1.8,2.0,Bet365,3.0,1.9,1.9,3.25,1.92,1.87,Bet365,//www.nowgoal5.com/oddscomp/1642898,1.807692307692308,1.0,13,13,0.5559892963560109,0.2331504688685541,0.2111281059338188,0.5558404027434515,0.6291659263079198,0.389648244198499,0.30251467232269225
2018-12-01,Al-Arabi SC,Al-Khuraitiat,2,1,1.9,3.75,3.1,1.8,4.0,3.5,Bet365,0.5,1.82,1.98,0.5,1.85,1.95,Bet365,3.0,1.82,1.98,3.0,2.02,1.77,Bet365,//www.nowgoal5.com/oddscomp/1642899,1.9615384615384617,1.3461538461538465,13,13,0.508042513778795,0.22201928699389542,0.26849868030743984,0.508774904880325,0.508774904880325,0.5327398245372738,0.5327398245372738
2018-12-02,Al-Garrafa,Al-Sadd,1,8,5.5,5.0,1.36,5.5,5.0,1.4,Bet365,-1.0,2.05,1.75,-1.25,2.0,1.8,Bet365,3.75,1.9,1.9,3.75,1.85,1.95,Bet365,//www.nowgoal5.com/oddscomp/1642900,1.419871794871795,2.7371794871794872,13,12,0.17120257744228506,0.16558976512234658,0.652088975595902,0.42624372772775015,0.5415547458134388,0.5955111946158695,0.5955111946158695
2018-12-02,Al Rayyan,Al Duhail,2,2,4.75,4.2,1.5,4.5,3.8,1.65,Bet365,-0.75,1.98,1.82,-0.75,1.95,1.85,Bet365,3.0,1.95,1.85,3.0,1.85,1.95,Bet365,//www.nowgoal5.com/oddscomp/1642901,0.8301282051282051,1.8365384615384617,13,12,0.16095346363326468,0.22187776726024525,0.6123221430073629,0.440106833119343,0.440106833119343,0.3594655734255498,0.3594655734255498
2018-12-02,Al Shahaniya,Al Khor SC,1,1,2.87,3.5,2.1,2.87,3.6,2.15,Bet365,-0.25,1.78,2.02,-0.25,1.87,1.92,Bet365,2.5,1.8,2.0,2.5,1.95,1.85,Bet365,//www.nowgoal5.com/oddscomp/1642902,1.3846153846153846,1.2307692307692308,13,13,0.39815585350268223,0.2637024529559263,0.3373675549715826,0.6110474743244432,0.6110474743244432,0.4822708597770584,0.4822708597770584
2018-12-06,Al-Garrafa,Al-Ahli Doha,1,3,2.3,3.6,2.5,1.95,4.0,3.4,Bet365,0.25,1.85,1.95,0.25,1.82,1.97,Bet365,3.0,1.8,2.0,3.0,1.8,2.0,Bet365,//www.nowgoal5.com/oddscomp/1642903,1.6785714285714286,1.6785714285714286,14,14,0.37596473502597416,0.22877474608650797,0.3915775322008195,0.426297878945143,0.426297878945143,0.5491986160706851,0.5491986160706851
2018-12-06,Al-Khuraitiat,Al Rayyan,0,6,9.0,6.0,1.2,11.0,5.75,1.25,Bet365,-2.0,1.7,2.1,-1.75,1.82,1.97,Bet365,3.5,2.05,1.75,3.25,1.87,1.92,Bet365,//www.nowgoal5.com/oddscomp/1642904,0.8571428571428572,2.0357142857142856,14,14,0.14496229620350526,0.20158203007875145,0.6471236342069611,0.7373832528447416,0.5918896719737351,0.33136837395389074,0.33136837395389074
2018-12-07,Al Duhail,Qatar SC,1,1,1.1,8.0,13.0,1.1,9.0,13.0,Bet365,2.5,1.9,1.9,2.25,1.82,1.97,Bet365,3.75,1.8,2.0,4.0,1.97,1.82,Bet365,//www.nowgoal5.com/oddscomp/1642905,2.131868131868132,0.8104395604395604,13,14,0.6715499769483648,0.19561413896967272,0.13360884959779518,0.21699973994597757,0.21699973994597757,0.3291421590386551,0.19833632502918244
2018-12-07,Al Shahaniya,Al-Sadd,1,4,7.5,6.0,1.22,13.0,7.5,1.12,Bet365,-1.75,2.05,1.75,-2.5,1.87,1.92,Bet365,4.0,2.02,1.78,3.75,1.85,1.95,Bet365,//www.nowgoal5.com/oddscomp/1642906,0.925824175824176,3.087912087912088,14,13,0.0759382516540596,0.11817567793686351,0.7927597362774931,0.3796897969910307,0.5824686915964491,0.46711485405187875,0.5699756941061752
2018-12-08,Umm Salal,Al-Arabi SC,0,3,2.1,3.6,2.8,2.2,3.6,2.7,Bet365,0.25,1.92,1.88,0.25,2.0,1.8,Bet365,2.5,1.75,2.05,2.5,1.85,1.95,Bet365,//www.nowgoal5.com/oddscomp/1642908,1.5714285714285714,1.3571428571428572,14,14,0.4169288743805624,0.24650791002494626,0.3350601220005875,0.47635787722334566,0.47635787722334566,0.556818243625081,0.556818243625081
2018-12-08,Al Khor SC,Al-Sailiya,1,2,4.5,4.2,1.53,3.4,3.6,1.9,Bet365,-0.75,2.05,1.75,-0.5,1.82,1.97,Bet365,3.0,2.0,1.8,2.75,1.82,1.97,Bet365,//www.nowgoal5.com/oddscomp/1642907,0.8928571428571428,1.7857142857142858,14,14,0.18081270324974402,0.22903684771189858,0.5856815827199535,0.4702640907164811,0.41168933556700404,0.362363762611926,0.5017358987871188
2018-12-11,Al-Sadd,Al Duhail,3,1,2.0,4.0,2.75,1.85,4.0,3.3,Bet365,0.5,2.05,1.75,0.5,1.92,1.87,Bet365,3.25,1.82,1.98,2.75,1.97,1.82,Bet365,//www.nowgoal5.com/oddscomp/1589953,2.571428571428572,1.75,14,14,0.5415606314821901,0.18836700574249113,0.2658220822384818,0.5438722410829911,0.5438722410829911,0.6179465512839885,0.8002479292937716
2019-04-13,Al-Arabi SC,Al Duhail,0,3,4.5,3.75,1.6,5.5,4.0,1.5,Bet365,-1.0,1.75,2.05,-1.0,2.0,1.8,Bet365,2.75,1.65,2.2,3.25,1.97,1.82,Bet365,//www.nowgoal5.com/oddscomp/1671113,1.1666666666666667,1.9166666666666663,6,6,0.22317151233714677,0.22056751791914064,0.5508161886172549,0.5793596914149488,0.5793596914149488,0.5944066273126813,0.3716762047020693
2019-04-13,Al-Sadd,Umm Salal,6,1,1.16,7.0,9.0,1.16,7.5,10.0,Bet365,2.25,2.15,1.68,1.75,1.82,1.97,Bet365,4.25,1.85,1.95,4.5,1.97,1.82,Bet365,//www.nowgoal5.com/oddscomp/1671114,3.333333333333333,1.0833333333333337,6,6,0.7908673434094561,0.12002789384467477,0.08862925142136992,0.41146265746920996,0.6114032718729031,0.43277433645279745,0.43277433645279745
2019-04-13,Al Shahaniya,Al-Garrafa,3,1,3.0,3.4,2.15,3.0,3.3,2.2,Bet365,0.0,2.1,1.7,-0.25,1.8,2.0,Bet365,2.75,1.65,2.2,3.0,1.8,2.0,Bet365,//www.nowgoal5.com/oddscomp/1671117,1.4166666666666663,1.0,6,6,0.4600308895016765,0.2704764265735077,0.2697621902023476,0.6303579772066996,0.6881474781453667,0.43054793974537103,0.27938290779203584
2019-04-13,Al-Ahli Doha,Al Khor SC,1,1,2.4,3.6,2.4,2.3,3.25,2.87,Bet365,0.0,1.82,1.98,0.0,1.82,1.97,Bet365,2.75,1.8,2.0,3.0,1.97,1.82,Bet365,//www.nowgoal5.com/oddscomp/1671118,1.1666666666666663,2.1666666666666665,6,6,0.19052933983388232,0.19965230603070672,0.6025234379833183,0.24024799504302277,0.24024799504302277,0.64653861458221,0.5474284865761492
2019-04-13,Al Rayyan,Qatar SC,4,3,1.6,3.75,4.5,1.83,3.6,3.75,Bet365,0.75,2.0,1.8,0.5,1.82,1.97,Bet365,3.0,1.8,2.0,3.0,1.8,2.0,Bet365,//www.nowgoal5.com/oddscomp/1671115,1.9166666666666663,1.4166666666666667,6,6,0.48266417151225716,0.22434383561764998,0.29111277709074246,0.42108765469756115,0.4835729093539815,0.5402536541658793,0.5402536541658793
2019-04-13,Al-Sailiya,Al-Khuraitiat,5,2,1.66,4.2,3.6,1.75,4.0,3.4,Bet365,0.5,1.75,2.05,0.5,1.8,2.0,Bet365,3.0,1.8,2.0,3.25,1.95,1.85,Bet365,//www.nowgoal5.com/oddscomp/1671116,1.0,1.25,6,6,0.2910006463739013,0.2850566120364644,0.42306412217683814,0.29125655003286405,0.29125655003286405,0.23791946821440854,0.19044390373065617
2019-10-19,Al Rayyan,Qatar SC,5,0,1.18,7.0,10.0,1.3,5.75,7.0,Bet365,2.0,2.0,1.8,1.5,1.92,1.87,Bet365,4.0,1.9,1.9,3.5,1.85,1.95,Bet365,//www.nowgoal5.com/oddscomp/1778891,1.9166666666666663,0.8333333333333333,6,6,0.6223167702573944,0.2184773937571478,0.1599406632399744,0.2149943592306652,0.3671028103015196,0.16196503203487045,0.2881544053385241
2019-10-19,Al-Sailiya,Al-Wakra,3,1,2.25,3.4,2.8,2.25,3.4,2.8,Bet365,0.25,1.98,1.82,0.25,2.02,1.77,Bet365,2.5,1.9,1.9,2.75,1.8,2.0,Bet365,//www.nowgoal5.com/oddscomp/1778893,1.6666666666666663,1.75,6,6,0.3597843869015035,0.22602915251840303,0.409980780877163,0.4075584984039575,0.4075584984039575,0.6602388865358779,0.6602388865358779
2019-10-19,Al-Ahli Doha,Al Shahaniya,2,2,1.3,5.5,7.0,1.45,4.5,5.0,Bet365,1.5,1.9,1.9,1.0,1.85,1.95,Bet365,3.5,1.95,1.85,3.0,1.9,1.9,Bet365,//www.nowgoal5.com/oddscomp/1778892,2.25,1.1666666666666663,6,6,0.608246946934957,0.19897004362127466,0.19232586358719417,0.38068022079021374,0.49301005220035105,0.43539225323100894,0.5589638881241333
2019-10-20,Umm Salal,Al Duhail,0,1,8.0,6.5,1.22,7.0,5.25,1.33,Bet365,-1.75,1.9,1.9,-1.5,1.9,1.9,Bet365,4.0,2.02,1.78,3.5,1.97,1.82,Bet365,//www.nowgoal5.com/oddscomp/1778895,1.0833333333333337,1.9166666666666663,6,6,0.20538384020504152,0.21951349756618815,0.5696578942882768,0.6620644332795401,0.6620644332795401,0.22372146912718704,0.35361913613673107
2019-10-24,Al-Wakra,Al Khor SC,0,0,2.2,3.75,2.7,2.05,3.75,2.9,Bet365,0.25,1.98,1.82,0.25,1.87,1.92,Bet365,3.25,2.02,1.78,3.0,1.85,1.95,Bet365,//www.nowgoal5.com/oddscomp/1778897,1.7738095238095235,1.6428571428571428,7,6,0.40393499600095534,0.22649623224590637,0.3661430892478393,0.4572885932441157,0.4572885932441157,0.4404892813257382,0.5640892651793532
2019-10-24,Umm Salal,Qatar SC,0,5,2.4,3.6,2.5,2.1,3.6,3.2,Bet365,0.0,1.7,2.1,0.25,1.92,1.87,Bet365,3.25,2.02,1.78,2.75,1.82,1.97,Bet365,//www.nowgoal5.com/oddscomp/1778898,1.6428571428571428,1.2142857142857144,7,7,0.46592967441515676,0.24590649756242808,0.2874768280648327,0.6184306518213677,0.5316648485335151,0.31562563711764746,0.5394588342683376
2019-10-25,Al Shahaniya,Al-Sailiya,0,0,4.33,4.0,1.61,5.25,4.2,1.53,Bet365,-0.75,1.88,1.92,-1.0,1.9,1.9,Bet365,3.25,2.05,1.75,2.75,1.82,1.97,Bet365,//www.nowgoal5.com/oddscomp/1778899,1.1428571428571428,2.0,7,7,0.20683528066152623,0.21314205692922256,0.5739560736047551,0.47748518596808676,0.5488547096404621,0.3852739039346003,0.6073993491417117
2019-10-25,Al-Arabi SC,Al Rayyan,1,2,3.75,4.0,1.72,3.2,4.0,1.9,Bet365,-0.5,2.02,1.78,-0.5,1.82,1.97,Bet365,3.0,2.02,1.78,3.0,1.82,1.97,Bet365,//www.nowgoal5.com/oddscomp/1778900,1.5952380952380951,1.7142857142857142,6,7,0.3507113117287668,0.22981790406914337,0.4155277792180939,0.5828273067733265,0.5828273067733265,0.5371622717202872,0.5371622717202872
2019-10-26,Al Duhail,Al-Garrafa,2,1,1.61,3.6,4.75,1.61,3.6,5.0,Bet365,0.5,1.68,2.15,0.75,1.77,2.02,Bet365,2.75,1.75,2.05,3.0,1.92,1.87,Bet365,//www.nowgoal5.com/oddscomp/1778902,1.4285714285714284,1.4285714285714286,7,7,0.36743925606123884,0.2508988198690427,0.3797089389689884,0.3681582636648871,0.29798199366918315,0.5411633542028665,0.4093322514764727
2019-10-31,Qatar SC,Al Shahaniya,1,0,2.0,3.5,3.6,2.2,3.5,3.1,Bet365,0.5,2.02,1.78,0.25,1.87,1.92,Bet365,2.75,2.0,1.8,2.25,1.82,1.97,Bet365,//www.nowgoal5.com/oddscomp/1778907,1.6875,1.3125,8,8,0.4541863201458123,0.24059677543270358,0.303981414943622,0.45474815670850294,0.5170220095627133,0.5723314920194043,0.5723314920194043
2019-10-31,Al-Sailiya,Al Rayyan,0,2,3.6,3.6,1.95,3.3,3.4,2.0,Bet365,-0.5,1.78,2.02,-0.5,1.8,2.0,Bet365,2.75,1.82,1.98,3.0,1.82,1.97,Bet365,//www.nowgoal5.com/oddscomp/1778904,1.0625,1.875,8,8,0.20648521516635876,0.22302494479009077,0.5653563109630789,0.43172644019198364,0.43172644019198364,0.5623637057281431,0.4370089929112697
2019-11-01,Al-Arabi SC,Al-Wakra,2,2,1.7,3.75,4.2,1.72,3.6,4.2,Bet365,0.5,1.75,2.05,0.75,1.95,1.85,Bet365,2.75,1.98,1.82,2.75,1.82,1.97,Bet365,//www.nowgoal5.com/oddscomp/1778906,2.071428571428571,1.3214285714285714,7,8,0.5368449165316997,0.21457051871592242,0.24729082737730335,0.5375403525764386,0.47965594823155083,0.65302655303619,0.65302655303619
2019-11-01,Al-Ahli Doha,Umm Salal,1,0,1.61,4.2,4.2,1.57,4.2,4.5,Bet365,0.75,1.82,1.98,0.75,1.87,1.92,Bet365,3.25,1.88,1.92,3.0,1.77,2.02,Bet365,//www.nowgoal5.com/oddscomp/1778905,2.0,1.375,8,8,0.5097884526943224,0.21940546179655174,0.26918860616211465,0.45036357153794265,0.45036357153794265,0.42886968317177393,0.5506135635445005
2019-11-02,Al Khor SC,Al-Garrafa,1,3,3.8,4.0,1.65,5.5,4.2,1.44,Bet365,-0.75,1.9,1.9,-1.0,2.0,1.8,Bet365,2.75,1.82,1.98,2.75,1.87,1.92,Bet365,//www.nowgoal5.com/oddscomp/1778903,1.0535714285714286,1.7232142857142856,7,8,0.2258140179512625,0.23721675896150274,0.5329613310715371,0.5278561825926787,0.6105442423436496,0.5246412512538449,0.5246412512538449
2019-11-02,Al Duhail,Al-Sadd,4,1,3.0,3.6,2.05,3.1,3.6,2.0,Bet365,-0.25,1.98,1.82,-0.25,1.95,1.85,Bet365,2.75,1.8,2.0,3.25,1.8,2.0,Bet365,//www.nowgoal5.com/oddscomp/1778908,1.625,2.104166666666667,8,6,0.29015056643053305,0.20847562844707812,0.49453534686169787,0.4436695392936009,0.4436695392936009,0.7170330495723041,0.5092518242848301
2019-11-07,Al Rayyan,Al Shahaniya,2,2,1.28,6.0,6.0,1.16,6.0,11.0,Bet365,1.75,1.95,1.85,2.0,1.97,1.82,Bet365,3.75,1.95,1.85,3.5,1.97,1.82,Bet365,//www.nowgoal5.com/oddscomp/1778910,2.2222222222222223,0.6666666666666667,9,9,0.7240230961412342,0.17790400562226977,0.09899524225344983,0.47614674895841325,0.32718152030529507,0.3157701994232614,0.3157701994232614
2019-11-07,Al-Arabi SC,Al-Sailiya,1,2,1.9,3.4,3.6,2.15,3.5,2.87,Bet365,0.5,1.95,1.85,0.25,1.9,1.9,Bet365,2.5,1.82,1.98,3.0,2.02,1.77,Bet365,//www.nowgoal5.com/oddscomp/1778909,1.7847222222222223,1.1805555555555556,8,9,0.5069843339292199,0.2355317651746245,0.2569697444550614,0.5072451372837681,0.5749947334418503,0.5636090848188476,0.4368850247438413
2019-11-08,Al-Wakra,Al-Ahli Doha,2,1,2.9,3.4,2.2,2.6,3.3,2.5,Bet365,-0.25,1.8,2.0,0.0,1.97,1.82,Bet365,2.5,1.82,1.98,2.75,1.8,2.0,Bet365,//www.nowgoal5.com/oddscomp/1778913,1.6111111111111112,1.8333333333333333,9,9,0.3325456025629857,0.2233689474575482,0.43926210182550984,0.5028115554326903,0.43086587588091263,0.6659026087198728,0.6659026087198728
2019-11-08,Al Khor SC,Al Duhail,2,3,13.0,8.0,1.12,13.0,8.0,1.12,Bet365,-2.5,1.75,2.05,-2.25,1.82,1.97,Bet365,4.0,2.05,1.75,3.75,2.0,1.8,Bet365,//www.nowgoal5.com/oddscomp/1778912,0.8819444444444444,1.875,8,9,0.16763818785395448,0.2192149482832142,0.6080133431264038,0.8233732518357262,0.8233732518357262,0.1748739172028572,0.30070391352436565
2019-11-09,Al-Sadd,Qatar SC,0,3,1.14,7.0,11.0,1.14,7.0,11.0,Bet365,2.25,1.95,1.85,2.5,2.0,1.8,Bet365,4.0,1.85,1.95,4.25,1.92,1.87,Bet365,//www.nowgoal5.com/oddscomp/1778911,2.388888888888889,1.4841269841269842,7,9,0.5635802811866071,0.19570248107661528,0.23837476938946417,0.18536060471295432,0.18536060471295432,0.4182521641409548,0.336365020741696
2019-11-09,Al-Garrafa,Umm Salal,2,0,1.44,4.75,5.25,1.61,4.0,4.5,Bet365,1.25,2.02,1.78,0.75,1.82,1.97,Bet365,3.5,1.92,1.88,3.0,1.77,2.02,Bet365,//www.nowgoal5.com/oddscomp/1778914,2.055555555555556,1.0,9,9,0.6094258862977316,0.21041721244834224,0.18042056147628532,0.36818493638541283,0.5557105248925139,0.3559574197866787,0.4598488333663089
2020-02-27,Al-Sadd,Al-Arabi SC,1,1,1.25,6.0,8.0,1.22,6.0,8.5,Bet365,1.75,2.0,1.8,2.25,1.97,1.82,Bet365,3.25,1.65,2.2,4.25,1.97,1.82,Bet365,//www.nowgoal5.com/oddscomp/1826925,2.5595238095238093,1.2261904761904765,7,6,0.6510561167020358,0.17804224678779418,0.17010842658332734,0.43520343502004655,0.2443606196138092,0.5122020296971882,0.31701724370928647
2020-03-05,Umm Salal,Al Shahaniya,2,2,2.1,3.6,2.9,1.8,3.75,3.75,Bet365,0.25,1.95,1.85,0.5,1.85,1.95,Bet365,2.75,1.75,2.05,2.5,1.85,1.95,Bet365,//www.nowgoal5.com/oddscomp/1826929,1.6666666666666667,1.5,6,6,0.4090058067849789,0.23622602660547726,0.35234165230268083,0.4650644567041078,0.4100006792991218,0.6092629238406837,0.6092629238406837
2020-03-05,Al-Garrafa,Al-Wakra,2,1,1.85,3.75,3.5,1.95,3.6,3.25,Bet365,0.5,1.95,1.85,0.25,1.8,2.0,Bet365,2.75,1.92,1.88,2.75,1.98,1.83,Bet365,//www.nowgoal5.com/oddscomp/1826930,1.0833333333333337,1.5833333333333337,6,6,0.2544548893468209,0.25023163574565943,0.49231255485021724,0.25522078652414176,0.29184513617424035,0.4975044913451672,0.4975044913451672
2020-03-06,Al-Ahli Doha,Qatar SC,2,2,2.5,3.4,2.4,2.15,3.25,2.9,Bet365,0.25,1.85,1.95,0.25,1.93,1.88,Bet365,2.75,1.85,1.95,2.75,1.98,1.83,Bet365,//www.nowgoal5.com/oddscomp/1826931,0.6666666666666666,0.9166666666666669,6,6,0.25040578441374245,0.35201222661041975,0.3981185967850699,0.3036949950096971,0.3036949950096971,0.2130491851511681,0.2130491851511681
2020-03-06,Al-Arabi SC,Al Khor SC,1,0,1.9,3.6,3.4,2.2,3.25,3.0,Bet365,0.5,1.98,1.82,0.25,1.95,1.85,Bet365,2.75,1.8,2.0,2.75,1.9,1.9,Bet365,//www.nowgoal5.com/oddscomp/1826932,1.2142857142857144,1.5714285714285714,7,7,0.2882582900782841,0.24890018364748923,0.45992409683887303,0.2891017239575695,0.33033183740101474,0.5256862430592161,0.5256862430592161
2020-03-07,Al Rayyan,Al-Sadd,1,0,4.2,3.8,1.7,5.25,4.0,1.5,Bet365,-0.5,2.1,1.7,-1.0,1.93,1.88,Bet365,3.0,1.62,2.25,3.75,2.0,1.8,Bet365,//www.nowgoal5.com/oddscomp/1826934,1.4583333333333337,1.9166666666666667,6,8,0.28558364734367514,0.22074361996908276,0.48822774865974017,0.5090993048963307,0.6460772947555715,0.5560685483843385,0.4342936856191223
2020-03-07,Al-Sailiya,Al Duhail,1,2,4.5,3.75,1.6,7.0,4.2,1.44,Bet365,-0.75,2.1,1.7,-1.0,2.05,1.75,Bet365,2.75,1.9,1.9,2.75,2.02,1.78,Bet365,//www.nowgoal5.com/oddscomp/1826933,0.75,1.3333333333333337,6,6,0.20710659891263666,0.28363602536778787,0.5078990835603274,0.5658779000855089,0.6669462738571863,0.3470033659878971,0.3470033659878971
2020-09-07,Al-Sailiya,Al-Sadd,1,5,4.2,4.2,1.57,7.0,4.5,1.33,Bet365,-1.25,1.92,1.88,-1.5,1.72,2.07,Bet365,2.75,1.9,1.9,3.25,1.97,1.82,Bet365,//www.nowgoal5.com/oddscomp/1912963,0.5833333333333333,1.25,6,6,0.17122050863989063,0.29930391030405645,0.5285969669643682,0.7517422238136754,0.7517422238136754,0.2803747670385742,0.11625010180101188
2020-09-07,Al-Garrafa,Al Rayyan,1,3,3.75,4.0,1.66,2.5,3.4,2.7,Bet365,-0.5,1.85,1.95,0.0,1.87,1.92,Bet365,2.5,1.95,1.85,2.5,1.9,1.9,Bet365,//www.nowgoal5.com/oddscomp/1912967,0.75,1.0,6,6,0.2629228573069594,0.3313998860711591,0.4059469353851822,0.5941625103671231,0.3930852614059879,0.2564510182199088,0.2564510182199088
2020-09-08,Al-Wakra,Al Duhail,1,0,4.5,4.5,1.5,7.0,4.33,1.45,Bet365,-1.0,1.98,1.82,-1.0,1.97,1.82,Bet365,2.5,1.85,1.95,2.75,1.9,1.9,Bet365,//www.nowgoal5.com/oddscomp/1912965,0.5833333333333334,1.1666666666666663,6,6,0.18256975446699825,0.3137377250387266,0.5032491568401276,0.6884661287055813,0.6884661287055813,0.25791287139465147,0.25791287139465147
2020-09-08,Umm Salal,Al Khor SC,0,0,2.2,3.2,2.9,2.0,3.4,3.8,Bet365,0.25,1.85,1.95,0.5,2.0,1.8,Bet365,2.25,1.78,2.02,2.5,2.02,1.77,Bet365,//www.nowgoal5.com/oddscomp/1912966,1.0833333333333337,1.25,6,6,0.3140373615345836,0.28078221974806006,0.404301792648919,0.3656996552686348,0.314313525591831,0.41155633436150635,0.41155633436150635
2020-09-08,Al-Ahli Doha,Al-Arabi SC,2,0,2.8,3.2,2.25,2.7,3.4,2.45,Bet365,-0.25,1.8,2.0,0.0,2.0,1.8,Bet365,2.75,1.95,1.85,2.5,1.92,1.87,Bet365,//www.nowgoal5.com/oddscomp/1914590,0.8333333333333333,0.9166666666666666,6,6,0.30678897485466244,0.3352528144339448,0.3584948177725435,0.5695876724290193,0.4611400101047896,0.25564950738940656,0.25564950738940656
2020-09-12,Al-Wakra,Umm Salal,2,0,1.61,4.0,4.0,2.15,3.25,2.9,Bet365,0.25,2.0,1.8,0.25,1.92,1.87,Bet365,2.75,1.95,1.85,2.5,1.9,1.9,Bet365,//www.nowgoal5.com/oddscomp/1913655,0.9285714285714286,0.6428571428571428,7,7,0.40339829470159067,0.35337124911302353,0.2441707235661303,0.4894097937008684,0.4894097937008684,0.2072633825554845,0.2072633825554845
2020-09-12,Qatar SC,Al Rayyan,1,0,9.0,6.0,1.2,5.5,4.75,1.4,Bet365,-1.0,1.9,1.9,-1.25,1.77,2.02,Bet365,3.25,1.9,1.9,2.75,1.82,1.97,Bet365,//www.nowgoal5.com/oddscomp/1913658,0.4285714285714285,1.2857142857142856,7,7,0.12186442684114018,0.2934665693884947,0.5835898873843014,0.5936387841970663,0.7153879816062019,0.09808332661141972,0.24955468817672552
2020-09-13,Al-Arabi SC,Al-Garrafa,1,2,3.2,3.6,1.9,3.0,3.6,2.05,Bet365,-0.5,1.78,2.02,-0.25,1.97,1.82,Bet365,2.5,1.9,1.9,2.5,2.0,1.8,Bet365,//www.nowgoal5.com/oddscomp/1913654,0.7857142857142857,1.1428571428571428,7,7,0.24830064245454142,0.30868062757120646,0.4426906961796865,0.557164038659545,0.47631122659083175,0.3045415188928513,0.3045415188928513
2020-09-13,Al Khor SC,Al-Ahli Doha,0,1,3.0,3.3,2.1,4.2,3.6,1.66,Bet365,-0.25,2.0,1.8,-0.75,1.8,2.0,Bet365,2.5,2.0,1.8,2.5,1.95,1.85,Bet365,//www.nowgoal5.com/oddscomp/1913657,1.1428571428571428,1.1428571428571428,7,7,0.3524653238075887,0.2860066956646579,0.361199926639108,0.5783667950888736,0.7140331976926682,0.3982966711756202,0.3982966711756202
2020-12-27,Al-Ahli Doha,Al Duhail,3,5,3.8,4.0,1.72,8.0,5.25,1.28,Bet365,-1.25,1.78,2.02,-1.5,1.95,1.85,Bet365,3.0,1.82,1.98,3.25,1.97,1.82,Bet365,//www.nowgoal5.com/oddscomp/1960570,1.4523809523809523,2.25,6,7,0.23479799420231334,0.1987597977881593,0.5585466633127025,0.6486221783175595,0.6486221783175595,0.6378268219633565,0.5049951378138147
2020-12-27,Al Khor SC,Al Rayyan,0,1,3.2,3.6,1.9,6.5,4.33,1.4,Bet365,-0.75,1.92,1.88,-1.25,1.77,2.02,Bet365,2.75,1.85,1.95,2.5,1.8,2.0,Bet365,//www.nowgoal5.com/oddscomp/1960568,0.6666666666666667,1.4166666666666663,6,6,0.17279015513595167,0.2724373696300486,0.5528963899095326,0.5164695798597558,0.718704639563186,0.34765506641303806,0.34765506641303806
2020-12-27,Al-Sailiya,Al-Arabi SC,0,1,2.0,3.75,2.87,3.0,3.5,2.1,Bet365,0.0,2.0,1.8,-0.25,1.9,1.9,Bet365,2.75,2.0,1.8,2.75,1.87,1.92,Bet365,//www.nowgoal5.com/oddscomp/1960569,1.5833333333333333,1.5,6,6,0.3897732465019086,0.24019904174170104,0.36760152136521795,0.5146372219390997,0.581068612398981,0.5917459869330242,0.5917459869330242
2020-12-28,Al-Wakra,Al-Khuraitiat,2,1,1.53,4.0,4.75,1.61,3.3,5.75,Bet365,0.75,1.95,1.85,0.75,1.85,1.95,Bet365,2.75,1.82,1.98,2.25,1.8,2.0,Bet365,//www.nowgoal5.com/oddscomp/1960573,1.1666666666666663,1.0833333333333337,6,6,0.37210328906752593,0.28861482842430974,0.33922317644919187,0.29466358791708136,0.29466358791708136,0.3884665476709108,0.3884665476709108
2020-12-28,Qatar SC,Al-Sadd,1,1,4.75,4.2,1.5,8.5,5.0,1.28,Bet365,-1.5,1.92,1.88,-1.75,1.85,1.95,Bet365,3.5,2.0,1.8,3.5,1.92,1.87,Bet365,//www.nowgoal5.com/oddscomp/1960572,1.3571428571428572,2.0595238095238093,6,7,0.24262211202198403,0.21101625823484915,0.5398530452332285,0.6746205890825935,0.6746205890825935,0.44435947029218675,0.44435947029218675
2020-12-28,Al-Garrafa,Umm Salal,1,1,1.36,4.75,6.0,1.44,4.5,5.5,Bet365,1.25,2.02,1.78,1.0,1.77,2.02,Bet365,2.75,1.82,1.98,2.75,1.77,2.02,Bet365,//www.nowgoal5.com/oddscomp/1960571,1.5833333333333333,1.0833333333333333,6,6,0.48233259242157567,0.2532432098175601,0.26436500771350796,0.24471659706818583,0.3210006511934232,0.49341644447976846,0.49341644447976846
2021-01-02,Al-Sadd,Al-Khuraitiat,5,0,1.05,11.0,21.0,1.05,11.0,17.0,Bet365,3.0,1.83,1.98,3.25,1.9,1.9,Bet365,4.25,1.95,1.85,4.5,1.98,1.83,Bet365,//www.nowgoal5.com/oddscomp/1961426,2.428571428571429,0.6607142857142857,8,7,0.7591948284395295,0.15757145052285237,0.08414282682561662,0.168544571937005,0.14199456112372336,0.18753200542101592,0.18753200542101592
2021-01-02,Al-Wakra,Al-Ahli Doha,0,2,2.25,3.4,2.7,2.0,3.5,3.25,Bet365,0.5,1.85,1.95,0.25,1.8,2.0,Bet365,2.75,1.9,1.9,2.5,2.0,1.8,Bet365,//www.nowgoal5.com/oddscomp/1961427,1.7857142857142858,1.5714285714285714,7,7,0.42101373208181936,0.22822683607443706,0.3478404350282249,0.42224626759228584,0.47681674748184805,0.6478252050742964,0.6478252050742964
2021-01-02,Al Rayyan,Al-Sailiya,0,2,1.57,3.75,4.75,1.55,3.75,5.0,Bet365,1.0,2.03,1.78,1.0,2.0,1.8,Bet365,2.75,1.95,1.85,2.75,1.9,1.9,Bet365,//www.nowgoal5.com/oddscomp/1961428,1.2142857142857144,0.9285714285714286,7,7,0.4216759662038464,0.29395707881155875,0.2848693232045288,0.23790962968781937,0.23790962968781937,0.35891739015852714,0.35891739015852714
2021-01-03,Umm Salal,Al Duhail,0,1,6.0,4.33,1.4,10.0,4.75,1.25,Bet365,-1.25,1.9,1.9,-1.5,1.95,1.85,Bet365,3.25,1.95,1.85,3.0,1.85,1.95,Bet365,//www.nowgoal5.com/oddscomp/1961429,1.3035714285714286,1.6875,7,8,0.2893282077134727,0.2382960156005467,0.4686287254878171,0.7492201019090213,0.7492201019090213,0.34955826167519266,0.4501686420519806
2021-01-03,Al-Arabi SC,Al Khor SC,3,0,1.8,3.6,3.6,1.55,4.0,5.0,Bet365,0.25,1.78,2.03,1.0,2.03,1.78,Bet365,2.75,1.85,1.95,2.75,1.95,1.85,Bet365,//www.nowgoal5.com/oddscomp/1961430,1.5714285714285714,1.0,7,7,0.4997518768067861,0.2555847253424468,0.24493260327425198,0.5727967234411623,0.33713470909208665,0.4693580746955089,0.4693580746955089
2021-01-03,Qatar SC,Al-Garrafa,2,2,2.2,3.4,2.75,2.4,3.4,2.63,Bet365,0.0,2.05,1.75,0.0,1.83,1.98,Bet365,2.75,1.85,1.95,2.5,1.85,1.95,Bet365,//www.nowgoal5.com/oddscomp/1961431,1.5714285714285716,1.4285714285714286,7,7,0.4017394589081722,0.24375185509722322,0.35255541542423163,0.5326026632008279,0.5326026632008279,0.5732070805462084,0.5732070805462084
2021-01-07,Al Rayyan,Al-Garrafa,2,1,3.25,3.3,2.0,2.7,3.2,2.38,Bet365,0.0,1.88,1.93,0.0,1.98,1.83,Bet365,2.5,1.88,1.93,2.75,1.88,1.93,Bet365,//www.nowgoal5.com/oddscomp/1962472,1.125,1.4375,8,8,0.2898111750098901,0.2624667035878573,0.4457113564965384,0.394020798270212,0.394020798270212,0.4709826169042418,0.4709826169042418
2021-01-07,Qatar SC,Al-Khuraitiat,3,1,1.13,8.0,10.0,1.36,4.5,7.0,Bet365,1.5,1.88,1.93,1.25,1.85,1.95,Bet365,3.25,1.98,1.83,2.75,1.83,1.98,Bet365,//www.nowgoal5.com/oddscomp/1962473,2.0625,0.75,8,8,0.6735024072646716,0.19949454051446552,0.12786781040308437,0.4196217107447694,0.4196217107447694,0.3004518779202371,0.5248086127400686
2021-01-07,Al-Sadd,Al-Sailiya,8,0,1.13,8.0,10.0,1.14,8.0,9.0,Bet365,2.0,1.98,1.83,2.25,1.95,1.85,Bet365,3.5,1.88,1.93,3.75,1.83,1.98,Bet365,//www.nowgoal5.com/oddscomp/1962471,2.236111111111111,0.9583333333333331,9,8,0.654917996378866,0.19285581318537678,0.1526242598863628,0.27291056125889773,0.2185613539126486,0.3854395991183561,0.3854395991183561
2021-01-08,Al-Arabi SC,Al-Ahli Doha,1,0,2.4,3.4,2.5,1.8,3.75,3.6,Bet365,0.25,1.8,2.0,0.5,1.85,1.95,Bet365,2.75,1.85,1.95,2.75,2.0,1.8,Bet365,//www.nowgoal5.com/oddscomp/1962476,2.0625,1.5,8,8,0.49546544048759755,0.21502582845599152,0.28707685599128047,0.5566682094856825,0.4966732878718895,0.68539296119762,0.68539296119762
2021-01-08,Al Khor SC,Umm Salal,0,1,2.63,3.5,2.25,2.7,3.2,2.45,Bet365,0.25,1.93,1.88,0.0,1.98,1.83,Bet365,2.75,1.95,1.85,2.0,1.88,1.93,Bet365,//www.nowgoal5.com/oddscomp/1962475,0.6875,1.3125,8,8,0.19264254449088886,0.28768816464372904,0.5184347393991079,0.22533364132011818,0.2709164655591648,0.32483354372156004,0.4445054165210677
2021-01-08,Al Duhail,Al-Wakra,8,1,1.25,5.5,7.5,1.33,5.0,6.5,Bet365,1.75,1.98,1.83,1.25,1.85,1.95,Bet365,3.25,2.0,1.8,3.0,1.88,1.93,Bet365,//www.nowgoal5.com/oddscomp/1962474,1.9236111111111112,1.0902777777777777,9,8,0.5595748034743774,0.22385648394066865,0.21647680595634436,0.3215030283854846,0.3215030283854846,0.34802518209688244,0.44938837673946175
2021-01-12,Al Rayyan,Qatar SC,2,1,2.3,3.6,2.5,2.3,3.2,2.75,Bet365,0.25,1.9,1.9,0.25,2.05,1.75,Bet365,2.5,1.83,1.98,2.25,2.0,1.8,Bet365,//www.nowgoal5.com/oddscomp/1963037,1.0,1.4444444444444444,9,9,0.25644100474457476,0.26523455853835226,0.47626837194970195,0.2963516759564675,0.2963516759564675,0.44152139124821227,0.44152139124821227
2021-01-12,Al-Sadd,Al Duhail,3,1,1.75,3.75,3.5,1.57,4.0,4.33,Bet365,0.75,1.98,1.83,1.0,2.0,1.8,Bet365,3.5,1.93,1.88,3.75,1.93,1.88,Bet365,//www.nowgoal5.com/oddscomp/1963038,2.6,1.7,10,10,0.5569062123603576,0.1864835203810815,0.2527221219229177,0.5100707254461355,0.4488040269031765,0.6137612052088834,0.6137612052088834
2021-01-12,Al-Sailiya,Al-Khuraitiat,2,0,1.61,4.2,3.9,1.4,4.75,5.75,Bet365,0.75,1.9,1.9,1.0,1.78,2.03,Bet365,3.0,1.83,1.98,3.0,2.03,1.78,Bet365,//www.nowgoal5.com/oddscomp/1963039,1.7222222222222223,1.2777777777777777,9,9,0.4700854931171786,0.2389743211980673,0.2899051656678935,0.40396754124493917,0.31819222040769335,0.44790253111761,0.44790253111761
2021-01-13,Umm Salal,Al-Wakra,0,0,2.0,3.75,2.87,3.2,3.1,2.2,Bet365,0.0,1.98,1.83,-0.25,1.85,1.95,Bet365,2.75,1.78,2.03,2.0,1.85,1.95,Bet365,//www.nowgoal5.com/oddscomp/1963040,1.5555555555555556,0.7777777777777777,9,9,0.5531623716861775,0.2579778540193728,0.1896936780978255,0.7446427498934927,0.7824226976733348,0.40686984216548017,0.5547996396814846
2021-01-13,Al-Ahli Doha,Al Khor SC,1,2,2.25,3.5,2.6,1.8,3.8,3.75,Bet365,0.25,2.05,1.75,0.5,1.88,1.93,Bet365,3.25,2.0,1.8,2.5,1.83,1.98,Bet365,//www.nowgoal5.com/oddscomp/1963041,1.6111111111111112,1.3333333333333337,9,9,0.43157507727048583,0.24491385277863562,0.3221521766649294,0.4925620514062864,0.4321623397724426,0.3357835655670035,0.5601883307676221
2021-01-13,Al-Garrafa,Al-Arabi SC,1,1,1.66,3.75,4.0,2.38,3.4,2.45,Bet365,0.5,1.85,1.95,0.0,1.88,1.93,Bet365,2.75,1.9,1.9,2.75,1.93,1.88,Bet365,//www.nowgoal5.com/oddscomp/1963042,1.5555555555555556,1.5,9,9,0.38328914258717817,0.2414731645139428,0.37281158236767237,0.38422130594384246,0.5069286801835374,0.5857945590217499,0.5857945590217499
2021-01-19,Umm Salal,Al-Arabi SC,0,0,4.0,3.8,1.65,5.0,3.75,1.55,Bet365,-0.75,1.78,2.03,-0.75,1.93,1.88,Bet365,2.25,1.98,1.83,2.25,2.03,1.78,Bet365,//www.nowgoal5.com/oddscomp/1966344,0.95,1.15,10,10,0.29586379826283987,0.2982831689393283,0.4054908391880771,0.6727538682495176,0.6727538682495176,0.3498172938908128,0.3498172938908128
2021-01-19,Qatar SC,Al Duhail,1,1,3.75,3.75,1.73,6.0,4.2,1.44,Bet365,-0.75,2.0,1.8,-1.25,1.78,2.03,Bet365,3.0,1.88,1.93,2.75,1.8,2.0,Bet365,//www.nowgoal5.com/oddscomp/1966345,1.768181818181818,1.8681818181818184,10,11,0.35974004652009844,0.21809340567051608,0.4170824698007331,0.6422612128408249,0.7722192234866163,0.6197327120833028,0.7003355849797841
2021-01-19,Al-Wakra,Al Rayyan,0,3,4.75,3.25,1.67,5.0,3.3,1.62,Bet365,-0.5,2.0,1.8,-0.75,1.95,1.85,Bet365,2.5,1.93,1.88,2.25,1.93,1.88,Bet365,//www.nowgoal5.com/oddscomp/1966346,0.75,1.6,10,10,0.17077287500771027,0.24815979801655008,0.5779488252605889,0.4202432021710112,0.4839321138151966,0.4185950970655502,0.4185950970655502
2021-01-20,Al-Khuraitiat,Al-Garrafa,1,2,7.5,5.5,1.29,5.75,5.0,1.4,Bet365,-1.5,1.85,1.95,-1.25,1.88,1.93,Bet365,3.25,1.98,1.83,3.25,1.95,1.85,Bet365,//www.nowgoal5.com/oddscomp/1966343,0.95,2.05,10,10,0.16172644161950497,0.20364935721123983,0.6281862405070953,0.6061878204505147,0.6061878204505147,0.35473257165652605,0.35473257165652605
2021-01-20,Al-Sailiya,Al-Ahli Doha,0,0,2.0,3.6,3.2,2.4,3.5,2.55,Bet365,0.25,1.8,2.0,0.0,1.83,1.98,Bet365,2.5,1.83,1.98,2.5,1.9,1.9,Bet365,//www.nowgoal5.com/oddscomp/1966341,1.75,1.6,10,10,0.4072993815361097,0.22893736351713223,0.3606434289892285,0.4615753365608556,0.5303772311605888,0.646626550102562,0.646626550102562
2021-01-20,Al-Sadd,Al Khor SC,7,0,1.05,13.0,21.0,1.05,13.0,21.0,Bet365,3.0,1.88,1.93,3.25,1.95,1.85,Bet365,4.5,1.93,1.88,4.25,1.98,1.83,Bet365,//www.nowgoal5.com/oddscomp/1966342,2.668181818181818,0.5681818181818181,11,10,0.8136043117866658,0.12923020209207678,0.05802505425707707,0.22988977879487626,0.18887522889449843,0.21071574473921453,0.21071574473921453
2021-02-13,Al-Garrafa,Al-Sailiya,0,1,1.6,4.2,4.75,1.45,4.5,6.0,Bet365,0.75,1.8,2.0,1.25,2.0,1.8,Bet365,3.0,1.93,1.88,3.0,1.88,1.93,Bet365,//www.nowgoal5.com/oddscomp/1966352,1.7272727272727273,1.227272727272727,11,11,0.4828284905719606,0.23943153331931066,0.27698356344262015,0.4168108694317758,0.2555384550149004,0.43445618715323103,0.43445618715323103
2021-02-13,Al Khor SC,Al-Khuraitiat,2,1,1.85,3.6,3.8,1.95,3.5,3.5,Bet365,0.5,1.9,1.9,0.5,2.0,1.8,Bet365,2.25,1.88,1.93,2.5,1.93,1.88,Bet365,//www.nowgoal5.com/oddscomp/1966350,1.3636363636363638,1.3636363636363635,11,11,0.36462907843236536,0.25776303311886506,0.3760652660602969,0.36519243245477095,0.36519243245477095,0.5103405757307817,0.5103405757307817
2021-02-13,Al-Sadd,Al-Ahli Doha,3,0,1.06,10.0,26.0,1.04,11.0,26.0,Bet365,3.0,1.95,1.85,3.25,1.98,1.83,Bet365,4.0,1.95,1.85,4.5,2.0,1.8,Bet365,//www.nowgoal5.com/oddscomp/1966351,3.003787878787879,0.928030303030303,12,11,0.781123658795142,0.131174996031796,0.08803021555419174,0.2465858474233096,0.20478577159892855,0.4241276841893125,0.3403958665850141
2021-02-14,Al Duhail,Al Rayyan,2,0,1.73,3.6,4.2,1.5,4.5,5.0,Bet365,0.75,1.95,1.85,1.0,1.95,1.85,Bet365,2.75,1.8,2.0,2.75,1.83,1.98,Bet365,//www.nowgoal5.com/oddscomp/1966348,1.6590909090909092,1.428030303030303,12,11,0.42237428263998567,0.23906748161389643,0.33660814170091913,0.35567211153676137,0.27023695142274423,0.59204167356388,0.59204167356388
2021-02-14,Umm Salal,Qatar SC,0,1,3.75,3.6,1.85,6.5,4.0,1.4,Bet365,-0.5,1.95,1.85,-1.0,1.93,1.88,Bet365,2.5,2.03,1.78,2.25,2.0,1.8,Bet365,//www.nowgoal5.com/oddscomp/1966349,0.8636363636363635,1.2727272727272727,11,11,0.24865287164090544,0.28838966368043895,0.46195217020601603,0.5375829645041456,0.7158515495127513,0.36046179715428717,0.36046179715428717
2021-02-14,Al-Arabi SC,Al-Wakra,1,0,1.83,3.6,3.75,1.73,3.6,4.0,Bet365,0.5,1.83,1.98,0.5,1.78,2.03,Bet365,2.5,1.85,1.95,2.5,2.0,1.8,Bet365,//www.nowgoal5.com/oddscomp/1966347,1.7727272727272725,0.8181818181818181,11,11,0.5945341076234425,0.23347400354499193,0.17275767394425606,0.5940791706388077,0.5940791706388077,0.472320426084696,0.472320426084696
2021-02-22,Al-Khuraitiat,Al Rayyan,0,3,5.0,5.0,1.4,8.0,5.5,1.25,Bet365,-1.5,1.93,1.88,-1.5,1.9,1.9,Bet365,3.25,1.95,1.85,3.0,1.88,1.93,Bet365,//www.nowgoal5.com/oddscomp/1966356,0.75,1.7083333333333337,12,12,0.15782766054842157,0.23458174270542198,0.6036916823127978,0.6547786388331797,0.6547786388331797,0.23627586334734563,0.2993293360594421
2021-02-22,Al-Sadd,Al-Arabi SC,3,2,1.13,8.0,11.0,1.22,6.0,9.0,Bet365,2.25,1.8,2.0,1.75,1.88,1.93,Bet365,3.5,1.88,1.93,3.5,1.93,1.88,Bet365,//www.nowgoal5.com/oddscomp/1966357,2.423076923076924,0.935897435897436,13,12,0.6936640831332493,0.17569988094506295,0.1310898139077142,0.2575257611017744,0.4640868106238616,0.4204379932814923,0.4204379932814923
2021-02-22,Al-Garrafa,Al Duhail,1,2,3.1,4.0,1.83,3.6,4.2,1.73,Bet365,-0.75,2.0,1.8,-0.75,1.8,2.0,Bet365,3.0,1.88,1.93,3.0,1.85,1.95,Bet365,//www.nowgoal5.com/oddscomp/1966358,1.564102564102564,1.8974358974358967,12,13,0.3113353670441694,0.22072310856686406,0.4626399898674158,0.5960236386215142,0.5960236386215142,0.5777807313653355,0.5777807313653355
2021-02-23,Al-Ahli Doha,Umm Salal,1,0,2.05,3.6,2.9,1.5,4.0,5.0,Bet365,0.25,1.83,1.98,0.75,1.83,1.98,Bet365,2.25,2.0,1.8,2.25,1.85,1.95,Bet365,//www.nowgoal5.com/oddscomp/1966355,0.9583333333333334,1.375,12,12,0.25722078081216143,0.2735885172357159,0.4675778781265306,0.29854096473034036,0.18919363302378542,0.41260881091473056,0.41260881091473056
2021-02-23,Al-Wakra,Qatar SC,0,0,3.0,4.0,1.91,4.0,3.5,1.75,Bet365,-0.5,1.85,1.95,-0.5,1.98,1.83,Bet365,2.5,2.0,1.8,2.25,2.0,1.8,Bet365,//www.nowgoal5.com/oddscomp/1966353,0.75,1.9166666666666667,12,12,0.13553201167865567,0.20992250128026324,0.6491007307642017,0.34734572577960454,0.34734572577960454,0.49964829760688795,0.49964829760688795
2021-02-23,Al-Sailiya,Al Khor SC,1,1,2.3,3.2,2.75,2.38,3.2,2.7,Bet365,0.25,1.9,1.9,0.0,1.85,1.95,Bet365,2.5,1.85,1.95,2.75,1.9,1.9,Bet365,//www.nowgoal5.com/oddscomp/1966354,1.5833333333333337,1.0416666666666667,12,12,0.49244380817658207,0.2539132075418502,0.2537553523152292,0.5639816265685249,0.6599361594725167,0.4829104030643897,0.4829104030643897
2021-03-06,Al-Khuraitiat,Al Duhail,0,2,15.0,9.0,1.08,15.0,9.0,1.08,Bet365,-2.75,1.9,1.9,-2.75,1.9,1.9,Bet365,3.75,1.9,1.9,3.75,1.9,1.9,Bet365,//www.nowgoal5.com/oddscomp/1984798,0.9835164835164836,2.368131868131868,13,14,0.13565323111427546,0.17597233002115192,0.6796495095881513,0.7381884236976828,0.7381884236976828,0.4328841049012608,0.4328841049012608
2021-03-07,Al-Wakra,Al-Sailiya,1,0,2.5,3.2,2.6,2.0,3.3,3.4,Bet365,0.0,1.88,1.93,0.25,1.78,2.03,Bet365,2.5,2.03,1.78,2.5,2.0,1.8,Bet365,//www.nowgoal5.com/oddscomp/1984795,0.9615384615384616,1.5,13,13,0.237538067476393,0.26013164150676515,0.4999046050836261,0.32211055355907714,0.27381641713861454,0.4462643519820592,0.4462643519820592
2021-03-07,Al-Arabi SC,Qatar SC,1,0,2.25,3.5,2.7,2.0,3.4,3.4,Bet365,0.0,1.73,2.08,0.5,1.98,1.83,Bet365,2.25,1.78,2.03,2.5,2.0,1.8,Bet365,//www.nowgoal5.com/oddscomp/1984796,1.1538461538461535,1.3846153846153846,13,13,0.3069726589436639,0.26593947749115276,0.4254150138178079,0.41913957642981886,0.3074870385584377,0.46460902537275756,0.46460902537275756
2021-03-07,Umm Salal,Al-Sadd,0,3,15.0,13.0,1.05,15.0,13.0,1.05,Bet365,-3.0,1.9,1.9,-3.25,1.85,1.95,Bet365,4.0,1.9,1.9,3.75,1.85,1.95,Bet365,//www.nowgoal5.com/oddscomp/1984797,0.5906593406593407,2.277472527472528,13,14,0.07803830004336201,0.16121239349126706,0.75265864236118,0.8296086733399098,0.8559623119292376,0.19994039510510353,0.32767330741859885
2021-03-07,Al Rayyan,Al-Ahli Doha,3,1,1.53,4.0,5.25,1.5,4.0,5.5,Bet365,0.75,1.75,2.05,1.0,1.93,1.88,Bet365,2.5,1.83,1.98,2.5,1.93,1.88,Bet365,//www.nowgoal5.com/oddscomp/1984799,1.6538461538461535,1.0,13,13,0.5199691070414569,0.247698990519749,0.23260080678211748,0.45251635078183056,0.3632537525314084,0.4895317124179677,0.4895317124179677
2021-03-08,Al Khor SC,Al-Garrafa,1,3,3.6,3.6,1.8,5.5,4.0,1.45,Bet365,-0.5,1.93,1.88,-1.0,1.85,1.95,Bet365,2.5,1.88,1.93,3.0,1.98,1.83,Bet365,//www.nowgoal5.com/oddscomp/1984800,1.0,1.807692307692308,13,13,0.2018209978169977,0.22859361150875274,0.564953409593414,0.4324175592793535,0.5701935548860408,0.5323886897648841,0.3994621737823143
2021-03-16,Al-Wakra,Al-Garrafa,2,0,3.75,3.1,2.0,3.4,3.0,2.15,Bet365,-0.25,2.0,1.8,-0.25,1.93,1.88,Bet365,2.25,1.9,1.9,2.5,1.98,1.83,Bet365,//www.nowgoal5.com/oddscomp/1984815,0.9285714285714286,1.75,14,14,0.19344233985449166,0.233478300668566,0.5688745077277132,0.35285748680852813,0.35285748680852813,0.5015082773138886,0.5015082773138886
2021-04-03,Qatar SC,Al-Sailiya,1,2,1.6,3.8,4.5,2.1,3.4,3.0,Bet365,0.75,1.85,1.95,0.25,1.85,1.95,Bet365,2.5,1.83,1.98,2.5,1.9,1.9,Bet365,//www.nowgoal5.com/oddscomp/1984809,1.4642857142857144,0.9642857142857144,14,14,0.48134143902408355,0.26672247203696187,0.2523277170901091,0.40817667541625385,0.5551609763529817,0.433215367575787,0.433215367575787
2021-04-03,Al-Arabi SC,Al Duhail,2,3,4.2,3.75,1.62,4.2,3.75,1.65,Bet365,-0.75,1.9,1.9,-0.75,1.9,1.9,Bet365,2.75,1.98,1.83,2.75,1.88,1.93,Bet365,//www.nowgoal5.com/oddscomp/1984808,1.3452380952380951,1.7357142857142858,14,15,0.2906703810018303,0.23417284182258738,0.47105699750059404,0.5912638190134666,0.5912638190134666,0.5928109178799498,0.5928109178799498
2021-04-03,Al-Garrafa,Al-Sadd,0,2,4.5,4.5,1.5,3.6,4.0,1.7,Bet365,-1.0,1.93,1.88,-0.75,1.83,1.98,Bet365,3.25,1.8,2.0,3.25,2.0,1.8,Bet365,//www.nowgoal5.com/oddscomp/1984807,1.1,2.5666666666666664,15,15,0.13669281464296212,0.1651588803453573,0.6880966096779603,0.3872749497826921,0.3411962084458309,0.4998126576093189,0.4998126576093189
2021-04-03,Umm Salal,Al Rayyan,3,2,5.75,4.5,1.4,6.0,4.0,1.45,Bet365,-1.0,1.98,1.83,-1.0,1.88,1.93,Bet365,2.5,1.88,1.93,2.25,1.85,1.95,Bet365,//www.nowgoal5.com/oddscomp/1984812,0.6785714285714286,1.1785714285714286,14,14,0.20993160931878652,0.3083752262056217,0.48119057794875897,0.7075911154309551,0.7075911154309551,0.286043879195708,0.286043879195708
2021-04-03,Al-Wakra,Al Khor SC,0,0,1.67,4.0,3.75,1.95,3.75,2.9,Bet365,0.5,1.93,1.88,0.5,2.05,1.75,Bet365,2.75,1.93,1.88,2.5,1.98,1.83,Bet365,//www.nowgoal5.com/oddscomp/1984810,1.335714285714286,1.1547619047619049,15,14,0.4022936139870359,0.2710342148063837,0.32628690089801027,0.40244866550857994,0.40244866550857994,0.4506621867706037,0.4506621867706037
2021-04-03,Al-Khuraitiat,Al-Ahli Doha,1,2,3.4,4.2,1.73,4.0,3.6,1.73,Bet365,-0.5,2.0,1.8,-0.5,2.0,1.8,Bet365,2.75,1.78,2.03,2.5,1.83,1.98,Bet365,//www.nowgoal5.com/oddscomp/1984811,1.2857142857142858,1.7142857142857142,14,14,0.2806928946003029,0.2365912969831333,0.4787732825060207,0.5193316701491649,0.5193316701491649,0.5751857004602147,0.5751857004602147
2021-04-06,Al-Sadd,Al Rayyan,2,1,1.53,4.2,5.25,1.33,4.75,7.5,Bet365,1.0,1.95,1.85,1.5,1.98,1.83,Bet365,2.75,1.88,1.93,3.25,1.85,1.95,Bet365,//www.nowgoal5.com/oddscomp/1984818,2.3125,1.0145833333333334,16,15,0.6556437988955385,0.18870142791841923,0.15585360969918144,0.551524351590816,0.42364109822710866,0.6380529308226867,0.414578437054125
2021-04-06,Qatar SC,Al-Ahli Doha,1,1,1.8,3.6,3.6,1.7,3.75,4.0,Bet365,0.5,1.98,1.83,0.75,2.0,1.8,Bet365,2.75,1.95,1.85,2.75,1.88,1.93,Bet365,//www.nowgoal5.com/oddscomp/1984817,1.7333333333333334,1.1,15,15,0.5143184688130982,0.24013957330373836,0.24540945681477289,0.5143866255905546,0.4487998018787242,0.5329939051788858,0.5329939051788858
2021-04-06,Al Khor SC,Al Duhail,1,1,8.0,5.0,1.3,3.2,3.75,1.95,Bet365,-1.5,1.9,1.9,-0.5,1.83,1.98,Bet365,3.25,2.0,1.8,2.75,1.8,2.0,Bet365,//www.nowgoal5.com/oddscomp/1984813,0.9875,2.185416666666667,15,16,0.15436254702432767,0.19232509942434345,0.645881392734609,0.581178775226308,0.34928315589406017,0.393245860650665,0.6145456526829168
2021-04-07,Umm Salal,Al-Sailiya,1,0,2.4,3.3,2.63,2.88,2.8,2.55,Bet365,0.0,1.83,1.98,0.0,1.98,1.83,Bet365,2.25,1.83,1.98,2.25,2.03,1.78,Bet365,//www.nowgoal5.com/oddscomp/1984814,1.0333333333333332,1.0333333333333332,15,15,0.34444755995762044,0.30377316206629223,0.351924709247308,0.4946313562297473,0.4946313562297473,0.339937909219835,0.339937909219835
2021-04-07,Al-Arabi SC,Al-Khuraitiat,1,2,1.25,5.5,9.0,1.25,5.5,9.5,Bet365,1.5,1.8,2.0,1.5,1.88,1.93,Bet365,2.75,1.85,1.95,2.75,1.8,2.0,Bet365,//www.nowgoal5.com/oddscomp/1984816,1.8333333333333333,0.8666666666666667,15,15,0.5955661588562196,0.2282017800142651,0.17689549980945934,0.3403462150983819,0.3403462150983819,0.4993575007774929,0.4993575007774929
2021-04-09,Al-Sadd,Qatar SC,3,0,1.25,6.0,8.0,2.05,3.75,2.9,Bet365,1.75,1.88,1.93,0.25,1.83,1.98,Bet365,3.75,1.88,1.93,3.0,1.83,1.98,Bet365,//www.nowgoal5.com/oddscomp/1984824,2.264705882352941,1.0128676470588236,17,16,0.647213883970887,0.1926481074727716,0.1603462441464028,0.4133219560222656,0.7160362986368325,0.4039638699341551,0.5207480186580259
2021-04-09,Al Duhail,Al-Ahli Doha,4,0,1.62,4.33,4.0,1.65,4.33,3.8,Bet365,0.75,1.85,1.95,0.75,1.9,1.9,Bet365,3.25,1.9,1.9,3.25,1.88,1.93,Bet365,//www.nowgoal5.com/oddscomp/1984819,2.1452205882352944,1.2702205882352942,17,16,0.563639685126584,0.2088938980072279,0.22646634400344556,0.5090344523007122,0.5090344523007122,0.4362933169404899,0.4362933169404899
2021-04-09,Al Rayyan,Al Khor SC,1,1,1.17,7.0,11.0,1.1,8.0,17.0,Bet365,1.75,1.83,1.98,2.5,1.9,1.9,Bet365,3.0,2.03,1.78,3.5,1.83,1.98,Bet365,//www.nowgoal5.com/oddscomp/1984821,1.65625,0.84375,16,16,0.5604983763215452,0.2468690089099994,0.1933483215959343,0.3007118479187033,0.1267199520353016,0.30017967483441166,0.23591935185843507
2021-04-10,Umm Salal,Al-Garrafa,1,5,6.0,4.0,1.44,6.0,4.0,1.44,Bet365,-1.0,2.03,1.78,-1.0,2.03,1.78,Bet365,2.75,1.83,1.98,2.75,1.83,1.98,Bet365,//www.nowgoal5.com/oddscomp/1984822,1.0625,1.21875,16,16,0.3144392724446857,0.2847568511696552,0.4000940132422015,0.773422280755312,0.773422280755312,0.3978279289260675,0.3978279289260675
2021-04-10,Al-Arabi SC,Al-Sailiya,3,1,2.0,3.4,3.1,1.75,3.5,3.75,Bet365,0.5,2.03,1.78,0.5,1.88,1.93,Bet365,2.5,1.83,1.98,2.75,1.78,2.03,Bet365,//www.nowgoal5.com/oddscomp/1984820,1.375,1.125,16,16,0.4194096444721175,0.26941075452086505,0.3109351424474471,0.41951219781971877,0.41951219781971877,0.45277638294190414,0.45277638294190414
2021-04-10,Al-Khuraitiat,Al-Wakra,0,2,3.6,3.6,1.8,4.75,3.8,1.57,Bet365,-0.5,2.0,1.8,-0.75,2.0,1.8,Bet365,2.5,1.8,2.0,2.75,2.0,1.8,Bet365,//www.nowgoal5.com/oddscomp/1984823,1.09375,1.375,16,16,0.2930902230512269,0.26908940794852465,0.43620753543731416,0.563087797899082,0.635922286446699,0.4471000106275873,0.4471000106275873
