League,MatchId,Home,Away,Ref,AH,Odds,Stake,Side,Date,Accepted,Results,Net Win
Japan1,-481726269.0,Gamba Osaka,Cerezo Osaka,WA-1657570981768,-0.25,2.084,125.8941319,HomeOdds,7/16/2022,T,LL,-125.8941319
Japan1,1520443775.0,Kyoto Sanga,Hiroshima Sanfrecce,WA-1657570997631,-0.75,1.925,153.5340835,HomeOdds,7/16/2022,T,WW,142.0190272375
Japan1,-1333990194.0,Shimizu S-Pulse,Urawa Red Diamonds,WA-1657571514515,-0.5,2.005,114.7662585,HomeOdds,7/16/2022,T,LL,-114.7662585
Norway1,1913731835.0,Sandefjord,Aalesund FK,WA-1657573679387,0.0,1.965,213.8292562,HomeOdds,7/16/2022,T,PP,0.0
Norway1,1605027268.0,Odd Grenland,Lillestrom,WA-1657573687078,0.0,2.068,195.84978,HomeOdds,7/16/2022,T,LL,-195.84978
Norway1,781528508.0,Viking,Kristiansund BK,WA-1657573690805,1.75,1.885,266.0,AwayOdds,7/16/2022,T,WW,235.41
Norway1,-1043032253.0,Aalesund FK,Rosenborg,WA-1657573694625,-0.25,2.04,156.2588471,AwayOdds,7/16/2022,T,LP,-78.12942355
Norway1,781528508.0,Viking,Kristiansund BK,WA-1657574042113,1.75,1.869,55.1843561,AwayOdds,7/16/2022,T,WW,47.9552054509
Norway1,781528508.0,Viking,Kristiansund BK,WA-1657574119951,1.75,1.862,260.3066334,AwayOdds,7/16/2022,T,WW,224.38431799080004
Japan2,-1543121439.0,FC Ryukyu,Omiya Ardija,WA-1657577082712,-0.25,1.886,106.3706697,HomeOdds,7/16/2022,T,WP,47.12220667709999
Norway1,-861105616.0,Jerv,Sandefjord,WA-1657577630424,0.0,1.854,290.9726287,HomeOdds,7/16/2022,T,LL,-290.9726287
Korea1,1743932420.0,Gimcheon Sangmu FC,Incheon United,WA-1657578116108,0.5,1.917,148.7554435,AwayOdds,7/16/2022,T,WW,136.4087416895
Korea1,-351835425.0,Suwon FC,Gangwon FC,WA-1657578119811,0.0,1.819,113.5940823,HomeOdds,7/16/2022,T,LL,-113.5940823
Korea1,-518272653.0,FC Seoul,Daegu FC,WA-1657578123840,0.0,1.889,131.8335435,HomeOdds,7/16/2022,T,WW,117.20002017149999
Brazil2,1309227077.0,Criciuma,Ponte Preta,WA-1657579581148,0.5,1.917,149.6483781,AwayOdds,7/15/2022,T,WW,137.2275627177
Brazil2,-1645142904.0,Vila Nova,Centro Sportivo Alagoano,WA-1657581458061,0.25,1.985,114.097638,AwayOdds,7/16/2022,T,WW,112.38617343000001
Brazil2,-1677631294.0,Gremio (RS),Tombense,WA-1657581464076,1.25,1.858,282.0,AwayOdds,7/16/2022,T,LL,-282.0
Brazil2,1370917353.0,Guarani SP,Bahia,WA-1657581473482,-0.25,1.781,111.781156,HomeOdds,7/16/2022,T,LL,-111.781156
Brazil2,-1677631294.0,Gremio (RS),Tombense,WA-1657581558547,1.25,1.858,113.0552,AwayOdds,7/16/2022,T,LL,-113.0552
Brazil2,-1830888322.0,Sampaio Correa,Vasco da Gama,WA-1657582294763,0.0,2.07,88.4804566353613,HomeOdds,07/16/2022,T,WW,94.67408859983658
Japan1,-10907499.0,Kashiwa Reysol,Consadole Sapporo,WA-1657639990214,0.25,2.02,123.697569015934,HomeOdds,07/16/2022,T,WW,126.17152039625267
Japan2,-1393217970.0,Ventforet Kofu,Mito Hollyhock,WA-1657641616497,0.25,2.08,97.0992788491699,HomeOdds,07/16/2022,T,PL,-48.54963942458495
Brazil2,1370917353.0,Guarani SP,Bahia,WA-1657642930780,-0.25,1.778,3.07182197555856,HomeOdds,07/16/2022,T,LL,-3.07182197555856
Brazil2,1309227077.0,Criciuma,Ponte Preta,WA-1657643026284,0.5,1.926,3.69701424226387,AwayOdds,07/15/2022,T,WW,3.4234351883363434
Sweden2,1938180899.0,Ostersunds FK,Osters IF,WA-1657687326974,-0.5,1.917,243.0,HomeOdds,07/16/2022,T,WW,222.83100000000002
Sweden2,1938180899.0,Ostersunds FK,Osters IF,WA-1657687426260,-0.5,1.925,45.4152321050865,HomeOdds,07/16/2022,T,WW,42.00908969720502
Sweden2,632769593.0,Skovde AIK,IK Brage,WA-1657687430120,0.0,1.847,146.224630219906,HomeOdds,07/16/2022,T,PP,0.0
Sweden2,632769593.0,Skovde AIK,IK Brage,WA-1657687656463,0.0,1.854,6.45948908395977,HomeOdds,07/16/2022,T,PP,0.0
Sweden2,-1876801287.0,Dalkurd FF,Orebro,WA-1657687735921,0.0,1.97,105.688246323488,HomeOdds,07/16/2022,T,LL,-105.688246323488
Japan1,-1457209659.0,Kashima Antlers,Vissel Kobe,WA-1657829387784,0.5,2.105,97.9722728102641,HomeOdds,07/16/2022,T,LL,-97.9722728102641
Korea1,374542725.0,Ulsan Hyundai FC,Suwon Samsung Bluewings,WA-1657832231502,0.75,2.123,89.7438948905935,AwayOdds,07/16/2022,T,LP,-44.87194744529675
Norway1,-861105616.0,Jerv,Sandefjord,WA-1657833058858,0.0,1.859,3.21642733176652,HomeOdds,07/16/2022,T,LL,-3.21642733176652
Japan2,707878877.0,Zweigen Kanazawa FC,Albirex Niigata,WA-1657901833512,-0.5,2.081,113.007208139658,HomeOdds,07/16/2022,T,LL,-113.007208139658
Norway1,490556003.0,Tromso IL,Stromsgodset,WA-1657577634316,0.5,1.98,103.3846291,AwayOdds,7/17/2022,T,C,
Brazil1,1703062327.0,Juventude,Goias,WA-1657579036023,0.25,1.925,117.5461768,HomeOdds,7/17/2022,T,PL,-58.7730884
Brazil1,163198515.0,Botafogo RJ,Atletico Mineiro,WA-1657579039845,-0.5,1.925,162.0001269,HomeOdds,7/17/2022,T,LL,-162.0001269
Brazil2,-2051670972.0,Cruzeiro (MG),Gremio Novorizontin,WA-1657581477870,1.25,1.824,288.0,AwayOdds,7/17/2022,T,WP,118.656
Brazil2,-2051670972.0,Cruzeiro (MG),Gremio Novorizontin,WA-1657582299005,1.25,1.808,59.7093790524639,AwayOdds,07/17/2022,T,WP,24.12258913719542
Norway2,-1558893139.0,Kongsvinger,Stjordals Blink,WA-1657901180164,1.0,1.946,170.363692849829,AwayOdds,07/17/2022,T,LL,-170.363692849829
Norway2,1708602272.0,Stabaek,KFUM Oslo,WA-1657901185996,0.75,2.047,119.664707746803,AwayOdds,07/17/2022,T,WW,125.28894901090277
Japan2,-1824124517.0,Roasso Kumamoto,Renofa Yamaguchi,WA-1657641620779,0.5,1.787,130.472008043562,AwayOdds,07/18/2022,T,LL,-130.472008043562
Sweden2,-80287143.0,AFC Eskilstuna,Trelleborgs FF,WA-1657687322898,0.0,1.869,209.724259035022,HomeOdds,07/18/2022,T,WW,182.2503811014341
Brazil1,-394496340.0,Palmeiras,Cuiaba,WA-1657833185373,1.25,2.043,163.970534730347,AwayOdds,07/18/2022,T,PW,85.51063386187597
Brazil2,2081974224.0,Brusque FC,Gremio (RS),WA-1657833394521,-0.25,2.06,253.995404143525,HomeOdds,07/19/2022,T,WP,134.61756419606826
Brazil2,-523229252.0,Tombense,Criciuma,WA-1657833398942,0.0,1.781,134.086414334852,HomeOdds,07/19/2022,T,WW,104.7214895955194
Norway2,1629255389.0,Asane Fotball,Skeid Oslo,WA-1657901193822,0.25,1.852,252.094033222453,HomeOdds,07/18/2022,T,WW,214.78411630552998
Norway2,-719562408.0,Raufoss,Brann,WA-1658090342372,-1.25,1.886,380.0,HomeOdds,07/18/2022,T,LL,-380.0
Brazil2,1719126578.0,Bahia,CRB AL,WA-1657833404694,0.75,2.06,137.941020747189,AwayOdds,07/20/2022,T,WW,146.21748199202034
Brazil1,884284544.0,Goias,Fluminense RJ,WA-1657902237791,-0.25,1.952,168.976694679595,HomeOdds,07/20/2022,T,LL,-168.976694679595
Brazil2,-2133441579.0,Centro Sportivo Alagoano,Cruzeiro (MG),WA-1657906164729,-0.25,1.806,249.099505898206,HomeOdds,07/20/2022,T,WP,100.38710087697702
Brazil2,-2133441579.0,Centro Sportivo Alagoano,Cruzeiro (MG),WA-1658095100939,-0.25,1.763,33.5127939667994,HomeOdds,07/20/2022,T,WP,12.78513089833397
Brazil2,-1834639348.0,Chapecoense SC,Guarani SP,WA-1658182029385,0.25,1.9,95.6911451575242,HomeOdds,07/20/2022,T,PL,-47.8455725787621
Brazil1,50151416.0,Corinthians Paulista (SP),Coritiba PR,WA-1657902242886,1.0,2.006,204.086862954992,AwayOdds,07/21/2022,T,LL,-204.086862954992
Brazil2,2050962809.0,Gremio Novorizontin,Operario Ferroviario PR,WA-1657906168784,0.5,2.08,112.966237285368,AwayOdds,07/21/2022,T,LL,-112.966237285368
Brazil1,-1501085318.0,Cuiaba,Atletico Mineiro,WA-1658357397124,-0.5,2.025,196.0,HomeOdds,07/21/2022,T,WW,200.89999999999998
Brazil1,-1501085318.0,Cuiaba,Atletico Mineiro,WA-1658358600738,-0.5,2.025,54.5333549436722,HomeOdds,07/21/2022,T,WW,55.896688817264
Brazil1,-1493608462.0,America MG,Palmeiras,WA-1658358605527,-0.5,2.04,133.484664255023,HomeOdds,07/21/2022,T,LL,-133.484664255023
Korea1,-400550460.0,Daegu FC,Gimcheon Sangmu,WA-1658089017359,0.25,2.06,106.310146144738,HomeOdds,07/22/2022,T,C,
Korea1,1601083726.0,Suwon Samsung Bluewings,Gangwon FC,WA-1658379074086,0.25,2.08,104.304924737006,HomeOdds,07/22/2022,T,C,
Japan2,709278337.0,Grulla Morioka,Machida Zelvia,WA-1658088658319,-0.5,1.934,192.657447974524,HomeOdds,07/23/2022,T,LL,-192.657447974524
Japan2,-733716930.0,Vegalta Sendai,V-Varen Nagasaki,WA-1658088668077,0.0,1.97,227.504674464055,HomeOdds,07/23/2022,T,LL,-227.504674464055
Korea1,1766410964.0,Jeonbuk Hyundai Motors,Pohang Steelers,WA-1658088976900,0.25,2.08,216.151763326728,HomeOdds,07/23/2022,T,C,
Korea1,629074875.0,Seongnam FC,Suwon FC,WA-1658088980716,-0.25,1.99,185.011530611436,HomeOdds,07/23/2022,T,C,
Norway1,600147815.0,Bodo Glimt,Jerv,WA-1658089385534,2.25,1.854,255.301297474865,AwayOdds,07/23/2022,T,LL,-255.301297474865
Norway1,1239649304.0,Rosenborg,Tromso IL,WA-1658089389646,0.5,2.0,297.0,HomeOdds,07/23/2022,T,WW,297.0
Brazil2,-2004420990.0,Gremio (RS),Ponte Preta,WA-1658089983871,1.0,2.08,148.0,AwayOdds,07/23/2022,T,PP,0.0
Brazil2,-2004420990.0,Gremio (RS),Ponte Preta,WA-1658090068110,1.0,2.05,148.0,AwayOdds,07/23/2022,T,PP,0.0
Brazil2,-2004420990.0,Gremio (RS),Ponte Preta,WA-1658090142133,1.0,2.01,88.85,AwayOdds,07/23/2022,T,PP,0.0
Brazil2,-1676218401.0,Cruzeiro (MG),Bahia,WA-1658095104622,0.5,1.862,99.0482108232539,AwayOdds,07/23/2022,T,LL,-99.0482108232539
Brazil2,-2004420990.0,Gremio (RS),Ponte Preta,WA-1658095108306,1.0,2.15,6.55000000000001,AwayOdds,07/23/2022,T,PP,0.0
Japan2,620379094.0,Albirex Niigata,Fagiano Okayama,WA-1658180871006,0.75,1.884,153.192450449392,AwayOdds,07/23/2022,T,WW,135.42212619726251
Norway1,1239649304.0,Rosenborg,Tromso IL,WA-1658181379937,0.5,2.002,16.5743487896006,HomeOdds,07/23/2022,T,WW,16.607497487179796
Brazil2,-1304679826.0,Ituano  SP,Chapecoense SC,WA-1658182034374,0.25,2.09,100.835056270579,AwayOdds,07/23/2022,T,LL,-100.835056270579
Brazil2,49013717.0,CRB AL,Gremio Novorizontin,WA-1658182038568,0.25,2.14,73.3836511577476,HomeOdds,07/23/2022,T,WW,83.65736231983226
Japan2,-776754344.0,JEF United Ichihara Chiba,Ventforet Kofu,WA-1658378874980,0.0,2.01,87.5401316477828,AwayOdds,07/23/2022,T,C,
Norway1,1239649304.0,Rosenborg,Tromso IL,WA-1658379247983,0.5,1.933,2.13006586647522,HomeOdds,07/23/2022,T,WW,1.9873514534213805
Japan2,-2032517992.0,Mito Hollyhock,Oita Trinita,WA-1658396747708,0.25,2.03,81.6444687360408,AwayOdds,07/23/2022,T,C,
Japan2,1776833343.0,Montedio Yamagata,Thespa Kusatsu,WA-1658414438373,0.75,2.105,87.3645283199592,HomeOdds,07/23/2022,T,LL,-87.3645283199592
Japan2,620379094.0,Albirex Niigata,Fagiano Okayama,WA-1658465180660,0.75,1.947,3.55229191400936,AwayOdds,07/23/2022,T,WW,3.364020442566864
Norway1,1239649304.0,Rosenborg,Tromso IL,WA-1658476326711,0.5,1.932,4.00210333073714,HomeOdds,07/23/2022,T,WW,3.729960304247014
Japan2,1531040958.0,Tokushima Vortis,FC Ryukyu,WA-1658529280612,0.75,2.006,89.1244288211319,AwayOdds,07/23/2022,T,WW,89.65917539405868
Japan2,530287684.0,Roasso Kumamoto,Zweigen Kanazawa FC,WA-1658088818954,0.25,2.06,166.224271046443,AwayOdds,07/24/2022,T,LL,-166.224271046443
Norway1,1836459806.0,Stromsgodset,Ham-Kam,WA-1658089249968,0.5,2.04,208.427763476641,HomeOdds,07/24/2022,T,LL,-208.427763476641
Norway1,1577747123.0,Kristiansund BK,Odd Grenland,WA-1658089254049,-0.25,1.909,270.278082468878,HomeOdds,07/24/2022,T,WP,122.84138848210505
Norway1,-114002296.0,Haugesund,Sarpsborg 08,WA-1658089258159,0.0,1.909,252.070244414009,HomeOdds,07/24/2022,T,WW,229.1318521723342
Norway1,-1670384731.0,Valerenga,Viking,WA-1658089262896,0.0,1.869,155.424323171402,HomeOdds,07/24/2022,T,WW,135.06373683594833
Norway2,-1075657638.0,Mjondalen IF,Start Kristiansand,WA-1658182613632,-0.25,1.84,148.9933539463,HomeOdds,07/24/2022,T,WP,62.57720865744601
Norway2,1976263569.0,Fredrikstad,Grorud,WA-1658182618726,1.0,2.03,104.687756714264,AwayOdds,07/24/2022,T,LL,-104.687756714264
Brazil1,-1551614179.0,Juventude,Ceara,WA-1658385480658,0.0,1.97,137.668541746853,HomeOdds,07/24/2022,T,WW,133.53848549444743
Brazil1,800970315.0,Palmeiras,Internacional RS,WA-1658385485401,1.0,1.934,183.70558088261,AwayOdds,07/24/2022,T,PP,0.0
Brazil1,1282683027.0,Atletico Mineiro,Corinthians Paulista (SP),WA-1658385492006,0.75,2.11,135.670149156677,AwayOdds,07/24/2022,T,WW,150.59386556391146
Brazil1,1945289646.0,Fortaleza,Santos,WA-1658409969453,0.25,2.08,80.7970348050657,AwayOdds,07/24/2022,T,PW,43.630398794735484
Norway2,-1075657638.0,Mjondalen IF,Start Kristiansand,WA-1658410540243,-0.25,1.957,2.63758830539939,HomeOdds,07/24/2022,T,WP,1.2620860041336082
Norway2,-1075657638.0,Mjondalen IF,Start Kristiansand,WA-1658463343482,-0.25,1.991,4.00948793543381,HomeOdds,07/24/2022,T,WP,1.9867012720074533
Brazil2,727275830.0,Criciuma,Centro Sportivo Alagoano,WA-1658182042974,0.5,1.847,127.994525075562,AwayOdds,07/25/2022,T,LL,-127.994525075562
Norway2,-11152340.0,Sogndal,Stabaek,WA-1658379796193,-0.25,1.806,273.0,HomeOdds,07/25/2022,T,WW,220.038
Norway2,-516677372.0,Stjordals Blink,Bryne,WA-1658379801119,-0.25,1.934,220.967698821989,HomeOdds,07/25/2022,T,LL,-220.967698821989
Norway2,-11152340.0,Sogndal,Stabaek,WA-1658426071906,-0.25,1.869,93.1318500589797,HomeOdds,07/25/2022,T,WW,80.93157770125336
Norway2,-11152340.0,Sogndal,Stabaek,WA-1658463348030,-0.25,1.869,5.0429201167583,HomeOdds,07/25/2022,T,WW,4.382297581462963
Norway2,-516677372.0,Stjordals Blink,Bryne,WA-1658463352468,-0.25,1.995,4.18928954131547,HomeOdds,07/25/2022,T,LL,-4.18928954131547
Brazil2,416320084.0,Chapecoense SC,Gremio (RS),WA-1658355312738,-0.25,2.06,146.0,HomeOdds,07/26/2022,T,WP,77.38000000000001
Brazil2,416320084.0,Chapecoense SC,Gremio (RS),WA-1658355339545,-0.25,2.02,146.0,HomeOdds,07/26/2022,T,WP,74.46000000000001
Japan1,445388572.0,Cerezo Osaka,Avispa Fukuoka,WA-1658699574773,0.25,1.854,175.422608941554,HomeOdds,07/30/2022,T,WW,149.8109080360871
Japan1,664076282.0,Urawa Red Diamonds,Kawasaki Frontale,WA-1658699578591,0.0,1.882,236.760084999889,AwayOdds,07/30/2022,T,LL,-236.760084999889
Japan1,146602237.0,Consadole Sapporo,Nagoya Grampus,WA-1658699693635,0.25,1.803,154.492299683407,AwayOdds,07/30/2022,T,PW,62.02865832288791
Japan1,243055462.0,Jubilo Iwata,Shonan Bellmare,WA-1658699697462,-0.25,2.07,304.401070053511,HomeOdds,07/30/2022,T,WW,325.7091449572567
Japan1,-1650920942.0,Gamba Osaka,Kyoto Sanga,WA-1658699702661,0.0,1.869,236.415098288363,HomeOdds,07/30/2022,T,PP,0.0
Japan1,-1981923957.0,Hiroshima Sanfrecce,FC Tokyo,WA-1658699706585,0.5,2.097,161.063664913418,AwayOdds,07/30/2022,T,WW,176.68684041001953
Japan2,1959353686.0,Mito Hollyhock,Omiya Ardija,WA-1658700165106,0.75,1.925,223.388044907686,AwayOdds,07/30/2022,T,LP,-111.694022453843
Japan2,1891922883.0,Yokohama FC,Grulla Morioka,WA-1658700169394,0.75,2.024,117.235338446982,AwayOdds,07/30/2022,T,WW,120.04898656970957
Japan2,-352756417.0,FC Ryukyu,Roasso Kumamoto,WA-1658700173115,-0.5,2.03,293.0,HomeOdds,07/30/2022,T,WW,301.78999999999996
Japan2,1365112110.0,Montedio Yamagata,Machida Zelvia,WA-1658700177398,-0.25,1.877,210.734509108801,HomeOdds,07/30/2022,T,WW,184.81416448841847
Japan2,1947230977.0,Renofa Yamaguchi,Vegalta Sendai,WA-1658700182387,-0.5,2.06,99.2803571704259,AwayOdds,07/30/2022,T,LL,-99.2803571704259
Japan2,1255300834.0,V-Varen Nagasaki,Albirex Niigata,WA-1658700187277,0.0,2.13,128.702181380046,HomeOdds,07/30/2022,T,PP,0.0
Japan2,-352756417.0,FC Ryukyu,Roasso Kumamoto,WA-1658700231070,-0.5,2.01,77.0212794783543,HomeOdds,07/30/2022,T,WW,77.79149227313783
Norway1,-833395999.0,Jerv,Valerenga,WA-1658700985738,-0.75,2.02,293.0,HomeOdds,07/30/2022,T,LL,-293.0
Norway1,1135141878.0,Tromso IL,Sandefjord,WA-1658700989661,1.0,1.98,187.965692285219,AwayOdds,07/30/2022,T,LL,-187.965692285219
Norway1,739176188.0,Ham-Kam,Kristiansund BK,WA-1658700993791,0.5,2.047,211.132642690535,AwayOdds,07/30/2022,T,WW,221.05587689699016
Norway1,133792215.0,Viking,Haugesund,WA-1658700997793,1.25,1.862,196.53406376319,AwayOdds,07/30/2022,T,,
Norway1,-833395999.0,Jerv,Valerenga,WA-1658703027234,-0.75,2.02,61.015363958387,HomeOdds,07/30/2022,T,LL,-61.015363958387
Norway1,1135141878.0,Tromso IL,Sandefjord,WA-1658704031064,1.0,1.974,3.88014895417586,AwayOdds,07/30/2022,T,LL,-3.88014895417586
Norway1,-833395999.0,Jerv,Valerenga,WA-1658704035069,-0.75,2.02,5.57744126971542,HomeOdds,07/30/2022,T,LL,-5.57744126971542
Norway1,2052737332.0,Molde,Stromsgodset,WA-1658704039067,1.25,2.004,94.2121433870031,HomeOdds,07/31/2022,T,WW,94.58899196055111
Japan1,146602237.0,Consadole Sapporo,Nagoya Grampus,WA-1658704444754,0.25,1.803,2.91959014118813,AwayOdds,07/30/2022,T,PW,1.172215441687034
Japan1,243055462.0,Jubilo Iwata,Shonan Bellmare,WA-1658704448787,-0.25,2.06,5.14619521381172,HomeOdds,07/30/2022,T,WW,5.454966926640424
Japan1,-1981923957.0,Hiroshima Sanfrecce,FC Tokyo,WA-1658704452797,0.5,2.097,2.59420072485106,AwayOdds,07/30/2022,T,WW,2.8458381951616127
Japan2,1959353686.0,Mito Hollyhock,Omiya Ardija,WA-1658704716358,0.75,1.911,3.82089372106583,AwayOdds,07/30/2022,T,LP,-1.910446860532915
Japan2,-352756417.0,FC Ryukyu,Roasso Kumamoto,WA-1658704720276,-0.5,2.0,5.7528613444069,HomeOdds,07/30/2022,T,WW,5.7528613444069
Japan2,1365112110.0,Montedio Yamagata,Machida Zelvia,WA-1658704724023,-0.25,1.876,4.03864322488255,HomeOdds,07/30/2022,T,WW,3.5378514649971136
Japan1,-1650920942.0,Gamba Osaka,Kyoto Sanga,WA-1658707559456,0.0,1.862,5.14790814392342,HomeOdds,07/30/2022,T,PP,0.0
Japan1,664076282.0,Urawa Red Diamonds,Kawasaki Frontale,WA-1658707563580,0.0,1.869,5.45159356667912,AwayOdds,07/30/2022,T,LL,-5.45159356667912
Japan2,1891922883.0,Yokohama FC,Grulla Morioka,WA-1658707704350,0.75,2.004,2.47028965933588,AwayOdds,07/30/2022,T,WW,2.4801708179732236
Japan2,1947230977.0,Renofa Yamaguchi,Vegalta Sendai,WA-1658717547487,-0.5,2.035,2.11950139310475,AwayOdds,07/30/2022,T,LL,-2.11950139310475
Norway1,2052737332.0,Molde,Stromsgodset,WA-1658725568618,1.25,2.002,3.47023188018649,HomeOdds,07/31/2022,T,WW,3.477172343946862
Japan2,-872139199.0,Zweigen Kanazawa FC,Blaublitz Akita,WA-1658730169623,0.25,1.98,98.1797487876591,AwayOdds,07/31/2022,T,WW,96.21615381190591
Japan2,-352756417.0,FC Ryukyu,Roasso Kumamoto,WA-1658732456730,-0.5,2.008,2.41615004827235,HomeOdds,07/30/2022,T,WW,2.435479248658529
Japan2,988284713.0,Tochigi SC,Tokushima Vortis,WA-1658738547932,-0.25,2.17,83.5896525370987,AwayOdds,07/30/2022,T,LP,-41.79482626854935
Japan1,445388572.0,Cerezo Osaka,Avispa Fukuoka,WA-1658756566607,0.25,1.851,3.94707728782583,HomeOdds,07/30/2022,T,WW,3.3589627719397814
Norway1,-833395999.0,Jerv,Valerenga,WA-1658763510188,-0.75,2.055,2.02900030907203,HomeOdds,07/30/2022,T,LL,-2.02900030907203
Norway1,1135141878.0,Tromso IL,Sandefjord,WA-1658767097339,1.0,2.095,2.06730783370098,AwayOdds,07/30/2022,T,LL,-2.06730783370098
Japan1,146602237.0,Consadole Sapporo,Nagoya Grampus,WA-1658772484077,0.25,1.807,2.96894829785484,AwayOdds,07/30/2022,T,PW,1.197970638184428
Japan1,445388572.0,Cerezo Osaka,Avispa Fukuoka,WA-1658772488249,0.25,1.851,2.43081099382908,HomeOdds,07/30/2022,T,WW,2.068620155748547
Japan1,664076282.0,Urawa Red Diamonds,Kawasaki Frontale,WA-1658772493298,0.0,1.885,2.48673046257696,AwayOdds,07/30/2022,T,LL,-2.48673046257696
Norway1,-833395999.0,Jerv,Valerenga,WA-1658773196693,-0.75,2.055,3.1067841285753,HomeOdds,07/30/2022,T,LL,-3.1067841285753
Japan1,243055462.0,Jubilo Iwata,Shonan Bellmare,WA-1658943247769,-0.25,2.026,4.75814680494297,HomeOdds,07/30/2022,T,WW,4.881858621871486
Japan2,1365112110.0,Montedio Yamagata,Machida Zelvia,WA-1658943566548,-0.25,1.772,2.83346030219099,HomeOdds,07/30/2022,T,WW,2.1874313532914442
Japan1,-1650920942.0,Gamba Osaka,Kyoto Sanga,WA-1658944925452,0.0,1.871,2.78624269478229,HomeOdds,07/30/2022,T,PP,0.0
Norway1,739176188.0,Ham-Kam,Kristiansund BK,WA-1658946990221,0.5,2.07,5.48059036020495,AwayOdds,07/30/2022,T,WW,5.864231685419296
Korea1,-687702399.0,Gimcheon Sangmu FC,Pohang Steelers,WA-1659407160224,-0.25,1.965,46.18361814340454,HomeOdds,08/02/2022,T,LL,-46.18361814340454
Korea1,-97284002.0,Gangwon FC,Jeonbuk Hyundai Motors,WA-1659407187447,-0.25,1.946,83.5663145592956,AwayOdds,08/03/2022,T,LL,-83.5663145592956
Norway1,-2030679301.0,Kristiansund BK,Tromso IL,WA-1659460299515,-0.25,1.862,140.00950754329435,HomeOdds,08/03/2022,T,WP,60.34409775115987
Sweden2,1434263898.0,Dalkurd FF,Norrby IF,WA-1659460715417,-0.25,2.069,145.3592920662361,HomeOdds,08/03/2022,T,WW,155.38908321880638
Sweden2,950174402.0,IK Brage,Ostersunds FK,WA-1659460721434,1.0,1.845,139.612038301142,AwayOdds,08/03/2022,T,PP,0.0
Sweden2,-296641727.0,Jonkopings Sodra IF,Vasteras SK FK,WA-1659460726453,0.0,2.14,160.30809062144692,HomeOdds,08/04/2022,T,WW,182.7512233084495
Sweden2,-296641727.0,Jonkopings Sodra IF,Vasteras SK FK,WA-1659567569768,0.0,2.117,162.44854301953598,HomeOdds,08/04/2022,T,WW,181.45502255282167
Korea1,-494977567.0,Seongnam FC,Gimcheon Sangmu FC,WA-1659407193514,-0.25,1.934,60.648164925220726,HomeOdds,08/05/2022,T,LL,-60.648164925220726
England1,1853174546.0,Crystal Palace,Arsenal,WA-1659417475747,-0.75,1.863,67.13996740428088,HomeOdds,08/05/2022,T,LL,-67.13996740428088
Korea1,-494977567.0,Seongnam FC,Gimcheon Sangmu FC,WA-1659459729333,-0.25,1.925,5.100187359384907,HomeOdds,08/05/2022,T,LL,-5.100187359384907
Korea1,-874695670.0,FC Seoul,Jeju United,WA-1659459740700,0.0,1.884,42.23790577981202,HomeOdds,08/05/2022,T,LL,-42.23790577981202
Portugal1,-2115191776.0,Benfica,FC Arouca,WA-1659542399492,2.0,2.07,75.38493772745062,HomeOdds,08/05/2022,T,WW,80.66188336837214
Korea1,-494977567.0,Seongnam FC,Gimcheon Sangmu FC,WA-1659546829087,-0.25,1.889,58.90186254010196,HomeOdds,08/05/2022,T,LL,-58.90186254010196
Korea1,-874695670.0,FC Seoul,Jeju United,WA-1659546833741,0.0,1.884,43.74224896975743,HomeOdds,08/05/2022,T,LL,-43.74224896975743
Korea1,-494977567.0,Seongnam FC,Gimcheon Sangmu FC,WA-1659561957485,-0.25,1.846,2.1730205897058945,HomeOdds,08/05/2022,T,LL,-2.1730205897058945
Slovenia1,1502901304.0,Tabor Sezana,NK Publikum Celje,WA-1659641850226,-0.25,1.934,96.2437046093676,HomeOdds,08/05/2022,T,WW,89.89162010514933
Korea1,-874695670.0,FC Seoul,Jeju United,WA-1659651540178,0.0,1.917,5.509611555812199,HomeOdds,08/05/2022,T,LL,-5.509611555812199
England1,1853174546.0,Crystal Palace,Arsenal,WA-1659686119717,-0.75,1.854,71.08768906449403,HomeOdds,08/05/2022,T,LL,-71.08768906449403
Netherlands1,773777673.0,SC Heerenveen,Sparta Rotterdam,WA-1659692303671,0.5,2.011,81.43263550366059,HomeOdds,08/05/2022,T,LL,-81.43263550366059
Japan1,1186633914.0,Kashima Antlers,Hiroshima Sanfrecce,WA-1659406131059,0.0,1.925,79.7398203886569,HomeOdds,08/06/2022,T,LL,-79.7398203886569
Japan1,444695346.0,Avispa Fukuoka,Gamba Osaka,WA-1659406136564,0.25,2.08,113.02013249269064,AwayOdds,08/06/2022,T,,
Japan1,-427161935.0,Nagoya Grampus,Urawa Red Diamonds,WA-1659406145702,-0.25,1.806,54.44472146716471,HomeOdds,08/06/2022,T,WW,43.88244550253476
England1,408790023.0,Bournemouth AFC,Aston Villa,WA-1659417465184,-0.5,1.9,42.56740949044106,HomeOdds,08/06/2022,T,WW,38.31066854139695
England1,-222322613.0,Fulham,Liverpool,WA-1659417498039,-1.75,1.855,73.1733389485854,HomeOdds,08/06/2022,T,WW,62.56320480104051
England1,-1959584737.0,Newcastle United,Nottingham Forest,WA-1659417509485,0.75,2.09,42.86872610013632,AwayOdds,08/06/2022,T,LL,-42.86872610013632
England1,-1753669259.0,Everton,Chelsea,WA-1659417516429,-0.75,2.01,63.67840694423695,HomeOdds,08/06/2022,T,PL,-31.839203472118474
Japan2,1548956593.0,Grulla Morioka,Fagiano Okayama,WA-1659458353143,-0.5,1.813,84.88389343815416,HomeOdds,08/06/2022,T,LL,-84.88389343815416
Japan2,-815090201.0,Ventforet Kofu,FC Ryukyu,WA-1659458377200,0.75,2.0,36.0647461401069,AwayOdds,08/06/2022,T,LL,-36.0647461401069
Japan2,332020091.0,Omiya Ardija,Yokohama FC,WA-1659458400936,-0.5,1.877,55.79672633321971,HomeOdds,08/06/2022,T,WW,48.93372899423368
Norway1,-1801664006.0,Rosenborg,Ham-Kam,WA-1659460186124,1.0,1.889,116.688394541769,HomeOdds,08/06/2022,T,PP,0.0
Sweden2,-406839816.0,Norrby IF,IK Brage,WA-1659460733231,0.5,1.943,39.90704178796423,AwayOdds,08/06/2022,T,WW,37.632340406050275
Sweden2,475894278.0,Skovde AIK,Osters IF,WA-1659460739133,-0.25,1.892,76.00824322816966,HomeOdds,08/06/2022,T,WP,33.89967647976366
Croatia1,801244877.0,Slaven Koprivnica,HNK Sibenik,WA-1659461161444,0.75,1.847,51.425252955243536,AwayOdds,08/06/2022,T,WW,43.55718925309127
Croatia1,-2049755518.0,Istra 1961 Pula,ZNK Osijek,WA-1659461166692,-0.75,1.99,50.07486367958987,HomeOdds,08/06/2022,T,WW,49.57411504279397
Germany1,-1504509136.0,Augsburg,SC Freiburg,WA-1659462538789,-0.25,2.01,67.44577032376121,HomeOdds,08/06/2022,T,LL,-67.44577032376121
Germany1,-1156656137.0,VfL Bochum,FSV Mainz 05,WA-1659462550904,-0.25,1.956,47.63918997505274,HomeOdds,08/06/2022,T,LL,-47.63918997505274
Netherlands1,-1265257571.0,Fortuna Sittard,AFC Ajax,WA-1659464267936,-2.0,2.022,39.33536469838876,HomeOdds,08/06/2022,T,WW,40.2007427217533
Netherlands1,56690811.0,PSV Eindhoven,Emmen,WA-1659464292921,2.0,1.97,43.67423454808595,HomeOdds,08/06/2022,T,WW,42.36400751164337
Japan2,-911938374.0,Albirex Niigata,Tokushima Vortis,WA-1659467041933,0.75,1.793,101.41883975246073,AwayOdds,08/06/2022,T,WW,80.42513992370135
Japan2,1548956593.0,Grulla Morioka,Fagiano Okayama,WA-1659540142963,-0.5,1.8,81.24145267464361,HomeOdds,08/06/2022,T,LL,-81.24145267464361
Japan2,332020091.0,Omiya Ardija,Yokohama FC,WA-1659540185375,-0.5,1.854,50.94175445035373,HomeOdds,08/06/2022,T,WW,43.50425830060209
Germany1,-1156656137.0,VfL Bochum,FSV Mainz 05,WA-1659541644617,-0.25,1.956,46.89202858960471,HomeOdds,08/06/2022,T,LL,-46.89202858960471
Netherlands1,56690811.0,PSV Eindhoven,Emmen,WA-1659541875232,2.0,1.97,42.9892585522637,HomeOdds,08/06/2022,T,WW,41.69958079569579
Germany1,-1504509136.0,Augsburg,SC Freiburg,WA-1659544642692,-0.25,2.036,70.03445392073671,HomeOdds,08/06/2022,T,LL,-70.03445392073671
Scotland1,181382795.0,Aberdeen,Saint Mirren,WA-1659545696043,0.5,2.03,83.58221968862246,HomeOdds,08/06/2022,T,WW,86.08968627928111
Scotland1,-340905674.0,Glasgow Rangers,Kilmarnock,WA-1659545700396,1.75,2.04,80.00466226123021,AwayOdds,08/06/2022,T,LP,-40.002331130615104
Japan1,1186633914.0,Kashima Antlers,Hiroshima Sanfrecce,WA-1659546204608,0.0,1.934,79.1640364991262,HomeOdds,08/06/2022,T,LL,-79.1640364991262
Japan1,444695346.0,Avispa Fukuoka,Gamba Osaka,WA-1659546211170,0.25,1.975,97.00386750730938,AwayOdds,08/06/2022,T,,
England1,408790023.0,Bournemouth AFC,Aston Villa,WA-1659547688548,-0.5,1.909,43.15827053794341,HomeOdds,08/06/2022,T,WW,39.23086791899056
Germany1,941294289.0,Borussia Dortmund,Bayer Leverkusen,WA-1659551189220,0.25,1.892,139.73358429316926,HomeOdds,08/06/2022,T,WW,124.64235718950697
Norway1,-668840109.0,Bodo Glimt,Odd Grenland,WA-1659553593278,1.75,1.862,90.91692204335412,AwayOdds,08/06/2022,T,LL,-90.91692204335412
Norway1,-1801664006.0,Rosenborg,Ham-Kam,WA-1659553598356,1.0,1.915,97.642605458231,HomeOdds,08/06/2022,T,PP,0.0
England1,-1753669259.0,Everton,Chelsea,WA-1659554299165,-0.75,2.12,81.5132955670874,HomeOdds,08/06/2022,T,PL,-40.7566477835437
England1,-222322613.0,Fulham,Liverpool,WA-1659559089614,-1.75,1.895,81.72373476149514,HomeOdds,08/06/2022,T,WW,73.14274261153815
Japan1,444695346.0,Avispa Fukuoka,Gamba Osaka,WA-1659561270611,0.25,1.975,6.453821587423281,AwayOdds,08/06/2022,T,,
England1,-1959584737.0,Newcastle United,Nottingham Forest,WA-1659601166243,0.75,2.06,39.54385399779679,AwayOdds,08/06/2022,T,LL,-39.54385399779679
England1,-1959584737.0,Newcastle United,Nottingham Forest,WA-1659604568704,0.75,2.06,39.54385399779679,AwayOdds,08/06/2022,T,LL,-39.54385399779679
Japan2,-911938374.0,Albirex Niigata,Tokushima Vortis,WA-1659607000248,0.75,1.847,113.8237433510484,AwayOdds,08/06/2022,T,WW,96.40871061833799
Japan2,1548956593.0,Grulla Morioka,Fagiano Okayama,WA-1659607004605,-0.5,1.835,3.6335429861371566,HomeOdds,08/06/2022,T,LL,-3.6335429861371566
Japan2,-2096801222.0,Machida Zelvia,Oita Trinita,WA-1659613993395,0.25,2.06,69.45416138034012,AwayOdds,08/06/2022,T,PW,36.81070553158027
Japan1,444695346.0,Avispa Fukuoka,Gamba Osaka,WA-1659643396462,0.25,1.972,6.899192874131927,AwayOdds,08/06/2022,T,,
Netherlands1,56690811.0,PSV Eindhoven,Emmen,WA-1659645586485,2.0,2.01,5.595481833774233,HomeOdds,08/06/2022,T,WW,5.6514366521119745
England1,-222322613.0,Fulham,Liverpool,WA-1659648841061,-1.75,1.887,5.3805510256613065,HomeOdds,08/06/2022,T,WW,4.7725487597615786
England1,-1753669259.0,Everton,Chelsea,WA-1659648848110,-0.75,2.13,5.4835314489775016,HomeOdds,08/06/2022,T,PL,-2.7417657244887508
Japan1,1186633914.0,Kashima Antlers,Hiroshima Sanfrecce,WA-1659651077089,0.0,1.943,8.987049189017029,HomeOdds,08/06/2022,T,LL,-8.987049189017029
Japan1,1186633914.0,Kashima Antlers,Hiroshima Sanfrecce,WA-1659654626170,0.0,1.943,8.987049189017029,HomeOdds,08/06/2022,T,LL,-8.987049189017029
Norway1,-668840109.0,Bodo Glimt,Odd Grenland,WA-1659655424584,1.75,1.922,4.125483772416368,AwayOdds,08/06/2022,T,LL,-4.125483772416368
Norway1,-1801664006.0,Rosenborg,Ham-Kam,WA-1659655429514,1.0,1.945,35.83856037183657,HomeOdds,08/06/2022,T,PP,0.0
Norway1,-668840109.0,Bodo Glimt,Odd Grenland,WA-1659659011852,1.75,1.922,4.125483772416368,AwayOdds,08/06/2022,T,LL,-4.125483772416368
Norway1,-1801664006.0,Rosenborg,Ham-Kam,WA-1659659016633,1.0,1.945,35.83856037183657,HomeOdds,08/06/2022,T,PP,0.0
Japan2,-911938374.0,Albirex Niigata,Tokushima Vortis,WA-1659676134101,0.75,1.819,7.269106156758361,AwayOdds,08/06/2022,T,WW,5.953397942385097
Scotland1,181382795.0,Aberdeen,Saint Mirren,WA-1659681186333,0.5,2.025,4.526122903684292,HomeOdds,08/06/2022,T,WW,4.639275976276399
Scotland1,181382795.0,Aberdeen,Saint Mirren,WA-1659684455068,0.5,2.025,4.526122903684292,HomeOdds,08/06/2022,T,WW,4.639275976276399
Scotland1,-340905674.0,Glasgow Rangers,Kilmarnock,WA-1659692979688,1.75,2.112,5.934916242074409,AwayOdds,08/06/2022,T,LP,-2.9674581210372044
Croatia1,-1791973504.0,Slaven Koprivnica,HNK Sibenik,WA-1659724243670,0.75,1.955,79.2710791829072,AwayOdds,08/06/2022,T,WW,75.70388061967638
Croatia1,-2049755518.0,Istra 1961 Pula,ZNK Osijek,WA-1659724279047,-0.75,1.97,50.3569053793482,HomeOdds,08/06/2022,T,WW,48.84619821796775
Germany1,-1504509136.0,Augsburg,SC Freiburg,WA-1659733070766,-0.25,2.054,5.189317053635221,HomeOdds,08/06/2022,T,LL,-5.189317053635221
Netherlands1,-1371049089.0,RKC Waalwijk,FC Utrecht,WA-1659733306255,-0.5,1.98,80.00363265009868,HomeOdds,08/06/2022,T,WW,78.4035599970967
Netherlands1,-1371049089.0,RKC Waalwijk,FC Utrecht,WA-1659737479180,-0.5,1.98,80.6016723909385,HomeOdds,08/06/2022,T,WW,78.98963894311973
Slovenia1,1154605196.0,ASK Bravo Publikum,Domzale,WA-1659737731444,0.0,2.11,75.42884935563636,AwayOdds,08/06/2022,T,WW,83.72602278475635
Germany1,-1156656137.0,VfL Bochum,FSV Mainz 05,WA-1659742847051,-0.25,1.956,2.832101728624141,HomeOdds,08/06/2022,T,LL,-2.832101728624141
Slovenia1,1154605196.0,ASK Bravo Publikum,Domzale,WA-1659743421071,0.0,2.1,72.64718132183917,AwayOdds,08/06/2022,T,WW,79.9118994540231
Japan2,332020091.0,Omiya Ardija,Yokohama FC,WA-1659748357006,-0.5,1.9,3.6185933793473937,HomeOdds,08/06/2022,T,WW,3.256734041412654
Japan1,-371607973.0,FC Tokyo,Shimizu S-Pulse,WA-1659406152030,0.25,1.854,47.105810981295456,HomeOdds,08/07/2022,T,LL,-47.105810981295456
Japan1,-800195291.0,Kawasaki Frontale,Yokohama Marinos,WA-1659406159827,0.25,2.095,45.61166484307193,HomeOdds,08/07/2022,T,WW,49.94477300316377
Japan1,-981225014.0,Sagan Tosu,Jubilo Iwata,WA-1659406172028,0.75,1.961,94.93811660451682,AwayOdds,08/07/2022,T,LL,-94.93811660451682
England1,-2020559845.0,Leicester City,Brentford,WA-1659417523523,0.5,1.999,51.78969263489806,HomeOdds,08/07/2022,T,LL,-51.78969263489806
England1,-498626306.0,West Ham United,Manchester City,WA-1659417548083,-1.5,1.893,49.628630645072064,HomeOdds,08/07/2022,T,LL,-49.628630645072064
England1,-2020559845.0,Leicester City,Brentford,WA-1659418228880,0.5,2.021,4.1848483144724025,HomeOdds,08/07/2022,T,LL,-4.1848483144724025
Japan2,2052740402.0,Blaublitz Akita,Mito Hollyhock,WA-1659458472761,-0.5,1.819,70.59138194438796,HomeOdds,08/07/2022,T,WW,57.81434181245374
Japan2,-807464180.0,Roasso Kumamoto,Tochigi SC,WA-1659458489599,0.5,1.884,83.92277573313879,AwayOdds,08/07/2022,T,LL,-83.92277573313879
Korea1,846076283.0,Jeonbuk Hyundai Motors,Ulsan Hyundai FC,WA-1659459747706,0.0,1.877,50.62414084368514,HomeOdds,08/07/2022,T,PP,0.0
Norway1,-864889015.0,Kristiansund BK,Molde,WA-1659460201165,-1.0,1.909,90.03700111107975,HomeOdds,08/07/2022,T,PP,0.0
Norway1,2005347316.0,Sandefjord,Viking,WA-1659460210600,-0.75,1.877,95.54118617496302,HomeOdds,08/07/2022,T,WW,83.78962027544256
Norway1,-1995442115.0,Stromsgodset,Sarpsborg 08,WA-1659460217128,0.25,1.99,58.69503396217196,HomeOdds,08/07/2022,T,WW,58.10808362255024
Sweden2,1001167632.0,Ostersunds FK,Landskrona BoIS,WA-1659460745617,0.0,2.07,127.01773576236678,HomeOdds,08/07/2022,T,WW,135.90897726573243
Sweden2,-753269938.0,Halmstads,Dalkurd FF,WA-1659460754152,1.25,2.05,79.68023548618385,AwayOdds,08/07/2022,T,LL,-79.68023548618385
Germany1,1123399812.0,FC Koln,Schalke 04,WA-1659462562126,0.75,1.961,52.98259598360234,AwayOdds,08/07/2022,T,LL,-52.98259598360234
Netherlands1,-1660485382.0,Vitesse Arnhem,Feyenoord,WA-1659463010673,-0.5,1.99,44.35567006191701,HomeOdds,08/07/2022,T,LL,-44.35567006191701
Netherlands1,-234595688.0,AZ Alkmaar,Go Ahead Eagles,WA-1659463015809,1.25,1.892,81.60725515948518,HomeOdds,08/07/2022,T,WW,72.79367160226077
Slovenia1,-897442994.0,Radomlje,NK Mura 05,WA-1659465224383,-0.25,2.07,110.62131938556456,AwayOdds,08/07/2022,T,LP,-55.31065969278228
Netherlands1,-1660485382.0,Vitesse Arnhem,Feyenoord,WA-1659541879950,-0.5,2.048,53.18069568671747,HomeOdds,08/07/2022,T,LL,-53.18069568671747
Netherlands1,-234595688.0,AZ Alkmaar,Go Ahead Eagles,WA-1659541884518,1.25,1.884,79.0664718335278,HomeOdds,08/07/2022,T,WW,69.89476110083856
Slovenia1,-897442994.0,Radomlje,NK Mura 05,WA-1659542138670,-0.25,2.04,99.40268061443544,AwayOdds,08/07/2022,T,LP,-49.70134030721772
Japan2,2052740402.0,Blaublitz Akita,Mito Hollyhock,WA-1659543247450,-0.5,1.819,69.48424400266653,HomeOdds,08/07/2022,T,WW,56.90759583818388
England1,-498626306.0,West Ham United,Manchester City,WA-1659544346188,-1.5,1.877,45.669750061991685,HomeOdds,08/07/2022,T,LL,-45.669750061991685
Japan1,-371607973.0,FC Tokyo,Shimizu S-Pulse,WA-1659546217720,0.25,1.862,47.4951538108416,HomeOdds,08/07/2022,T,LL,-47.4951538108416
Japan1,-800195291.0,Kawasaki Frontale,Yokohama Marinos,WA-1659546222759,0.25,2.09,43.85153358621991,HomeOdds,08/07/2022,T,WW,47.79817160897969
Japan1,-981225014.0,Sagan Tosu,Jubilo Iwata,WA-1659546227501,0.75,1.911,86.00670709577197,AwayOdds,08/07/2022,T,LL,-86.00670709577197
Korea1,846076283.0,Jeonbuk Hyundai Motors,Ulsan Hyundai FC,WA-1659546839973,0.0,1.917,50.94210944880779,HomeOdds,08/07/2022,T,PP,0.0
Germany1,1123399812.0,FC Koln,Schalke 04,WA-1659547918620,0.75,1.99,56.81629128349504,AwayOdds,08/07/2022,T,LL,-56.81629128349504
England1,-2020559845.0,Leicester City,Brentford,WA-1659550960995,0.5,2.024,50.72519623605986,HomeOdds,08/07/2022,T,LL,-50.72519623605986
Scotland1,1291402761.0,Hibernian,Heart of Midlothian,WA-1659552115311,0.0,1.917,83.69029476611705,HomeOdds,08/07/2022,T,PP,0.0
Norway1,2005347316.0,Sandefjord,Viking,WA-1659553543910,-0.75,1.861,95.35148463757676,HomeOdds,08/07/2022,T,WW,82.09762827295359
Norway1,-1995442115.0,Stromsgodset,Sarpsborg 08,WA-1659553548795,0.25,2.02,65.12375175048487,HomeOdds,08/07/2022,T,WW,66.42622678549456
Norway1,-864889015.0,Kristiansund BK,Molde,WA-1659553605676,-1.0,1.844,81.06000340357205,HomeOdds,08/07/2022,T,PP,0.0
Netherlands1,-1660485382.0,Vitesse Arnhem,Feyenoord,WA-1659554970459,-0.5,2.025,2.0205947253096816,HomeOdds,08/07/2022,T,LL,-2.0205947253096816
Slovenia1,-897442994.0,Radomlje,NK Mura 05,WA-1659559967340,-0.25,2.01,10.310558375491366,AwayOdds,08/07/2022,T,LP,-5.155279187745683
Sweden2,1001167632.0,Ostersunds FK,Landskrona BoIS,WA-1659560179582,0.0,1.909,113.32649516377016,HomeOdds,08/07/2022,T,WW,103.01378410386708
Sweden2,-753269938.0,Halmstads,Dalkurd FF,WA-1659560183938,1.25,2.053,82.06349358589529,AwayOdds,08/07/2022,T,LL,-82.06349358589529
Japan1,-981225014.0,Sagan Tosu,Jubilo Iwata,WA-1659592637332,0.75,1.897,3.4884374000113176,AwayOdds,08/07/2022,T,LL,-3.4884374000113176
Korea1,846076283.0,Jeonbuk Hyundai Motors,Ulsan Hyundai FC,WA-1659632141774,0.0,2.09,5.752057923948498,HomeOdds,08/07/2022,T,PP,0.0
Netherlands1,-1133034259.0,NEC Nijmegen,FC Twente Enschede,WA-1659633799154,-0.25,2.047,74.8641373818374,HomeOdds,08/07/2022,T,LL,-74.8641373818374
Netherlands1,-234595688.0,AZ Alkmaar,Go Ahead Eagles,WA-1659633806159,1.25,1.95,3.7590747397679474,HomeOdds,08/07/2022,T,WW,3.5711210027795497
Scotland1,1291402761.0,Hibernian,Heart of Midlothian,WA-1659634861785,0.0,2.013,2.0470980998028843,HomeOdds,08/07/2022,T,PP,0.0
Korea1,846076283.0,Jeonbuk Hyundai Motors,Ulsan Hyundai FC,WA-1659636010650,0.0,2.09,5.752057923948498,HomeOdds,08/07/2022,T,PP,0.0
Korea1,846076283.0,Jeonbuk Hyundai Motors,Ulsan Hyundai FC,WA-1659639894317,0.0,2.09,8.351551337473103,HomeOdds,08/07/2022,T,PP,0.0
Norway1,-1995442115.0,Stromsgodset,Sarpsborg 08,WA-1659640287183,0.25,1.962,3.8027667096900775,HomeOdds,08/07/2022,T,WW,3.6582615747218545
Slovenia1,-897442994.0,Radomlje,NK Mura 05,WA-1659641854861,-0.25,2.0,7.075772523738595,AwayOdds,08/07/2022,T,LP,-3.5378862618692977
Scotland1,1291402761.0,Hibernian,Heart of Midlothian,WA-1659642738916,0.0,2.013,6.734088420478702,HomeOdds,08/07/2022,T,PP,0.0
Japan1,-371607973.0,FC Tokyo,Shimizu S-Pulse,WA-1659643400997,0.25,1.869,5.452980896036934,HomeOdds,08/07/2022,T,LL,-5.452980896036934
Japan1,-981225014.0,Sagan Tosu,Jubilo Iwata,WA-1659643406744,0.75,1.868,5.638210991399819,AwayOdds,08/07/2022,T,LL,-5.638210991399819
Norway1,-864889015.0,Kristiansund BK,Molde,WA-1659644250237,-1.0,1.854,5.542250981074267,HomeOdds,08/07/2022,T,PP,0.0
Netherlands1,-1660485382.0,Vitesse Arnhem,Feyenoord,WA-1659645591300,-0.5,2.025,3.40923107706854,HomeOdds,08/07/2022,T,LL,-3.40923107706854
Netherlands1,-234595688.0,AZ Alkmaar,Go Ahead Eagles,WA-1659645595797,1.25,1.95,6.332644333958889,HomeOdds,08/07/2022,T,WW,6.016012117260944
Sweden2,1001167632.0,Ostersunds FK,Landskrona BoIS,WA-1659646086317,0.0,1.847,7.398778419919171,HomeOdds,08/07/2022,T,WW,6.266765321671538
Japan2,2052740402.0,Blaublitz Akita,Mito Hollyhock,WA-1659647627322,-0.5,1.862,8.715163939645048,HomeOdds,08/07/2022,T,WW,7.512471315974032
England1,-2020559845.0,Leicester City,Brentford,WA-1659648853687,0.5,2.04,5.675558659504072,HomeOdds,08/07/2022,T,LL,-5.675558659504072
Norway1,2005347316.0,Sandefjord,Viking,WA-1659691246097,-0.75,1.854,6.312127767860476,HomeOdds,08/07/2022,T,WW,5.390557113752847
England1,-498626306.0,West Ham United,Manchester City,WA-1659714096534,-1.5,1.878,3.21095659361272,HomeOdds,08/07/2022,T,LL,-3.21095659361272
Japan1,-800195291.0,Kawasaki Frontale,Yokohama Marinos,WA-1659816025883,0.25,2.11,5.359972844913773,HomeOdds,08/07/2022,T,WW,5.949569857854287
England1,-2020559845.0,Leicester City,Brentford,WA-1659822172927,0.5,2.1,6.513150661140711,HomeOdds,08/07/2022,T,LL,-6.513150661140711
Netherlands1,-1133034259.0,NEC Nijmegen,FC Twente Enschede,WA-1659826020659,-0.25,2.077,4.805898426896776,HomeOdds,08/07/2022,T,LL,-4.805898426896776
Netherlands1,-1660485382.0,Vitesse Arnhem,Feyenoord,WA-1659827211633,-0.5,2.071,3.1612670853379563,HomeOdds,08/07/2022,T,LL,-3.1612670853379563
Sweden2,1001167632.0,Ostersunds FK,Landskrona BoIS,WA-1659827684633,0.0,1.904,4.554618690598057,HomeOdds,08/07/2022,T,WW,4.117375296300643
Denmark1,665350265.0,FC Copenhagen,Brondby IF,WA-1659827869280,1.0,1.9,115.50438081809033,AwayOdds,08/07/2022,T,LL,-115.50438081809033
Portugal1,1618484315.0,Sporting Braga,Sporting CP,WA-1659828862163,-0.5,1.903,121.08690392361142,HomeOdds,08/07/2022,T,WW,109.34147424302111
Netherlands1,-1660485382.0,Vitesse Arnhem,Feyenoord,WA-1659829215974,-0.5,2.071,3.1612670853379563,HomeOdds,08/07/2022,T,LL,-3.1612670853379563
Japan1,-800195291.0,Kawasaki Frontale,Yokohama Marinos,WA-1659830470567,0.25,2.118,2.353967229092169,HomeOdds,08/07/2022,T,WW,2.631735362125045
Norway1,2005347316.0,Sandefjord,Viking,WA-1659831181061,-0.75,1.882,5.106435856270687,HomeOdds,08/07/2022,T,WW,4.503876425230745
Germany1,1123399812.0,FC Koln,Schalke 04,WA-1659831844145,0.75,1.952,8.384749355888562,AwayOdds,08/07/2022,T,LL,-8.384749355888562
Norway1,-864889015.0,Kristiansund BK,Molde,WA-1659837431344,-1.0,1.962,4.971338143773567,HomeOdds,08/07/2022,T,PP,0.0
Denmark1,652254063.0,Odense BK,Aarhus AGF,WA-1659843960119,0.0,1.985,84.61814097215166,HomeOdds,08/07/2022,T,LL,-84.61814097215166
Japan2,2052740402.0,Blaublitz Akita,Mito Hollyhock,WA-1659845242553,-0.5,1.864,2.124843018431624,HomeOdds,08/07/2022,T,WW,1.8358643679249234
Croatia1,251409004.0,NK Lokomotiva Zagreb,Rijeka,WA-1659846136634,0.25,1.917,104.65301779718102,AwayOdds,08/07/2022,T,LL,-104.65301779718102
Denmark1,302546222.0,Silkeborg,Aalborg,WA-1659461733029,0.75,1.9,126.0,AwayOdds,08/08/2022,T,LL,-126.0
Denmark1,302546222.0,Silkeborg,Aalborg,WA-1659469040099,0.75,1.877,28.770586951147028,AwayOdds,08/08/2022,T,LL,-28.770586951147028
Slovenia1,-203902585.0,ND Gorica,FC Koper,WA-1659559898958,-0.5,2.04,146.0,HomeOdds,08/08/2022,T,LL,-146.0
Slovenia1,-203902585.0,ND Gorica,FC Koper,WA-1659641861695,-0.5,1.862,5.795733684177305,HomeOdds,08/08/2022,T,LL,-5.795733684177305
Denmark1,302546222.0,Silkeborg,Aalborg,WA-1659827800378,0.75,1.925,177.66473056466916,AwayOdds,08/08/2022,T,LL,-177.66473056466916
Portugal1,377992916.0,Gil Vicente,Pacos de Ferreira,WA-1659828866639,0.75,1.875,184.75177465548364,AwayOdds,08/08/2022,T,LP,-92.37588732774182
Denmark1,302546222.0,Silkeborg,Aalborg,WA-1659829846052,0.75,1.925,177.66473056466916,AwayOdds,08/08/2022,T,LL,-177.66473056466916
Sweden2,-1908143498.0,Skovde AIK,Osters IF,WA-1659560131931,-0.25,1.813,65.27009365193523,HomeOdds,08/09/2022,T,WP,26.532293069511667
Sweden2,-1941374648.0,Norrby IF,IK Brage,WA-1659560136462,0.5,2.0,51.65910153370444,AwayOdds,08/09/2022,T,WW,51.65910153370444
Sweden2,-1941374648.0,Norrby IF,IK Brage,WA-1659634350622,0.5,1.987,4.2395872845227744,AwayOdds,08/09/2022,T,WW,4.184472649823979
Sweden2,-1908143498.0,Skovde AIK,Osters IF,WA-1659642095268,-0.25,1.8,7.492655543699817,HomeOdds,08/09/2022,T,WP,2.997062217479927
Sweden2,-1941374648.0,Norrby IF,IK Brage,WA-1659646092080,0.5,1.968,3.16676483464213,AwayOdds,08/09/2022,T,WW,3.065428359933582
Sweden2,-1908143498.0,Skovde AIK,Osters IF,WA-1659646097508,-0.25,1.8,7.492655543699817,HomeOdds,08/09/2022,T,WP,2.997062217479927
Sweden2,-1941374648.0,Norrby IF,IK Brage,WA-1659649923400,0.5,1.968,3.16676483464213,AwayOdds,08/09/2022,T,WW,3.065428359933582
Sweden2,-1908143498.0,Skovde AIK,Osters IF,WA-1659649929061,-0.25,1.8,7.492655543699817,HomeOdds,08/09/2022,T,WP,2.997062217479927
Sweden2,-1908143498.0,Skovde AIK,Osters IF,WA-1659886508994,-0.25,1.943,58.937945780185,HomeOdds,08/09/2022,T,WP,27.789241435357226
Korea1,-1820078205.0,Suwon FC,Jeonbuk Hyundai Motors,WA-1659876316776,-0.25,1.925,104.2486776593011,AwayOdds,08/10/2022,T,WW,96.43002683485352
Germany1,-876414189.0,SC Freiburg,Borussia Dortmund,WA-1659462567317,-0.25,2.03,60.94669519704613,AwayOdds,08/12/2022,T,WW,62.7750960529575
Spain1,-830491756.0,Osasuna,Sevilla,WA-1659539541787,-0.25,2.092,70.92158433911025,AwayOdds,08/12/2022,T,LL,-70.92158433911025
Germany1,-876414189.0,SC Freiburg,Borussia Dortmund,WA-1659541648962,-0.25,2.013,57.682726085295776,AwayOdds,08/12/2022,T,WW,58.43260152440462
Germany1,-876414189.0,SC Freiburg,Borussia Dortmund,WA-1659554560666,-0.25,2.013,2.3833351265940186,AwayOdds,08/12/2022,T,WW,2.4143184832397404
Spain1,-830491756.0,Osasuna,Sevilla,WA-1659715838098,-0.25,2.119,2.742470573054562,AwayOdds,08/12/2022,T,LL,-2.742470573054562
Spain1,-830491756.0,Osasuna,Sevilla,WA-1659722745321,-0.25,2.119,3.4181007060102737,AwayOdds,08/12/2022,T,LL,-3.4181007060102737
Slovenia1,624569170.0,NK Publikum Celje,ASK Bravo Publikum,WA-1659814951575,0.5,2.0,83.49426361830992,AwayOdds,08/12/2022,T,LL,-83.49426361830992
Croatia1,-1633140468.0,HNK Sibenik,Istra 1961 Pula,WA-1659831366815,0.25,2.05,146.0,HomeOdds,08/12/2022,T,PL,-73.0
Croatia1,-1633140468.0,HNK Sibenik,Istra 1961 Pula,WA-1659831395183,0.25,2.0,38.96959917031601,HomeOdds,08/12/2022,T,PL,-19.484799585158004
Norway1,-986487408.0,Sarpsborg 08,Bodo Glimt,WA-1659992437985,-0.75,1.892,109.21838400924642,HomeOdds,08/12/2022,T,LL,-109.21838400924642
Norway1,-765108058.0,Sandefjord,Rosenborg,WA-1660245326088,-0.75,2.05,73.90377615500401,HomeOdds,08/12/2022,T,LL,-73.90377615500401
England1,-324738523.0,Manchester City,Bournemouth AFC,WA-1659417559218,2.25,1.84,82.3329637625613,HomeOdds,08/13/2022,T,WW,69.1596895605515
England1,1283704295.0,Arsenal,Leicester City,WA-1659417863098,1.0,1.952,74.05111445573205,AwayOdds,08/13/2022,T,LL,-74.05111445573205
Spain1,-769571464.0,FC Barcelona,Rayo Vallecano,WA-1659479674492,1.75,1.847,60.55219460477366,HomeOdds,08/13/2022,T,LL,-60.55219460477366
Spain1,-769571464.0,FC Barcelona,Rayo Vallecano,WA-1659539546216,1.75,1.833,57.06421139486159,HomeOdds,08/13/2022,T,LL,-57.06421139486159
England1,1283704295.0,Arsenal,Leicester City,WA-1659541180729,1.0,1.985,77.18552169036978,AwayOdds,08/13/2022,T,LL,-77.18552169036978
Germany1,1767000013.0,RB Leipzig,FC Koln,WA-1659541653532,1.0,1.84,103.80784058348571,HomeOdds,08/13/2022,T,LL,-103.80784058348571
England1,1283704295.0,Arsenal,Leicester City,WA-1659554242861,1.0,1.985,3.199702020146147,AwayOdds,08/13/2022,T,LL,-3.199702020146147
England1,-1332669518.0,Aston Villa,Everton,WA-1659554303400,0.5,1.993,113.04615919013024,AwayOdds,08/13/2022,T,LL,-113.04615919013024
Germany1,1767000013.0,RB Leipzig,FC Koln,WA-1659554569405,1.0,1.848,2.1939820729729016,HomeOdds,08/13/2022,T,LL,-2.1939820729729016
England1,1283704295.0,Arsenal,Leicester City,WA-1659640850025,1.0,1.953,5.079872251713447,AwayOdds,08/13/2022,T,LL,-5.079872251713447
Spain1,-769571464.0,FC Barcelona,Rayo Vallecano,WA-1659643042972,1.75,1.787,5.529303736791358,HomeOdds,08/13/2022,T,LL,-5.529303736791358
Spain1,-769571464.0,FC Barcelona,Rayo Vallecano,WA-1659647032236,1.75,1.787,5.529303736791358,HomeOdds,08/13/2022,T,LL,-5.529303736791358
England1,-1332669518.0,Aston Villa,Everton,WA-1659648859885,0.5,2.017,4.096341989908448,AwayOdds,08/13/2022,T,LL,-4.096341989908448
Germany1,1767000013.0,RB Leipzig,FC Koln,WA-1659721275524,1.0,1.835,2.3099319395352533,HomeOdds,08/13/2022,T,LL,-2.3099319395352533
Germany1,1767000013.0,RB Leipzig,FC Koln,WA-1659725097936,1.0,1.835,2.3099319395352533,HomeOdds,08/13/2022,T,LL,-2.3099319395352533
Germany1,1767000013.0,RB Leipzig,FC Koln,WA-1659729040967,1.0,1.835,2.3099319395352533,HomeOdds,08/13/2022,T,LL,-2.3099319395352533
England1,1891192950.0,Wolves,Fulham,WA-1659817152009,0.25,1.98,90.70373124581252,HomeOdds,08/13/2022,T,PL,-45.35186562290626
England1,1891192950.0,Wolves,Fulham,WA-1659822057330,0.25,2.013,2.3760171835067982,HomeOdds,08/13/2022,T,PL,-1.1880085917533991
Japan2,6171636.0,V-Varen Nagasaki,FC Ryukyu,WA-1659875989941,0.75,2.05,96.58811964262983,AwayOdds,08/13/2022,T,WW,101.41752562476131
Japan2,401204234.0,Ventforet Kofu,Roasso Kumamoto,WA-1659876020759,0.0,1.751,327.5825327124543,HomeOdds,08/13/2022,T,PP,0.0
Japan1,1979358895.0,Jubilo Iwata,Urawa Red Diamonds,WA-1659877673670,-0.25,2.07,87.11110887856574,HomeOdds,08/13/2022,T,LL,-87.11110887856574
Japan1,222550724.0,Yokohama Marinos,Shonan Bellmare,WA-1659877677930,0.75,1.84,154.56993420177474,HomeOdds,08/13/2022,T,,
Sweden2,1620039379.0,Jonkopings Sodra IF,Halmstads,WA-1659886420776,-0.75,1.884,180.2159799871989,HomeOdds,08/13/2022,T,LL,-180.2159799871989
Sweden2,-1125355072.0,Dalkurd FF,Orgryte,WA-1659886427172,0.0,1.869,125.53688172066386,HomeOdds,08/13/2022,T,LL,-125.53688172066386
Korea1,-1755462362.0,Incheon United,Jeonbuk Hyundai Motors,WA-1659894616835,-0.5,2.09,67.11605566886212,AwayOdds,08/13/2022,T,LL,-67.11605566886212
England1,-1332669518.0,Aston Villa,Everton,WA-1659895123862,0.5,2.058,2.638416700321682,AwayOdds,08/13/2022,T,LL,-2.638416700321682
England1,741469120.0,Brighton Hove Albion,Newcastle United,WA-1659895127699,0.25,2.104,74.24429081162242,HomeOdds,08/13/2022,T,PL,-37.12214540581121
England1,-1332669518.0,Aston Villa,Everton,WA-1659901542965,0.5,2.058,2.0338882134596274,AwayOdds,08/13/2022,T,LL,-2.0338882134596274
Slovenia1,-1764628947.0,NK Mura 05,Tabor Sezana,WA-1659905861619,1.0,1.787,187.0,AwayOdds,08/13/2022,T,WW,147.16899999999998
Slovenia1,1009914697.0,FC Koper,Radomlje,WA-1659905865604,0.5,1.84,140.01673167605003,HomeOdds,08/13/2022,T,WW,117.61405460788204
Norway1,-916463176.0,Aalesund FK,Haugesund,WA-1659908066498,0.5,1.833,113.06338448485472,AwayOdds,08/13/2022,T,WW,94.18179927588398
Slovenia1,-1764628947.0,NK Mura 05,Tabor Sezana,WA-1659921904594,1.0,1.892,9.50203525060871,AwayOdds,08/13/2022,T,WW,8.475815443542968
Brazil1,-2137565327.0,Goias,Avai FC SC,WA-1659931048933,0.5,2.05,76.17810061077411,HomeOdds,08/13/2022,T,LL,-76.17810061077411
Brazil1,-579660503.0,Corinthians Paulista (SP),Palmeiras,WA-1659931052978,-0.25,1.909,146.00369463346632,HomeOdds,08/13/2022,T,LL,-146.00369463346632
Croatia1,1502201920.0,HNK Gorica,NK Lokomotiva Zagreb,WA-1659936737801,0.0,1.943,156.0,HomeOdds,08/13/2022,T,WW,147.108
Croatia1,1376402249.0,Dinamo Zagreb,Hajduk Split,WA-1659936742225,0.5,1.9,156.2963985745752,HomeOdds,08/13/2022,T,WW,140.66675871711766
Croatia1,1502201920.0,HNK Gorica,NK Lokomotiva Zagreb,WA-1659936775405,0.0,1.917,26.182612075011725,HomeOdds,08/13/2022,T,WW,24.009455272785754
Germany1,-1823197139.0,Hertha Berlin,Eintracht Frankfurt,WA-1659937511441,-0.25,2.01,82.55418264933122,HomeOdds,08/13/2022,T,WP,41.68986223791226
Germany1,904853100.0,Werder Bremen,VfB Stuttgart,WA-1659937515696,0.25,2.11,90.54944365469476,HomeOdds,08/13/2022,T,PL,-45.27472182734738
Portugal1,1910976282.0,Sporting CP,Rio Ave,WA-1659994212313,1.75,1.878,128.00500450446373,AwayOdds,08/13/2022,T,LL,-128.00500450446373
Portugal1,-779647702.0,Casa Pia AC,Benfica,WA-1659994217124,-1.75,1.892,144.6730906378014,HomeOdds,08/13/2022,T,WW,129.04839684891886
Japan1,1322134004.0,Consadole Sapporo,Vissel Kobe,WA-1660050527195,0.0,2.07,76.51600613254449,AwayOdds,08/13/2022,T,WW,81.8721265618226
Germany1,946260927.0,Bayer Leverkusen,Augsburg,WA-1660052665990,1.5,2.03,71.40992477672697,AwayOdds,08/13/2022,T,WW,73.55222252002876
Japan1,1322134004.0,Consadole Sapporo,Vissel Kobe,WA-1660059466876,0.0,2.07,76.51600613254449,AwayOdds,08/13/2022,T,WW,81.8721265618226
Scotland1,963496218.0,Livingston,Hibernian,WA-1660076976955,0.0,2.1,68.63932963833146,HomeOdds,08/13/2022,T,WW,75.50326260216461
Scotland1,-613275498.0,Glasgow Rangers,Saint Johnstone,WA-1660076981541,2.0,1.874,96.0,AwayOdds,08/13/2022,T,LL,-96.0
Scotland1,-613275498.0,Glasgow Rangers,Saint Johnstone,WA-1660082324156,2.0,1.846,20.573733486108768,AwayOdds,08/13/2022,T,LL,-20.573733486108768
Japan1,-1708516535.0,Kawasaki Frontale,Kyoto Sanga,WA-1660152477115,1.25,2.04,75.69621403009619,HomeOdds,08/13/2022,T,,
Portugal1,-779647702.0,Casa Pia AC,Benfica,WA-1660155063530,-1.75,1.9,2.846731727808796,HomeOdds,08/13/2022,T,WW,2.562058555027916
Portugal1,1910976282.0,Sporting CP,Rio Ave,WA-1660168176538,1.75,1.894,2.5827926721335905,AwayOdds,08/13/2022,T,LL,-2.5827926721335905
Korea1,-1605173201.0,Ulsan Hyundai FC,Daegu FC,WA-1660242340649,1.0,1.958,83.38381697427576,AwayOdds,08/13/2022,T,LL,-83.38381697427576
Germany1,86745919.0,Bayern Munchen,VfL Wolfsburg,WA-1659729045757,2.25,1.934,78.91473470670032,AwayOdds,08/14/2022,T,PW,36.85318110802905
England1,-598247624.0,Nottingham Forest,West Ham United,WA-1659895192565,-0.5,2.04,88.65331073332598,HomeOdds,08/14/2022,T,WW,92.19944316265902
Norway1,-915153615.0,Tromso IL,Kristiansund BK,WA-1659908070477,1.0,1.819,225.1270738687772,AwayOdds,08/14/2022,T,PP,0.0
Japan1,1940401873.0,Kashima Antlers,Avispa Fukuoka,WA-1659923267067,0.5,1.862,143.94369767724316,HomeOdds,08/14/2022,T,WW,124.07946739778362
Japan1,1094990638.0,Gamba Osaka,Shimizu S-Pulse,WA-1659923270853,0.0,1.793,130.3677345578576,HomeOdds,08/14/2022,T,LL,-130.3677345578576
Netherlands1,-1126358422.0,Volendam,NEC Nijmegen,WA-1659934317501,0.0,1.99,95.29700664681744,HomeOdds,08/14/2022,T,LL,-95.29700664681744
Japan2,2101171824.0,Tochigi SC,Albirex Niigata,WA-1659970801982,-0.5,2.01,77.16628981261276,HomeOdds,08/14/2022,T,LL,-77.16628981261276
England1,1271829083.0,Chelsea,Tottenham Hotspur,WA-1659975673177,0.25,2.02,71.25455463105104,HomeOdds,08/14/2022,T,PL,-35.62727731552552
Scotland1,1467874852.0,Kilmarnock,Celtic FC,WA-1659981049896,-1.75,1.98,173.118669941717,HomeOdds,08/14/2022,T,LL,-173.118669941717
Norway1,2027000149.0,Viking,Stromsgodset,WA-1659983008329,1.0,2.07,129.5252798402131,AwayOdds,08/14/2022,T,,
Sweden2,495357219.0,Utsiktens BK,Norrby IF,WA-1659985685264,0.0,1.925,123.14496229405734,HomeOdds,08/14/2022,T,PP,0.0
Sweden2,-635312386.0,Skovde AIK,Ostersunds FK,WA-1659985689862,1.0,1.8,251.5744349727252,AwayOdds,08/14/2022,T,WW,201.25954797818017
Denmark1,1188271417.0,Viborg,Silkeborg,WA-1659986092099,-0.25,1.833,151.44589631488486,HomeOdds,08/14/2022,T,WW,126.15443163029909
Croatia1,1238193854.0,Rijeka,Slaven Koprivnica,WA-1659988196888,0.75,1.99,74.0,HomeOdds,08/14/2022,T,LL,-74.0
Croatia1,1238193854.0,Rijeka,Slaven Koprivnica,WA-1659988259809,0.75,1.961,76.0,HomeOdds,08/14/2022,T,LL,-76.0
Croatia1,1238193854.0,Rijeka,Slaven Koprivnica,WA-1659988321608,0.75,1.934,38.42474613141608,HomeOdds,08/14/2022,T,LL,-38.42474613141608
Scotland1,-948465625.0,Heart of Midlothian,Dundee United,WA-1659989992813,0.75,2.112,92.0,AwayOdds,08/14/2022,T,LL,-92.0
Scotland1,-948465625.0,Heart of Midlothian,Dundee United,WA-1659995076826,0.75,2.11,113.022769677556,AwayOdds,08/14/2022,T,LL,-113.022769677556
Spain1,1126089726.0,Cadiz,Real Sociedad,WA-1660050112258,-0.25,1.97,84.69177411767657,HomeOdds,08/14/2022,T,LL,-84.69177411767657
Japan1,-1777232253.0,Kashiwa Reysol,Hiroshima Sanfrecce,WA-1660050537987,-0.25,1.98,75.3745633441016,HomeOdds,08/14/2022,T,LL,-75.3745633441016
Korea1,-169642360.0,Jeju United,Pohang Steelers,WA-1660242345517,0.0,2.13,75.11730522732348,HomeOdds,08/14/2022,T,WW,84.88255490687553
Brazil1,-610656222.0,Ceara,Fortaleza,WA-1660255920058,0.0,1.795,149.61687834571077,HomeOdds,08/14/2022,T,LL,-149.61687834571077
Brazil1,-1209614902.0,Flamengo,Atletico Paranaense,WA-1660255926724,1.25,1.873,131.48262239887646,AwayOdds,08/14/2022,T,LL,-131.48262239887646
Brazil1,1910805042.0,Internacional RS,Fluminense RJ,WA-1660262172561,0.0,1.813,216.61183344260303,HomeOdds,08/14/2022,T,WW,176.10542058883624
Brazil1,1347146824.0,Coritiba PR,Atletico Mineiro,WA-1660288695840,-0.5,1.983,151.86899267148218,HomeOdds,08/14/2022,T,LL,-151.86899267148218
Brazil1,-1219166899.0,America MG,Santos,WA-1660338039178,0.25,1.934,83.79490715430369,AwayOdds,08/14/2022,T,LL,-83.79490715430369
Japan2,275582297.0,Tokushima Vortis,Oita Trinita,WA-1660399177096,0.25,2.13,65.42920025593577,HomeOdds,08/14/2022,T,PL,-32.714600127967884
Japan2,717244561.0,JEF United Ichihara Chiba,Machida Zelvia,WA-1660414365639,0.0,2.072,60.65787484332042,HomeOdds,08/14/2022,T,LL,-60.65787484332042
Spain1,-172108254.0,Getafe,Atletico Madrid,WA-1659479679939,-0.5,1.952,37.47777671856099,HomeOdds,08/15/2022,T,LL,-37.47777671856099
Spain1,-1114164945.0,Real Betis,Elche,WA-1659479685437,1.25,1.833,63.565555240852056,AwayOdds,08/15/2022,T,LL,-63.565555240852056
Spain1,-172108254.0,Getafe,Atletico Madrid,WA-1659539496486,-0.5,1.952,36.88998444939737,HomeOdds,08/15/2022,T,LL,-36.88998444939737
Spain1,-1114164945.0,Real Betis,Elche,WA-1659539550632,1.25,1.833,62.56860864403973,AwayOdds,08/15/2022,T,LL,-62.56860864403973
Spain1,-1114164945.0,Real Betis,Elche,WA-1659643047740,1.25,1.833,6.9509999466905406,AwayOdds,08/15/2022,T,LL,-6.9509999466905406
Spain1,-1114164945.0,Real Betis,Elche,WA-1659647037059,1.25,1.833,6.9509999466905406,AwayOdds,08/15/2022,T,LL,-6.9509999466905406
Spain1,-1114164945.0,Real Betis,Elche,WA-1659650784598,1.25,1.833,6.9509999466905406,AwayOdds,08/15/2022,T,LL,-6.9509999466905406
England1,1985805863.0,Liverpool,Crystal Palace,WA-1659817156017,2.0,1.84,118.27765397266752,AwayOdds,08/15/2022,T,WW,99.35322933704073
Spain1,-172108254.0,Getafe,Atletico Madrid,WA-1659830191813,-0.5,1.952,5.786283752322881,HomeOdds,08/15/2022,T,LL,-5.786283752322881
Korea1,583297647.0,Gimcheon Sangmu,FC Seoul,WA-1659936148120,0.0,2.066,112.87861254234927,AwayOdds,08/15/2022,T,WW,120.32860097014431
Portugal1,-1395004043.0,FC Arouca,Gil Vicente,WA-1660053162773,0.0,2.13,91.73187816546589,HomeOdds,08/15/2022,T,WW,103.65702232697645
Slovenia1,1489994952.0,NK Olimpija Ljubljana,ND Gorica,WA-1660230233076,1.25,1.925,85.10588356396187,AwayOdds,08/15/2022,T,LL,-85.10588356396187
Sweden2,-161166067.0,Brommapojkarna,AFC Eskilstuna,WA-1660231720581,1.0,2.0,205.68224456042608,AwayOdds,08/15/2022,T,PP,0.0
Sweden2,-1367202100.0,Osters IF,Orebro,WA-1660231726135,0.75,1.963,98.0,AwayOdds,08/16/2022,T,WW,94.37400000000001
Sweden2,-1367202100.0,Osters IF,Orebro,WA-1660236635991,0.75,1.934,55.9943125532656,AwayOdds,08/16/2022,T,WW,52.29868792475007
Japan2,1046057768.0,JEF United Ichihara Chiba,Ventforet Kofu,WA-1660244799150,0.0,2.07,91.46016743278976,AwayOdds,08/17/2022,T,PP,0.0
Korea1,1970392789.0,Gangwon FC,Suwon FC,WA-1660397908713,0.25,2.054,73.55068294411122,AwayOdds,08/15/2022,T,WW,77.5224198230932
Japan1,448056710.0,Nagoya Grampus,Jubilo Iwata,WA-1660392458064,0.75,2.01,109.9732961530374,AwayOdds,08/19/2022,T,LP,-54.9866480765187
Slovenia1,-1118107506.0,Radomlje,Tabor Sezana,WA-1660422493060,0.5,1.84,173.0,AwayOdds,08/19/2022,T,WW,145.32000000000002
Slovenia1,-1118107506.0,Radomlje,Tabor Sezana,WA-1660422523080,0.5,1.813,118.33176873420288,AwayOdds,08/19/2022,T,WW,96.20372798090693
Spain1,-1596407344.0,RCD Espanyol,Rayo Vallecano,WA-1660852950176,0.25,2.081,87.965362571501,HomeOdds,08/19/2022,T,LL,-87.965362571501
England1,-1149680755.0,Leicester City,Southampton,WA-1659895131753,0.5,1.826,120.45616910670032,HomeOdds,08/20/2022,T,LL,-120.45616910670032
England1,-1162883003.0,Crystal Palace,Aston Villa,WA-1659898304891,0.0,1.97,158.1181119764402,HomeOdds,08/20/2022,T,WW,153.374568617147
Germany1,-943075078.0,Augsburg,FSV Mainz 05,WA-1659937519637,-0.25,1.931,130.186680952815,HomeOdds,08/20/2022,T,LL,-130.186680952815
Germany1,-1701337065.0,Borussia Dortmund,Werder Bremen,WA-1659937524902,1.25,1.877,106.2287471114352,HomeOdds,08/20/2022,T,LL,-106.2287471114352
Germany1,1052098434.0,VfL Wolfsburg,Schalke 04,WA-1659937528961,0.5,1.917,112.21336129955628,HomeOdds,08/20/2022,T,LL,-112.21336129955628
England1,27484977.0,Bournemouth AFC,Arsenal,WA-1660439007535,-1.25,1.89,82.32995238791446,HomeOdds,08/20/2022,T,LL,-82.32995238791446
Korea1,819304657.0,Pohang Steelers,Incheon United,WA-1660508319436,0.75,1.961,86.90578857862667,AwayOdds,08/20/2022,T,WW,83.51646282406024
Japan2,131221961.0,FC Ryukyu,Montedio Yamagata,WA-1660509641375,-0.75,1.833,136.98158047208238,HomeOdds,08/20/2022,T,WW,114.10565653324463
Japan2,1712819722.0,Albirex Niigata,Roasso Kumamoto,WA-1660509716879,0.5,1.909,66.37260405925043,HomeOdds,08/20/2022,T,WW,60.33269708985865
Japan2,817045433.0,Oita Trinita,Grulla Morioka,WA-1660509721240,0.75,1.9,107.77279386042012,AwayOdds,08/20/2022,T,LL,-107.77279386042012
Japan2,-903174732.0,Omiya Ardija,Machida Zelvia,WA-1660509725463,-0.5,1.84,141.82774448806046,HomeOdds,08/20/2022,T,LL,-141.82774448806046
Japan2,-89533075.0,Renofa Yamaguchi,Mito Hollyhock,WA-1660509730501,-0.5,1.884,69.83367932430785,HomeOdds,08/20/2022,T,WW,61.73297252268814
Japan2,-1924666345.0,Thespa Kusatsu,Vegalta Sendai,WA-1660509735618,-0.5,1.833,80.1635513256911,AwayOdds,08/20/2022,T,LL,-80.1635513256911
Japan2,-607270352.0,Blaublitz Akita,Tochigi SC,WA-1660509740258,0.0,2.08,149.7098495192541,HomeOdds,08/20/2022,T,LL,-149.7098495192541
England1,1648173627.0,Fulham,Brentford,WA-1660510505466,0.0,2.156,62.705199083328026,AwayOdds,08/20/2022,T,LL,-62.705199083328026
Slovenia1,-2122003093.0,FC Koper,NK Olimpija Ljubljana,WA-1660511543200,0.25,1.833,110.59551983682074,AwayOdds,08/20/2022,T,WW,92.12606802407167
Scotland1,502247941.0,Dundee United,Saint Mirren,WA-1660511796475,0.25,1.995,89.73525603903707,HomeOdds,08/20/2022,T,LL,-89.73525603903707
Netherlands1,1772374539.0,Fortuna Sittard,SC Cambuur,WA-1660512177446,0.25,1.936,72.0,HomeOdds,08/20/2022,T,LL,-72.0
Sweden2,1620263548.0,Ostersunds FK,Brommapojkarna,WA-1660513201417,-0.75,1.847,228.63845982555705,HomeOdds,08/20/2022,T,PL,-114.31922991277852
Sweden2,1457571359.0,Landskrona BoIS,Jonkopings Sodra IF,WA-1660513297743,0.25,2.05,68.4494252620069,AwayOdds,08/20/2022,T,PW,35.935948262553616
Japan1,-689196799.0,Hiroshima Sanfrecce,Gamba Osaka,WA-1660513869299,1.25,1.87,202.0,AwayOdds,08/20/2022,T,LL,-202.0
Japan1,141824592.0,Avispa Fukuoka,Kawasaki Frontale,WA-1660513873325,-0.5,1.934,148.45089083111702,AwayOdds,08/20/2022,T,WW,138.6531320362633
Japan1,-689196799.0,Hiroshima Sanfrecce,Gamba Osaka,WA-1660515638048,1.25,1.854,35.89157163002529,AwayOdds,08/20/2022,T,LL,-35.89157163002529
Norway1,315749283.0,Odd Grenland,Sarpsborg 08,WA-1660516572784,-0.25,1.847,202.5248680189052,HomeOdds,08/20/2022,T,WW,171.53856321201272
England1,-1629599439.0,Everton,Nottingham Forest,WA-1660516920290,0.5,1.971,75.46535947159454,HomeOdds,08/20/2022,T,LL,-75.46535947159454
Portugal1,-403874685.0,FC Porto,Sporting CP,WA-1660522837669,0.25,1.862,118.48522223260244,HomeOdds,08/20/2022,T,WW,102.13426156450332
Sweden2,1620263548.0,Ostersunds FK,Brommapojkarna,WA-1660524784874,-0.75,1.847,2.468089384247861,HomeOdds,08/20/2022,T,PL,-1.2340446921239305
Brazil1,-1440035702.0,Fluminense RJ,Coritiba PR,WA-1660529847077,1.0,1.98,122.80435563919376,AwayOdds,08/20/2022,T,LL,-122.80435563919376
Norway1,315749283.0,Odd Grenland,Sarpsborg 08,WA-1660545634398,-0.25,1.841,2.17100987028736,HomeOdds,08/20/2022,T,WW,1.8258193009116699
Scotland1,1916823.0,Ross County,Kilmarnock,WA-1660546479213,0.25,1.952,80.51435018276366,AwayOdds,08/20/2022,T,LL,-80.51435018276366
Japan2,533338524.0,JEF United Ichihara Chiba,Tokushima Vortis,WA-1660555480736,0.0,2.12,76.91723076668113,AwayOdds,08/20/2022,T,PP,0.0
Brazil1,-1440035702.0,Fluminense RJ,Coritiba PR,WA-1660565219523,1.0,1.999,2.8848981956249404,AwayOdds,08/20/2022,T,LL,-2.8848981956249404
Japan1,-689196799.0,Hiroshima Sanfrecce,Gamba Osaka,WA-1660565812209,1.25,1.9,8.243045045075547,AwayOdds,08/20/2022,T,LL,-8.243045045075547
Norway1,315749283.0,Odd Grenland,Sarpsborg 08,WA-1660566960786,-0.25,1.836,4.575928782542049,HomeOdds,08/20/2022,T,WW,3.8254764622051534
Scotland1,502247941.0,Dundee United,Saint Mirren,WA-1660567714527,0.25,1.977,2.881505882727339,HomeOdds,08/20/2022,T,LL,-2.881505882727339
Croatia1,4877853.0,NK Varteks Varazdin,HNK Sibenik,WA-1660845046353,0.5,1.943,112.1886275520148,AwayOdds,08/20/2022,T,WW,105.79387578154996
England1,-1629599439.0,Everton,Nottingham Forest,WA-1660848691843,0.5,1.99,3.02032363392049,HomeOdds,08/20/2022,T,LL,-3.02032363392049
Brazil1,2130726303.0,Atletico Mineiro,Goias,WA-1660851420812,1.5,2.036,95.3928171771693,AwayOdds,08/20/2022,T,WW,98.82695859554741
Spain1,909860945.0,Osasuna,Cadiz,WA-1660852685631,0.5,2.005,102.25799055238042,AwayOdds,08/20/2022,T,LL,-102.25799055238042
Japan1,1542360752.0,Consadole Sapporo,Sagan Tosu,WA-1660854607357,0.25,1.888,88.92035231017334,AwayOdds,08/20/2022,T,WW,78.96127285143392
Japan1,141824592.0,Avispa Fukuoka,Kawasaki Frontale,WA-1660854613617,-0.5,1.867,5.1706782602056105,AwayOdds,08/20/2022,T,WW,4.4829780515982645
Japan1,1542360752.0,Consadole Sapporo,Sagan Tosu,WA-1660957732561,0.25,2.027,2.2649385435045746,AwayOdds,08/20/2022,T,WW,2.326091884179198
Japan1,-132578907.0,Shimizu S-Pulse,Kashiwa Reysol,WA-1660957738863,0.0,2.143,73.29506040327583,AwayOdds,08/20/2022,T,PP,0.0
Japan1,141824592.0,Avispa Fukuoka,Kawasaki Frontale,WA-1660957745810,-0.5,1.871,2.2704548695056483,AwayOdds,08/20/2022,T,WW,1.9775661913394198
Japan1,-689196799.0,Hiroshima Sanfrecce,Gamba Osaka,WA-1660957752882,1.25,1.911,3.9872252197000178,AwayOdds,08/20/2022,T,LL,-3.9872252197000178
Germany1,388156756.0,VfB Stuttgart,SC Freiburg,WA-1660960114978,0.0,2.025,65.56792205296915,HomeOdds,08/20/2022,T,LL,-65.56792205296915
Netherlands1,1772374539.0,Fortuna Sittard,SC Cambuur,WA-1660961392402,0.25,1.962,5.345151242188633,HomeOdds,08/20/2022,T,LL,-5.345151242188633
England1,-122222697.0,West Ham United,Brighton Hove Albion,WA-1659895135564,0.25,2.08,123.91215521382168,HomeOdds,08/21/2022,T,LL,-123.91215521382168
England1,421836127.0,Leeds United,Chelsea,WA-1659895196540,-1.0,1.862,114.929408081318,HomeOdds,08/21/2022,T,WW,99.06914976609613
Germany1,1795816051.0,Eintracht Frankfurt,FC Koln,WA-1659937533090,0.25,1.909,149.77011195295216,HomeOdds,08/21/2022,T,PL,-74.88505597647608
Germany1,634160048.0,VfL Bochum,Bayern Munchen,WA-1659937537108,-2.0,1.925,84.58679940385406,HomeOdds,08/21/2022,T,LL,-84.58679940385406
Denmark1,20213164.0,Nordsjaelland,Silkeborg,WA-1660515273962,0.0,1.906,118.0,HomeOdds,08/21/2022,T,LL,-118.0
Denmark1,20213164.0,Nordsjaelland,Silkeborg,WA-1660519915175,0.0,1.869,89.7209753261805,HomeOdds,08/21/2022,T,LL,-89.7209753261805
Japan1,275481744.0,Shonan Bellmare,Kashima Antlers,WA-1660536754888,0.0,1.781,210.43971511016144,AwayOdds,08/21/2022,T,PP,0.0
Norway1,-1129874490.0,Lillestrom,Sandefjord,WA-1660545371407,1.5,1.942,118.0,AwayOdds,08/21/2022,T,LL,-118.0
Norway1,-2059075116.0,Kristiansund BK,Viking,WA-1660545380969,-0.5,2.02,187.0899544904672,HomeOdds,08/21/2022,T,,
Norway1,-1778772586.0,Haugesund,Molde,WA-1660545449816,-0.75,1.908,7.211430096959419,HomeOdds,08/21/2022,T,PL,-3.6057150484797096
Norway1,39235421.0,Rosenborg,Aalesund FK,WA-1660545458150,1.25,1.872,20.841826984799862,HomeOdds,08/21/2022,T,PL,-10.420913492399931
Netherlands1,-2059527148.0,AZ Alkmaar,NEC Nijmegen,WA-1660546787886,1.0,1.847,126.44601936742905,HomeOdds,08/21/2022,T,,
Netherlands1,-640678213.0,RKC Waalwijk,Feyenoord,WA-1660546792699,-1.25,1.964,111.94622791999215,HomeOdds,08/21/2022,T,WP,53.95808185743622
Norway1,-1778772586.0,Haugesund,Molde,WA-1660549126802,-0.75,1.908,102.9938541660366,HomeOdds,08/21/2022,T,PL,-51.4969270830183
Norway1,-1129874490.0,Lillestrom,Sandefjord,WA-1660549131309,1.5,1.934,20.210996805108945,AwayOdds,08/21/2022,T,LL,-20.210996805108945
Norway1,39235421.0,Rosenborg,Aalesund FK,WA-1660549135267,1.25,1.885,80.02291996034882,HomeOdds,08/21/2022,T,PL,-40.01145998017441
Netherlands1,715273194.0,Groningen,Go Ahead Eagles,WA-1660557129263,0.5,1.881,73.25582475204166,HomeOdds,08/21/2022,T,WW,64.53838160654871
Norway1,-1778772586.0,Haugesund,Molde,WA-1660566726266,-0.75,1.866,2.261565935384181,HomeOdds,08/21/2022,T,PL,-1.1307829676920904
Korea1,2059845773.0,FC Seoul,Seongnam FC,WA-1660568773199,0.75,1.95,103.69305905106484,AwayOdds,08/21/2022,T,LL,-103.69305905106484
Denmark1,20213164.0,Nordsjaelland,Silkeborg,WA-1660846383045,0.0,1.886,9.11240567340852,HomeOdds,08/21/2022,T,LL,-9.11240567340852
Slovenia1,1498485042.0,Maribor,NK Publikum Celje,WA-1660849371775,0.25,2.05,147.0,HomeOdds,08/21/2022,T,PL,-73.5
Brazil1,-1178672097.0,Juventude,Botafogo RJ,WA-1660851428336,0.25,2.052,68.41205576496803,HomeOdds,08/21/2022,T,PL,-34.206027882484015
Brazil1,1061401654.0,Santos,Sao Paulo,WA-1660851434577,0.0,1.751,102.4556906336626,HomeOdds,08/21/2022,T,WW,76.9442236658806
Spain1,1464467423.0,Athletic Bilbao,Valencia,WA-1660852958401,0.75,2.04,157.10447638298524,AwayOdds,08/21/2022,T,LP,-78.55223819149262
Norway1,-2059075116.0,Kristiansund BK,Viking,WA-1660855653589,-0.5,2.035,5.214446619673744,HomeOdds,08/21/2022,T,,
Slovenia1,1498485042.0,Maribor,NK Publikum Celje,WA-1660960750681,0.25,2.06,6.665607682718706,HomeOdds,08/21/2022,T,PL,-3.332803841359353
Scotland1,1758991538.0,Celtic FC,Heart of Midlothian,WA-1660961191044,2.0,1.875,98.26553210869392,AwayOdds,08/21/2022,T,PP,0.0
Netherlands1,715273194.0,Groningen,Go Ahead Eagles,WA-1660961397515,0.5,1.891,2.9768904271914263,HomeOdds,08/21/2022,T,WW,2.6524093706275607
Netherlands1,-2059527148.0,AZ Alkmaar,NEC Nijmegen,WA-1660961403331,1.0,1.871,5.20967623280766,HomeOdds,08/21/2022,T,,
Croatia1,-1052835197.0,Istra 1961 Pula,Rijeka,WA-1660961828157,-0.5,2.05,60.01493001991207,AwayOdds,08/21/2022,T,LL,-60.01493001991207
Sweden2,-124722735.0,AFC Eskilstuna,Utsiktens BK,WA-1660963009879,0.0,1.9,207.36728749680623,HomeOdds,08/21/2022,T,WW,186.63055874712558
Sweden2,-1581226974.0,Trelleborgs FF,Dalkurd FF,WA-1660963014998,0.75,2.091,155.91102378417952,AwayOdds,08/21/2022,T,LL,-155.91102378417952
Japan2,-1776074887.0,Tokyo Verdy,Ventforet Kofu,WA-1660964988407,0.0,1.999,69.28304715108308,AwayOdds,08/21/2022,T,PP,0.0
Sweden2,1631677952.0,Halmstads,Vasteras SK FK,WA-1661014628804,1.0,1.806,61.50689108168709,HomeOdds,08/21/2022,T,LL,-61.50689108168709
Sweden2,-1351991928.0,IK Brage,Osters IF,WA-1661017565221,0.0,2.12,74.6547004737406,HomeOdds,08/21/2022,T,LL,-74.6547004737406
Portugal1,2032000416.0,Sporting Braga,Maritimo,WA-1661038298892,1.25,2.062,55.66700700966632,AwayOdds,08/21/2022,T,LL,-55.66700700966632
Korea1,-1651799773.0,Gimcheon Sangmu,Ulsan Hyundai FC,WA-1661039966194,-0.75,2.116,52.629774838268695,HomeOdds,08/21/2022,T,PL,-26.314887419134347
Spain1,320357377.0,Elche,Almeria,WA-1659479691401,0.0,1.769,58.29978017777408,HomeOdds,08/22/2022,T,PP,0.0
Spain1,320357377.0,Elche,Almeria,WA-1659539500764,0.0,1.769,57.3854207070999,HomeOdds,08/22/2022,T,PP,0.0
Spain1,320357377.0,Elche,Almeria,WA-1659647041729,0.0,1.769,6.375178622640683,HomeOdds,08/22/2022,T,PP,0.0
England1,-902649578.0,Manchester United,Liverpool,WA-1659895200637,-0.75,1.813,168.9315497356788,HomeOdds,08/22/2022,T,WW,137.34134993510685
Denmark1,-1439972458.0,Odense BK,AC Horsens,WA-1660515278035,0.25,1.952,78.68836644129398,HomeOdds,08/22/2022,T,WW,74.91132485211186
Denmark1,-1439972458.0,Odense BK,AC Horsens,WA-1660846389441,0.25,1.996,4.097401133502579,HomeOdds,08/22/2022,T,WW,4.081011528968569
Spain1,-338611300.0,Girona,Getafe,WA-1660852691242,0.0,1.925,86.33033296030806,HomeOdds,08/22/2022,T,WW,79.85555798828496
Sweden2,1049991545.0,Orgryte,Norrby IF,WA-1661014905277,0.0,2.046,43.68886746400873,HomeOdds,08/23/2022,T,WW,45.69855536735312
Sweden2,1049991545.0,Orgryte,Norrby IF,WA-1661017488999,0.0,1.998,94.64972649660513,HomeOdds,08/23/2022,T,WW,94.46042704361192
Sweden2,1049991545.0,Orgryte,Norrby IF,WA-1661020338893,0.0,1.998,3.3808920991412195,HomeOdds,08/23/2022,T,WW,3.374130314942937
Sweden2,1049991545.0,Orgryte,Norrby IF,WA-1661031654660,0.0,1.998,2.497469693978824,HomeOdds,08/23/2022,T,WW,2.4924747545908663
