"","X","Book.Prob","Edge","Result","P","True Prediction"
"1",0,0.448430493273543,0.0915681715065064,0,0.539998664780049,0.440951111802896
"2",1,0.40650406504065,0.0291968233733132,0,0.435700888413964,0.358933532415474
"3",2,0.847457627118644,0.018811039704258,1,0.866268666822902,0.694547105023253
"4",3,0.444444444444444,0.0812947957682508,1,0.525739240212695,0.428501344820427
"5",4,0.4149377593361,0.115861048750219,1,0.530798808086318,0.432582008664881
"6",5,0.409836065573771,0.0233533617914079,0,0.433189427365178,0.357043213075135
"7",6,0.515463917525773,0.0600898819599923,1,0.575553799485766,0.468922740980568
"8",7,0.490196078431373,0.0271963064961774,1,0.51739238492755,0.421785897303798
"9",8,0.389105058365759,0.0889463866623265,0,0.478051445028085,0.391469866603605
"10",9,0.436681222707424,0.0989617270649747,1,0.535642949772398,0.436495436110946
"11",10,0.308641975308642,0.0458246262793258,0,0.354466601587968,0.300346878312625
"12",11,0.392156862745098,0.176280889605535,0,0.568437752350633,0.46422351572413
"13",12,0.50761421319797,0.0618506820046759,1,0.569464895202645,0.463959475086277
"14",13,0.343642611683849,0.092914816090829,1,0.436557427774678,0.358233226254118
"15",14,0.284090909090909,0.109884010686542,0,0.393974919777451,0.328156888754146
"16",15,0.392156862745098,0.0632635871909662,1,0.455420449936064,0.37277366816054
"17",16,0.363636363636364,0.0742704298730884,0,0.437906793509452,0.360597676634816
"18",17,0.377358490566038,0.157512134588384,1,0.534870625154422,0.43587109145508
"19",18,0.961538461538461,0.000117194001445386,1,0.961655655539907,0.756204526005747
"20",19,0.460829493087558,0.0336013227377756,0,0.494430815825333,0.404358623939722
"21",20,0.531914893617021,0.0382461679329413,1,0.570161061549963,0.464526735497009
"22",21,0.318471337579618,0.157284554381448,0,0.475755891961065,0.389676234183555
"23",22,0.520833333333333,0.0253878644803479,0,0.546221197813681,0.446019055890369
"24",23,0.318471337579618,0.0374253936255936,0,0.355896731205211,0.301329491823141
"25",24,0.531914893617021,0.00695281028215011,0,0.538867703899171,0.440031607469366
"26",25,0.571428571428571,0.0882922324690593,0,0.659720803897631,0.539997619954623
"27",26,0.740740740740741,0.0411023499356844,1,0.781843090676425,0.633485341540963
"28",27,0.526315789473684,0.00753763484357695,0,0.533853424317261,0.435961044663234
"29",28,0.436681222707424,0.0060156599480623,0,0.442696882655486,0.364223466543763
"30",29,0.952380952380952,0.00026156733283389,1,0.952642519713786,0.750746859823118
"31",30,0.318471337579618,0.103040951692965,0,0.421512289272583,0.348315947412563
"32",31,0.460829493087558,0.183993813332347,0,0.644823306419904,0.527601609222077
"33",32,0.826446280991736,0.00908987779347881,1,0.835536158785214,0.672956800942094
"34",33,0.332225913621262,0.206409306833294,0,0.538635220454556,0.439842654382101
"35",34,0.333333333333333,0.0973356017904012,0,0.430668935123735,0.355150780294412
"36",35,0.442477876106195,0.0459839629777921,0,0.488461839083987,0.399643692990243
"37",36,0.495049504950495,0.0779273917474739,0,0.572976896697969,0.467961516330126
"38",37,0.961538461538461,0.00456366595654556,0,0.966102127495007,0.771307120283066
"39",38,0.277777777777778,0.0327000755806392,0,0.310477853358417,0.271051300148921
"40",39,0.537634408602151,0.0322347420600309,1,0.569869150662181,0.464288869442062
"41",40,0.285714285714286,0.157293537473386,0,0.443007823187671,0.364459397243845
"42",41,0.689655172413793,0.0447435866255868,0,0.73439875903938,0.601523210925515
"43",42,0.384615384615385,0.0446535958280977,0,0.429268980443482,0.354101710587795
"44",43,0.442477876106195,0.00182118919569396,1,0.444299065301889,0.364175864572975
"45",44,0.45662100456621,0.0294624757874744,1,0.486083480353684,0.396814401199578
"46",45,0.495049504950495,0.057896543821556,0,0.552946048772051,0.451512162942574
"47",46,0.355871886120996,0.0932686872188984,0,0.449140573339895,0.369126675727706
"48",47,0.465116279069767,0.216358517742317,1,0.681474796812084,0.555046507818408
"49",48,0.54054054054054,0.00699042864920496,1,0.547530969189745,0.446123580598146
"50",49,0.418410041841004,0.00221439555325487,0,0.420624437394259,0.347656620886592
"51",50,0.289855072463768,0.0150143710789412,0,0.304869443542709,0.267448655142632
"52",51,0.689655172413793,0.0373236202098526,0,0.726978792623646,0.595484701332827
"53",52,0.359712230215827,0.160622734103795,0,0.520334964319622,0.425040235457925
"54",53,0.480769230769231,0.0806402231047133,0,0.561409453873944,0.458447318785491
"55",54,0.952380952380952,0.00635293365299883,1,0.958733886033951,0.75444403807822
"56",55,0.505050505050505,0.0193175161645703,0,0.524368021215075,0.428289824134252
"57",56,0.389105058365759,0.0196376571064076,0,0.408742715472166,0.338892312292096
"58",57,0.442477876106195,0.0170753392762365,1,0.459553215382431,0.375986124256953
"59",58,0.531914893617021,0.057634038568349,1,0.58954893218537,0.480342572930634
"60",59,0.574712643678161,0.00980917452845598,1,0.584521818206617,0.476239053070703
"61",60,0.420168067226891,0.0206661865317634,0,0.440834253758654,0.3628116156367
"62",61,0.495049504950495,0.0438770495543492,0,0.538926554504844,0.44007944225427
"63",62,0.561797752808989,0.137140000527764,0,0.698937753336753,0.572488366459795
"64",63,0.355871886120996,0.056470802983369,1,0.412342689104366,0.339887698849364
"65",64,0.520833333333333,0.0253245338464397,1,0.546157867179773,0.445009888733435
"66",65,0.72992700729927,0.00547349870381575,1,0.735400506003086,0.597814223586536
"67",66,0.333333333333333,0.0822160567451608,0,0.415549390078494,0.343899562892151
"68",67,0.444444444444444,0.00561511809474852,0,0.450059562539193,0.369828332533558
"69",68,0.552486187845304,0.0343116998456666,0,0.586797887690971,0.479375159826425
"70",69,0.4149377593361,0.043012006042889,1,0.457949765378989,0.374738647746779
"71",70,0.518134715025907,0.0226837348139982,1,0.540818449839905,0.440683090109071
"72",71,0.826446280991736,0.00263304059169234,1,0.829079321583428,0.668323509461293
"73",72,0.552486187845304,0.0639336840169772,1,0.616419871862281,0.502281353904337
"74",73,0.347222222222222,0.0956329030802009,0,0.442855125302423,0.364343526869741
"75",74,0.552486187845304,0.0762456612890712,0,0.628731849134375,0.514203906070297
"76",75,0.5,0.0731544115091474,0,0.573154411509147,0.468107813637379
"77",76,0.277777777777778,0.0976572743128554,0,0.375435052090633,0.314937215291179
"78",77,0.746268656716418,0.0504669736454666,1,0.796735630361884,0.644640041487153
"79",78,0.25974025974026,0.0207538389092943,1,0.280494098649554,0.247990827048699
"80",79,0.285714285714286,0.0751707268586936,0,0.360885012572979,0.304771302798694
"81",80,0.526315789473684,0.0142583150512471,1,0.540574104524931,0.440485238738132
"82",81,0.515463917525773,0.0277883189058404,1,0.543252236431614,0.442654524326744
"83",82,0.389105058365759,0.0750350763844992,0,0.464140134750258,0.380650757969634
"84",83,0.495049504950495,0.00279369242119387,1,0.497843197371689,0.406149397475736
"85",84,0.328947368421053,0.114660978514856,1,0.443608346935908,0.363644211943012
"86",85,0.395256916996047,0.0288232714601856,0,0.424080188456233,0.350226296000309
"87",86,0.537634408602151,0.0167689906049209,0,0.554403399207071,0.452704669195294
"88",87,0.62111801242236,0.0431804259985841,1,0.664298438420944,0.541202931341324
"89",88,0.558659217877095,0.0286024857719678,0,0.587261703649063,0.479758940003878
"90",89,0.480769230769231,0.0302929645130322,0,0.511062195282263,0.417597892456945
"91",90,0.371747211895911,0.104314343268568,0,0.476061555164479,0.389914878051957
"92",91,0.568181818181818,0.0954948260949554,1,0.663676644276774,0.540700268151198
"93",92,0.483091787439614,0.00581782759465882,1,0.488909615034272,0.399052503469374
"94",93,0.512820512820513,0.0191137319424721,0,0.531934244762985,0.434405807170835
"95",94,0.4739336492891,0.033868233857178,0,0.507801883146277,0.414991191445729
"96",95,0.357142857142857,0.133978085855597,1,0.491120942998454,0.400806112315859
"97",96,0.298507462686567,0.0123573734716925,0,0.31086483615826,0.271301009396736
"98",97,0.27027027027027,0.000582142435014199,0,0.270852412705284,0.246259587249485
"99",98,0.558659217877095,0.0500636792775978,1,0.608722897154693,0.495998726218717
"100",99,0.3125,0.172500220219874,0,0.485000220219874,0.396918675183553
"101",100,0.45662100456621,0.0179672238921227,0,0.474588228458333,0.388765121317857
"102",101,0.537634408602151,0.0478393292663294,1,0.58547373786848,0.477015983058032
"103",102,0.552486187845304,0.00574245667099282,1,0.558228644516297,0.454812738940318
"104",103,0.175438596491228,0.0213880757208083,0,0.196826672212036,0.20417328951903
"105",104,0.555555555555556,0.0303714881977265,1,0.585927043753282,0.477385976585594
"106",105,0.606060606060606,0.0096336736961381,1,0.615694279756744,0.501689233221923
"107",106,0.520833333333333,0.104891182435907,0,0.62572451576924,0.511700450290705
"108",107,0.303951367781155,0.126525856793183,0,0.430477224574338,0.355007033648339
"109",108,0.606060606060606,0.0140409747832514,0,0.620101580843857,0.507020858211907
"110",109,0.574712643678161,0.0953407252720355,1,0.670053368950196,0.54585049286721
"111",110,0.425531914893617,0.0058593398664481,0,0.431391254760065,0.35569262924798
"112",111,0.581395348837209,0.0500857389635347,1,0.631481087800744,0.514561879075316
"113",112,0.757575757575758,0.0174200853567276,1,0.774995842932485,0.628307490165811
"114",113,0.355871886120996,0.119561010794845,0,0.475432896915842,0.389424121119836
"115",114,0.175438596491228,0.029114309110213,0,0.204552905601441,0.208305398983223
"116",115,0.543478260869565,0.0652496428461807,1,0.608727903715746,0.496002813704056
"117",116,0.54054054054054,0.0308981299401595,0,0.5714386704807,0.466694152157933
"118",117,0.561797752808989,0.0384380340166433,1,0.600235786825632,0.489068721765822
"119",118,0.294117647058824,0.00808609047848785,0,0.302203737537311,0.265747029024603
"120",119,0.282485875706215,0.139269561907463,1,0.421755437613678,0.346973713353534
"121",120,0.158730158730159,0.00444496356745147,0,0.16317512229761,0.186883150529594
"122",121,0.355871886120996,0.164994087120974,1,0.52086597324197,0.424577964321993
"123",122,0.294117647058824,0.0399194592011901,0,0.334037106260014,0.286515118695601
"124",123,0.401606425702811,0.0346933894274384,0,0.43629981513025,0.359385014244135
"125",124,0.452488687782805,0.0132314322456279,1,0.465720120028433,0.380796573790855
"126",125,0.280112044817927,0.0387202822686871,0,0.318832327086614,0.276474318806594
"127",126,0.520833333333333,0.0080929521773847,0,0.528926285510718,0.431971403983525
"128",127,0.561797752808989,0.0400436973898982,1,0.601841450198887,0.490379887651418
"129",128,0.378787878787879,0.170973057837811,1,0.54976093662569,0.447933079870954
"130",129,0.3125,0.142463451161661,1,0.454963451161661,0.372419005233153
"131",130,0.561797752808989,0.042404206814853,0,0.604201959623842,0.493803189073151
"132",131,0.471698113207547,0.0132008329889625,0,0.48489894619651,0.396839056418829
"133",132,0.746268656716418,0.015783605989631,1,0.762052262706049,0.618439312323413
"134",133,0.847457627118644,0.00552391212897407,1,0.852981539247618,0.685308417889432
"135",134,0.444444444444444,0.012065052606011,1,0.456509497050455,0.373619304000873
"136",135,0.826446280991736,0.000866855717543857,1,0.827313136709279,0.667050462730214
"137",136,0.357142857142857,0.0952083878520217,0,0.452351244994879,0.37158059576002
"138",137,0.50251256281407,0.053198895898655,0,0.555711458712725,0.453775626635844
"139",138,0.448430493273543,0.00244785828215699,1,0.4508783515557,0.369253803543648
"140",139,0.353356890459364,0.0564326902447499,0,0.409789580704114,0.33966003455416
"141",140,0.581395348837209,0.0413576061651953,1,0.622752955002405,0.507447815207395
"142",141,0.444444444444444,0.0137672625741785,1,0.458211707018623,0.374942342999629
"143",142,0.3584229390681,0.1769288750264,0,0.5353518140945,0.437176354596136
"144",143,0.546448087431694,0.0183306023386078,0,0.564778689770302,0.46121449007661
"145",144,0.263157894736842,0.00524236143589152,0,0.268400256172734,0.244776607368376
"146",145,0.552486187845304,0.0273082877004703,0,0.579794475545774,0.473585946225331
"147",146,0.409836065573771,0.00980996629832037,1,0.419646031872091,0.345380592898218
"148",147,0.518134715025907,0.000827924333441143,0,0.518962639359348,0.423936214177647
"149",148,0.45662100456621,0.012717292082752,1,0.469338296648962,0.383628003700469
"150",149,0.4739336492891,0.024260082502751,1,0.498193731791851,0.406428525321014
"151",150,0.512820512820513,0.0579186449845998,0,0.570739157805113,0.466118025900572
"152",151,0.277777777777778,0.057103952631829,0,0.334881730409607,0.287079290732521
"153",152,0.421940928270042,0.0388071762621928,1,0.460748104532235,0.37691663295481
"154",153,0.558659217877095,0.0273454065382486,1,0.586004624415344,0.47744929994925
"155",154,0.512820512820513,0.10072798509289,1,0.613548497913403,0.4999379725922
"156",155,0.495049504950495,0.0101768045345012,0,0.505226309484996,0.412935778775111
"157",156,0.277777777777778,0.0148693491389325,0,0.29264712691671,0.259703831011652
"158",157,0.277777777777778,0.0767391775967747,0,0.354516955374553,0.300381443887183
"159",158,0.694444444444444,0.0214178790490532,0,0.715862323493498,0.586399025418553
"160",159,0.487804878048781,0.0448035265212954,0,0.532608404570076,0.434951947066834
"161",160,0.442477876106195,0.0256012584101022,0,0.468079134516297,0.383701765334179
"162",161,0.452488687782805,0.0374800293989628,0,0.489968717181768,0.400832080534311
"163",162,0.50761421319797,0.0324898510375927,0,0.540104064235562,0.441036830331709
"164",163,0.505050505050505,0.00589156938705104,0,0.510942074437556,0.417501758155973
"165",164,0.340136054421769,0.000720085511177027,0,0.340856139932946,0.291088985060048
"166",165,0.50251256281407,0.0275401264098876,0,0.530052689223958,0.43288257106638
"167",166,0.298507462686567,0.116616287445565,0,0.415123750132132,0.343585374192567
"168",167,0.333333333333333,0.0876879959443296,1,0.421021329277663,0.346418948628938
"169",168,0.277777777777778,0.0128995457094223,0,0.2906773234872,0.258469372801268
"170",169,0.4149377593361,0.0241259457164878,1,0.439063705052587,0.360153175039894
"171",170,0.512820512820513,0.00333482956394004,0,0.516155342384453,0.421680540811871
"172",171,0.5,0.0304028469375548,0,0.530402846937555,0.433165930963484
"173",172,0.578034682080925,0.0115944641270903,0,0.589629146208015,0.481718543283099
"174",173,0.526315789473684,0.0238333156645371,1,0.550149105138221,0.448248159340914
"175",174,0.476190476190476,0.0622701037850701,1,0.538460579975546,0.43877446210285
"176",175,0.529100529100529,0.0873563315913076,0,0.616456860691837,0.503988744682199
"177",176,0.396825396825397,0.0655163576502707,0,0.462341754475667,0.379261145582841
"178",177,0.833333333333333,0.0133430365988004,1,0.846676369932134,0.680872811285388
"179",178,0.444444444444444,0.00708652788919817,1,0.451530972333643,0.369758841658702
"180",179,0.4739336492891,0.0158915050639339,0,0.489825154353033,0.400718804904143
"181",180,0.537634408602151,0.0344991570154252,0,0.572133565617576,0.467266606606987
"182",181,0.694444444444444,0.0161602140626108,1,0.710604658507055,0.578299962769904
"183",182,0.492610837438424,0.0264687056451902,1,0.519079543083614,0.423141557344617
"184",183,0.350877192982456,0.0956271708502618,0,0.446504363832718,0.367117169533282
"185",184,0.393700787401575,0.00150420953525066,0,0.395204996936825,0.329044255486981
"186",185,0.591715976331361,0.0179101011716559,0,0.609626077503017,0.498309313531882
"187",186,0.277777777777778,0.0150098841705693,0,0.292787661948347,0.259792049287138
"188",187,0.378787878787879,0.113663605356654,0,0.492451484144533,0.402792911758848
"189",188,0.50251256281407,0.199580150312423,0,0.702092713126493,0.575087873990466
"190",189,0.40650406504065,0.0527891099468557,1,0.459293174987506,0.375783720724221
"191",190,0.543478260869565,0.0588895791384747,1,0.60236784000804,0.490809727084407
"192",191,0.552486187845304,0.0154936268145824,1,0.567979814659886,0.462749575492858
"193",192,0.8,0.0136983167729705,0,0.813698316772971,0.664315818570993
"194",193,0.833333333333333,0.0123966208305134,1,0.845729954163847,0.680204204355794
"195",194,0.36101083032491,0.0302233463381701,1,0.39123417666308,0.324220922602837
"196",195,0.3584229390681,0.069655360799913,1,0.428078299868013,0.351766383317648
"197",196,0.526315789473684,0.102027363292434,1,0.628343152766118,0.512005205353998
"198",197,0.568181818181818,0.0798710177665769,0,0.648052835948395,0.530289997236426
"199",198,0.338983050847458,0.027965711764576,1,0.366948762612034,0.30660790972838
"200",199,0.373134328358209,0.0391537712121684,1,0.412288099570377,0.339846777565094
"201",200,0.444444444444444,0.0614182083715704,0,0.505862652816015,0.413443289107541
"202",201,0.335570469798658,0.0917450483398402,0,0.427315518138498,0.352640319064326
"203",202,0.546448087431694,0.0516245942541385,0,0.598072681685832,0.488716137620822
"204",203,0.277777777777778,0.0406927606758393,0,0.318470538453617,0.276238085518232
"205",204,0.598802395209581,0.0787914493152797,1,0.677593844524861,0.551926115866484
"206",205,0.595238095238095,0.0274767299985162,1,0.622714825236611,0.507416719387704
"207",206,0.526315789473684,0.0589882311224371,1,0.585304020596121,0.476877460790041
"208",207,0.411522633744856,0.018148922915689,0,0.429671556660545,0.354403234968266
"209",208,0.574712643678161,0.0165472486032534,0,0.591259892281414,0.483069007318465
"210",209,0.8,0.00393923098443905,1,0.803939230984439,0.649980893574455
"211",210,0.581395348837209,0.0695294201888098,0,0.650924769026019,0.532680287998932
"212",211,0.342465753424658,0.0271904544815258,1,0.369656207906183,0.308548554487705
"213",212,0.390625,0.105331935194508,0,0.495956935194508,0.405567317129043
"214",213,0.366300366300366,0.02746398895575,0,0.393764355256116,0.32800511556998
"215",214,0.277777777777778,0.0821854990019479,1,0.359963276779726,0.30162831988316
"216",215,0.546448087431694,0.0405599331477536,1,0.587008020579448,0.478268326676431
"217",216,0.588235294117647,0.0259846794263354,0,0.614219973543983,0.502128386342058
"218",217,0.353356890459364,0.081527594217908,0,0.434884484677272,0.358318535463677
"219",218,0.529100529100529,0.119192004895224,0,0.648292533995753,0.53048951300076
"220",219,0.409836065573771,0.0222975537025188,1,0.432133619276289,0.354853702513297
"221",220,0.366300366300366,0.0347579164972822,1,0.401058282797648,0.331472742304863
"222",221,0.833333333333333,0.00148209396050303,1,0.834815427293836,0.672441244923531
"223",222,0.303030303030303,0.0583698617602494,0,0.361400164790552,0.305128022276533
"224",223,0.740740740740741,0.0424590912664778,1,0.783199832007219,0.634507696564579
"225",224,0.411522633744856,0.0242727879775666,1,0.435795421722423,0.357650242518884
"226",225,0.487804878048781,0.0194143431788849,1,0.507219221227665,0.413631688904598
"227",226,0.4,0.159650505392128,0,0.559650505392128,0.457004076323939
"228",227,0.546448087431694,0.105814950149127,1,0.65226303758082,0.531457122693523
"229",228,0.515463917525773,0.126276605398428,1,0.641740522924201,0.52291156534497
"230",229,0.212765957446809,0.0316465253215779,0,0.244412482768386,0.230588991598955
"231",230,0.480769230769231,0.105488627045144,0,0.586257857814375,0.478928373805326
"232",231,0.53475935828877,0.169237679904966,1,0.703997038193736,0.573053653184227
"233",232,0.28735632183908,0.00508398312295311,0,0.292440304962034,0.259574037744948
"234",233,0.546448087431694,0.0515285232337003,0,0.597976610665394,0.488636448703423
"235",234,0.505050505050505,0.130074040440569,0,0.635124545491074,0.519526383935595
"236",235,0.5,0.139272068151272,0,0.639272068151272,0.522979775837006
"237",236,0.50761421319797,0.092564021848116,0,0.600178235046085,0.490463020813301
"238",237,0.261780104712042,0.0869312519420178,0,0.34871135665406,0.296411383170883
"239",238,0.432900432900433,0.219004286350708,0,0.651904719251141,0.533495784549322
"240",239,0.434782608695652,0.12277939578786,0,0.557562004483513,0.455291708601572
"241",240,0.444444444444444,0.165009948218851,0,0.609454392663295,0.498166629993921
"242",241,0.50251256281407,0.0412452191806691,0,0.543757781994739,0.444010965076785
"243",242,0.555555555555556,0.0245167051012138,1,0.580072260656769,0.472608223823702
"244",243,0.3125,0.0526596248237707,0,0.365159624823771,0.307738462109478
"245",244,0.5,0.0900601615063129,0,0.590060161506313,0.4820754281823
"246",245,0.476190476190476,0.00722138299432445,0,0.483411859184801,0.395670645012232
"247",246,0.403225806451613,0.0462498806786619,0,0.449475687130275,0.369382470350569
"248",247,0.33003300330033,0.141376804987704,0,0.471409808288035,0.386289331404803
"249",248,0.50251256281407,0.0134015957997997,1,0.51591415861387,0.42059887134331
"250",249,0.273972602739726,0.00610288376305873,0,0.280075486502785,0.251891246407033
"251",250,0.396825396825397,0.0690709234526961,1,0.465896320278093,0.380934306936951
"252",251,0.480769230769231,0.111392363949272,0,0.592161594718503,0.483815949802283
"253",252,0.332225913621262,0.144461942571407,0,0.47668785619267,0.390404036336562
"254",253,0.476190476190476,0.0419628096420378,0,0.518153285832514,0.423285512078371
"255",254,0.387596899224806,0.140961005379945,0,0.528557904604751,0.43167353365942
"256",255,0.423728813559322,0.0243147654931294,0,0.448043579052451,0.36828987903763
"257",256,0.518134715025907,0.0569691565352907,1,0.575103871561197,0.468555857913452
"258",257,0.285714285714286,0.122967949146017,0,0.408682234860303,0.33884798537317
"259",258,0.518134715025907,0.0928851257045036,0,0.61101984073041,0.499467762894182
"260",259,0.460829493087558,0.0521192322928591,1,0.512948725380417,0.418219781922297
"261",260,0.552486187845304,0.0169853185175106,0,0.569471506362815,0.465074316548493
"262",261,0.452488687782805,0.000407136528559449,1,0.452895824311365,0.370815817198171
"263",262,0.409836065573771,0.0823608109309207,0,0.492196876504691,0.402591668455447
"264",263,0.342465753424658,0.143695975304311,0,0.486161728728969,0.397832249140612
"265",264,0.367647058823529,0.0980889541790169,0,0.465736013002546,0.381885660753507
"266",265,0.364963503649635,0.0640436714122131,0,0.429007175061848,0.35390568686417
"267",266,0.25,0.00990123844574314,0,0.259901238445743,0.2396834391491
"268",267,0.36231884057971,0.041820131718777,1,0.404138972298487,0.333761177341341
"269",268,0.520833333333333,0.0599173372142516,0,0.580750670547585,0.474375708275987
"270",269,0.4,0.07287378390732,1,0.47287378390732,0.3864010279173
"271",270,0.5,0.0861994632565337,1,0.586199463256534,0.477608333928776
"272",271,0.537634408602151,0.0497162467061601,0,0.587350655308311,0.479832547324262
"273",272,0.543478260869565,0.0218432314933728,0,0.565321492362938,0.461660616343563
"274",273,0.210526315789474,0.00213940069602966,0,0.212665716485503,0.212709714227802
"275",274,0.568181818181818,0.0876375834746912,1,0.655819401656509,0.53434035712229
"276",275,0.467289719626168,0.0698294751791597,1,0.537119194805328,0.437689245074596
"277",276,0.50761421319797,0.0148977354370509,0,0.52251194863502,0.426793390438716
"278",277,0.413223140495868,0.0165830319720576,1,0.429806172467925,0.353080548763857
"279",278,0.357142857142857,0.118562956384292,0,0.475705813527149,0.389637141364871
"280",279,0.543478260869565,0.00144459995960733,0,0.544922860829173,0.44496041383092
"281",280,0.485436893203884,0.084956227419465,0,0.570393120623348,0.465833075333674
"282",281,0.353356890459364,0.0868805626231421,1,0.440237453082506,0.361053631920907
"283",282,0.4,0.0392988304293974,1,0.439298830429397,0.360333488592019
"284",283,0.434782608695652,0.0133050295479403,0,0.448087638243593,0.368323471600694
"285",284,0.4739336492891,0.17436659152083,1,0.64830024080993,0.528241302705601
"286",285,0.404858299595142,0.0709750715230593,0,0.475833371118201,0.389736719919713
"287",286,0.323624595469256,0.103287666514502,1,0.426912261983758,0.350880603098264
"288",287,0.531914893617021,0.00472115910148152,0,0.536636052718503,0.438218704951555
"289",288,0.332225913621262,0.0546737480804888,0,0.386899661701751,0.323077448583086
"290",289,0.429184549356223,0.0495693573129899,1,0.478753906669213,0.391026419340061
"291",290,0.235294117647059,0.00430781534969224,0,0.239601932996751,0.227813865234331
"292",291,0.380228136882129,0.00349434850024449,0,0.383722485382374,0.320810264174391
"293",292,0.323624595469256,0.0492398089830949,0,0.372864404452351,0.313127572581653
"294",293,0.546448087431694,0.0547356105911578,1,0.601183698022852,0.489842776843294
"295",294,0.333333333333333,0.0134801732215094,0,0.346813506554843,0.295120258942365
"296",295,0.487804878048781,0.038055857865468,0,0.525860735914249,0.429494432848649
"297",296,0.423728813559322,0.0634609882565413,1,0.487189801815863,0.397690118032938
"298",297,0.326797385620915,0.0571559858910108,0,0.383953371511926,0.320974731259191
"299",298,0.244498777506112,0.0134794097246053,0,0.257978187230718,0.238541110179654
"300",299,0.346020761245675,0.030950616624768,0,0.376971377870443,0.316021481055471
"301",300,0.53475935828877,0.000935083548003868,1,0.535694441836774,0.436537067497658
"302",301,0.480769230769231,0.000265693290671776,1,0.481034924059903,0.392825070067942
"303",302,0.529100529100529,0.0234824613363084,1,0.552582990436838,0.450224426631216
"304",303,0.411522633744856,0.0291339202556238,1,0.44065655400048,0.361375350388094
"305",304,0.485436893203884,0.0751167914645177,0,0.560553684668401,0.457745026528878
"306",305,0.568181818181818,0.00277866714000419,1,0.570960485321822,0.465178203387083
"307",306,0.40650406504065,0.0188848382239029,0,0.425388903264553,0.351201830147761
"308",307,0.448430493273543,0.0281425679345596,1,0.476573061208102,0.389309019437935
"309",308,0.432900432900433,0.0712822522641262,0,0.504182685164559,0.412103899707126
"310",309,0.266666666666667,0.0937850750880208,1,0.360451741754687,0.301975221660696
"311",310,0.487804878048781,0.0640689694558983,1,0.551873847504679,0.449648500020215
"312",311,0.483091787439614,0.00719296710456185,0,0.490284754544175,0.401081485414547
"313",312,0.675675675675676,0.00664900608624164,0,0.682324681761917,0.558759655905811
"314",313,0.352112676056338,0.0447011118933641,0,0.396813787949702,0.330206717902772
"315",314,0.308641975308642,0.129531747795614,0,0.438173723104256,0.360799289657048
"316",315,0.40650406504065,0.00463247816460483,0,0.411136543205255,0.340649118885319
"317",316,0.537634408602151,0.0514523055319599,0,0.58908671413411,0.48126945633639
"318",317,0.336700336700337,0.033871933062087,0,0.370572269762424,0.311518870081481
"319",318,0.363636363636364,0.114193631722249,0,0.477829995358612,0.391296696415692
"320",319,0.333333333333333,0.0916525038164222,1,0.424985837149756,0.349419101835657
"321",320,0.425531914893617,0.0108405326550491,0,0.436372447548666,0.359439783703412
"322",321,0.359712230215827,0.0640613861539529,1,0.42377361636978,0.348500664726355
"323",322,0.568181818181818,0.00972123298045469,0,0.577903051162273,0.472024381066422
"324",323,0.460829493087558,0.0113579677731536,1,0.472187460860711,0.385862237300742
"325",324,0.28735632183908,0.022889178213496,0,0.310245500052576,0.270901438663679
"326",325,0.421940928270042,0.00936799477427253,1,0.431308923044315,0.35422502380002
"327",326,0.411522633744856,0.017678385159795,0,0.429201018904651,0.354050820243947
"328",327,0.561797752808989,0.00887484222704815,0,0.570672595036037,0.466063211035508
"329",328,0.316455696202532,0.00240455672219037,1,0.318860252924722,0.273168850549713
"330",329,0.432900432900433,0.0416917393626005,1,0.474592172263033,0.387751031969552
"331",330,0.518134715025907,0.0266734546913235,0,0.54480816971723,0.444866926840886
"332",331,0.432900432900433,0.0549836559767799,0,0.487884088877213,0.399188400326523
"333",332,0.444444444444444,0.135779537476131,0,0.580223981920575,0.473940667142882
"334",333,0.425531914893617,0.101803128768927,1,0.527335043662544,0.429787619331443
"335",334,0.240963855421687,0.101427701371438,0,0.342391556793125,0.292124840839959
"336",335,0.21505376344086,0.13752435039649,0,0.35257811383735,0.29905218150209
"337",336,0.43859649122807,0.0133380766907315,1,0.451934567918802,0.370071288051662
"338",337,0.448430493273543,0.017471391907923,0,0.465901885181466,0.382014108562718
"339",338,0.476190476190476,0.0288479933356217,0,0.505038469526098,0.412786008663856
"340",339,0.181818181818182,0.00053683159178583,0,0.182355013409968,0.196597041338922
"341",340,0.277777777777778,0.000687141469800645,1,0.278464919247578,0.24669839730588
"342",341,0.386100386100386,0.0631580302704245,0,0.449258416370811,0.369216617218787
"343",342,0.531914893617021,0.00641933981868503,0,0.538334233435706,0.439598056337389
"344",343,0.261780104712042,0.0306706219324197,0,0.292450726644462,0.259580576971285
"345",344,0.490196078431373,0.0582124282840753,0,0.548408506715448,0.447803954276473
"346",345,0.520833333333333,0.0454147343061371,0,0.56624806763947,0.462422363727821
"347",346,0.5,0.0108300210600728,0,0.510830021060073,0.417412086840303
"348",347,0.490196078431373,0.0279468088691544,0,0.518142887300527,0.423277153903667
"349",348,0.192307692307692,0.0273147889081163,0,0.219622481215809,0.216539853238423
"350",349,0.50251256281407,0.103268181793584,1,0.605780744607655,0.493596535934397
"351",350,0.335570469798658,0.00434882579559315,1,0.339919295594251,0.28756621992369
"352",351,0.505050505050505,0.169200010466336,0,0.674250515516841,0.552066683328136
"353",352,0.531914893617021,0.0730048320325946,0,0.604919725649616,0.494399261089859
"354",353,0.480769230769231,0.0659966017832716,1,0.546765832552502,0.445502947067922
"355",354,0.515463917525773,0.0142197281718993,0,0.529683645697673,0.432583985160833
"356",355,0.480769230769231,0.0784487508244418,0,0.559217981593673,0.456649333983552
"357",356,0.364963503649635,0.0487229066235517,0,0.413686410273187,0.342525444341979
"358",357,0.393700787401575,0.0527682153001453,0,0.44646900270172,0.367090247829432
"359",358,0.0909090909090909,0.00103611816584845,0,0.0919452090749394,0.154018222872185
"360",359,0.50761421319797,0.0442840855287223,1,0.551898298726692,0.449668356374158
"361",360,0.518134715025907,2.54008255262672e-06,1,0.518137255108459,0.422384300974042
"362",361,0.3584229390681,0.108990270981971,0,0.467413210050072,0.383185262501658
"363",362,0.54054054054054,0.017606358800582,1,0.558146899341122,0.454746264334674
"364",363,0.485436893203884,0.0926443192398557,1,0.578081212443739,0.470984008712755
"365",364,0.27027027027027,0.0458931971674176,0,0.316163467437688,0.274734616199007
"366",365,0.490196078431373,0.000705502778389544,0,0.490901581209762,0.401568425511776
"367",366,0.304878048780488,0.0711579620075483,0,0.376036010788036,0.315361099137954
"368",367,0.510204081632653,0.0184851088154777,1,0.528689190448131,0.430879678736721
"369",368,0.293255131964809,0.0609732566361785,0,0.354228388600988,0.300183387182085
"370",369,0.465116279069767,0.0317804710844219,0,0.496896750154189,0.406312292617884
"371",370,0.454545454545455,0.0345139437000525,0,0.489059398245507,0.400114797796773
"372",371,0.546448087431694,0.010816652866994,1,0.557264740298688,0.454028969078395
"373",372,0.210526315789474,0.00754608315650884,0,0.218072398945983,0.215682164244798
"374",373,0.54054054054054,0.0277482653017369,0,0.568288805842277,0.464100954491994
"375",374,0.495049504950495,0.0334597531345229,0,0.528509258085018,0.431634202822878
"376",375,0.401606425702811,0.0787621566546865,1,0.480368582357498,0.392299391912062
"377",376,0.462962962962963,0.117516480459815,0,0.580479443422777,0.474151668436605
"378",377,0.495049504950495,0.0296487493156609,1,0.524698254266156,0.427662670854758
"379",378,0.413223140495868,0.125818079350076,1,0.539041219845944,0.439244350804712
"380",379,0.490196078431373,0.0327059151203451,1,0.522901993551718,0.426216260259064
"381",380,0.396825396825397,0.0325323476937261,0,0.429357744519123,0.354168183307947
"382",381,0.510204081632653,0.0260110379430251,0,0.536215119575678,0.437876981133797
"383",382,0.0909090909090909,0.010080286807097,0,0.100989377716188,0.157915846490444
"384",383,0.380228136882129,0.0419859400692312,1,0.42221407695136,0.347320485824298
"385",384,0.558659217877095,0.0252276374519644,0,0.583886855329059,0.476967495789507
"386",385,0.462962962962963,0.00384949233687099,0,0.466812455299834,0.382719550418563
"387",386,0.446428571428571,0.0833321410279586,0,0.52976071245653,0.432646333523683
"388",387,0.444444444444444,0.00711950068878353,0,0.451563945133228,0.370978203695131
"389",388,0.523560209424084,0.0676511713310577,0,0.591211380755141,0.483028826233543
"390",389,0.45662100456621,0.0216919842458383,1,0.478312988812048,0.390679020143892
"391",390,0.471698113207547,0.1248918626969,0,0.596589975904447,0.487486433307036
"392",391,0.520833333333333,0.00304667715507978,0,0.523880010488413,0.427896220632966
"393",392,0.505050505050505,0.0226069130317519,0,0.527657418082257,0.430945655413265
"394",393,0.452488687782805,0.0519074428843092,0,0.504396130667115,0.412273992251371
"395",394,0.175438596491228,0.0316736887495062,0,0.207112285240734,0.209687602994376
"396",395,0.552486187845304,0.0550176960462395,0,0.607503883891543,0.496545848139474
"397",396,0.561797752808989,0.0335806492636328,0,0.595378402072622,0.486481871080721
"398",397,0.510204081632653,0.0314091438185059,0,0.541613225451159,0.442264666407464
"399",398,0.558659217877095,0.0107993988455064,1,0.569458616722601,0.46395435942535
"400",399,0.392156862745098,0.053479966586676,0,0.445636829331774,0.366456938090682
"401",400,0.465116279069767,0.153299760559112,1,0.61841603962888,0.503910143564871
"402",401,0.454545454545455,0.0365087746225667,0,0.491054229168021,0.401688963360807
"403",402,0.440528634361233,0.0662760846410072,0,0.506804719002241,0.414195009669933
"404",403,0.543478260869565,0.0310772319731413,0,0.574555492842706,0.469262792974518
"405",404,0.462962962962963,0.0249275637769376,0,0.487890526739901,0.399193472587242
"406",405,0.531914893617021,0.00636518660318297,0,0.538280080220204,0.439554052392213
"407",406,0.523560209424084,0.104345634765538,0,0.627905844189622,0.513516262495136
"408",407,0.384615384615385,0.00516969824479285,0,0.389785082860177,0.325143856488126
"409",408,0.512820512820513,0.0815374211178069,0,0.59435793393832,0.485635959419551
"410",409,0.512820512820513,0.0205172600330412,1,0.533337772853554,0.434632391674379
"411",410,0.371747211895911,0.0758465670854599,0,0.447593778981371,0.367947010298908
"412",411,0.4149377593361,0.132162723093218,0,0.547100482429317,0.446736363825019
"413",412,0.266666666666667,0.00488035484647159,0,0.271547021513138,0.24668075805098
"414",413,0.0909090909090909,0.000489917715168361,0,0.0913990086242593,0.153785347902497
"415",414,0.515463917525773,0.0642351443764464,0,0.57969906190222,0.473507151894782
"416",415,0.471698113207547,0.0192609279915553,0,0.490959041199102,0.401613797013121
"417",416,0.350877192982456,0.00340510295088936,1,0.354282295933345,0.297608286753793
"418",417,0.460829493087558,0.00488150423312578,0,0.465710997320683,0.381866290696203
"419",418,0.480769230769231,0.0373503611675831,1,0.518119591936814,0.422370108916509
"420",419,0.411522633744856,0.0144065623677289,0,0.425929196112585,0.351604951310009
"421",420,0.40650406504065,0.0531292635261616,0,0.459633328566812,0.37717235147748
"422",421,0.50251256281407,0.0317184124221557,0,0.534230975236226,0.436267180144853
"423",422,0.485436893203884,0.0174980205897438,0,0.502934913793627,0.4111100403462
"424",423,0.427350427350427,0.0215925857451421,0,0.448943013095569,0.36897591321783
"425",424,0.65359477124183,0.00305116230991009,1,0.65664593355174,0.535010053558335
"426",425,0.346020761245675,0.0390134261103401,0,0.385034187356015,0.321745233365986
"427",426,0.432900432900433,0.018490942964655,1,0.451391375865088,0.369650793258183
"428",427,0.181818181818182,0.0232075706426154,0,0.205025752460797,0.208560259325441
"429",428,0.263157894736842,0.0768388052869556,0,0.339996700023798,0.290510127060247
"430",429,0.448430493273543,0.0311739082808343,0,0.479604401554377,0.392685090473152
"431",430,0.224719101123595,0.0674093638573494,0,0.292128464980945,0.259378419044249
"432",431,0.227272727272727,0.116004851128283,0,0.343277578401011,0.292723582197003
"433",432,0.355871886120996,0.0424038054534139,0,0.39827569157441,0.331264899519612
"434",433,0.302114803625378,0.0471923496246057,1,0.349307153249983,0.294109934125646
"435",434,0.440528634361233,0.0282051300492279,0,0.468733764410461,0.384209784198726
"436",435,0.36101083032491,0.0459562906061929,0,0.406967120931103,0.337592178761959
"437",436,0.355871886120996,0.0424042340348432,0,0.39827612015584,0.331265210001545
"438",437,0.341296928327645,0.0200798307206568,1,0.361376759048302,0.302632695823335
"439",438,0.480769230769231,0.00928033008391466,1,0.490049560853145,0.3999562346052
"440",439,0.578034682080925,0.00365566576813559,1,0.58169034784906,0.473928420374445
"441",440,0.364963503649635,0.0559987854570596,0,0.420962289106695,0.347907440979579
"442",441,0.518134715025907,0.0313818885518444,0,0.549516603577751,0.44870885043295
"443",442,0.3690036900369,0.0720807458063732,1,0.441084435843274,0.361703917325009
"444",443,0.344827586206897,0.0813566527652442,0,0.426184238972141,0.351795319731836
"445",444,0.411522633744856,0.0169030386925183,0,0.428425672437374,0.353470477422886
"446",445,0.490196078431373,0.0458468316222663,0,0.536042910053639,0.437737198007199
"447",446,0.440528634361233,0.160987101687971,0,0.601515736049205,0.491573042100805
"448",447,0.54054054054054,0.0724195402945433,1,0.612960080835084,0.499457694889195
"449",448,0.34965034965035,0.0152045253967554,1,0.364854875047105,0.305111110247273
"450",449,0.546448087431694,0.0901346570190698,0,0.636582744450764,0.520740540601998
"451",450,0.377358490566038,0.00721173050475105,1,0.384570221070789,0.319342551391566
"452",451,0.377358490566038,0.104377513331604,0,0.481736003897642,0.394355484671107
"453",452,0.518134715025907,0.0115248725448303,0,0.529659587570737,0.432564522237677
"454",453,0.232558139534884,0.147658285184332,1,0.380216424719216,0.316173578675516
"455",454,0.546448087431694,0.0449093703546108,1,0.591357457786305,0.481819103926581
"456",455,0.467289719626168,0.0564607991681449,0,0.523750518794313,0.427791797589293
"457",456,0.546448087431694,0.108296400707682,0,0.654744488139376,0.53585862156767
"458",457,0.495049504950495,0.180195345148971,0,0.675244850099466,0.552891534313922
"459",458,0.29585798816568,0.103061232608392,1,0.398919220774072,0.329887775059164
"460",459,0.5,0.19340317998964,0,0.69340317998964,0.567921887851368
"461",460,0.436681222707424,0.21804488042811,0,0.654726103135533,0.535843326170711
"462",461,0.436681222707424,0.017652901370118,0,0.454334124077542,0.373099649849813
"463",462,0.45662100456621,0.213725660669817,1,0.670346665236027,0.546087114818478
"464",463,0.454545454545455,0.0671614777381637,0,0.521706932283618,0.426144845307128
"465",464,0.327868852459016,0.0529006857586852,1,0.380769538217702,0.316575361110308
"466",465,0.32258064516129,0.0863401225601965,0,0.408920767721487,0.339022825760094
"467",466,0.315457413249211,0.112100191627853,0,0.427557604877064,0.352821269151875
"468",467,0.314465408805031,0.0224603664096983,1,0.33692577521473,0.285495661310272
"469",468,0.317460317460317,0.0933779484960979,0,0.410838265956415,0.340429967368101
"470",469,0.3125,0.0486340306236285,0,0.361134030623628,0.304943706764673
"471",470,0.54054054054054,0.00442228428790814,1,0.544962824828449,0.444040941106123
"472",471,0.29940119760479,0.0941362576470078,0,0.393537455251798,0.327841609254484
"473",472,0.518134715025907,0.0745754640426584,0,0.592710179068565,0.484270454712067
"474",473,0.458715596330275,0.0546462054997628,0,0.513361801830038,0.419439676714426
"475",474,0.429184549356223,0.117400903682101,0,0.546585453038325,0.446316175647127
"476",475,0.476190476190476,0.0192922619371435,1,0.49548273812762,0.404271056201743
"477",476,0.432900432900433,0.0941639691801313,1,0.527064402080564,0.42956942112182
"478",477,0.45045045045045,0.112229610335954,0,0.562680060786404,0.459490468986946
"479",478,0.309597523219814,0.248668777947783,0,0.558266301167597,0.455869006462593
"480",479,0.471698113207547,0.0864149366219631,1,0.55811304982951,0.454718738469583
"481",480,0.335570469798658,0.0460062005130495,0,0.381576670311707,0.31928391728209
"482",481,0.50251256281407,0.0537892737172215,1,0.556301836531292,0.453246168378245
"483",482,0.444444444444444,0.18191839523811,1,0.626362839682555,0.51039113374686
"484",483,0.505050505050505,0.0331708278808005,1,0.538221332931306,0.438580872644197
"485",484,0.50761421319797,0.0815142654554286,0,0.589128478653398,0.481304031676266
"486",485,0.462962962962963,0.129011232158254,1,0.591974195121217,0.482322651128538
"487",486,0.546448087431694,0.141704649243243,1,0.688152736674937,0.560404421152341
"488",487,0.518134715025907,0.121253207330661,1,0.639387922356568,0.520998286849834
"489",488,0.518134715025907,0.0965616146920832,1,0.61469632971799,0.500874799569306
"490",489,0.54054054054054,0.0110001482199655,0,0.551540688760506,0.45036288980334
"491",490,0.490196078431373,0.0233982833407361,1,0.513594361772109,0.418737508403378
"492",491,0.546448087431694,0.0578486731203149,0,0.604296760552009,0.493881912913212
"493",492,0.294985250737463,0.0179420669365449,1,0.312927317674008,0.269185004710871
"494",493,0.471698113207547,0.0799201594651311,1,0.551618272672678,0.449440959527333
"495",494,0.25062656641604,0.0484956655642163,0,0.299122231980256,0.263788630843956
"496",495,0.555555555555556,0.0421135165091728,1,0.597669072064728,0.486972764770645
"497",496,0.54054054054054,0.028419618177504,0,0.568960158718045,0.464653429412001
"498",497,0.571428571428571,0.0158901111268943,1,0.587318682555466,0.478521916312762
"499",498,0.429184549356223,0.0199902837718029,0,0.449174833128026,0.369152822875912
"500",499,0.45662100456621,0.0385172145902645,1,0.495138219156475,0.403997091683889
"501",500,0.495049504950495,0.124127216454403,1,0.619176721404898,0.504530751384783
"502",501,0.452488687782805,0.041107077305482,0,0.493595765088287,0.403697806497193
"503",502,0.357142857142857,0.0154017933763193,1,0.372544650519176,0.310625408644029
"504",503,0.282485875706215,0.0128523013751019,0,0.295338177081317,0.261396467532665
"505",504,0.259067357512953,0.0725251584004055,0,0.331592515913359,0.284886016405564
"506",505,0.458715596330275,0.0713908008160407,0,0.530106397146316,0.432926029981595
"507",506,0.518134715025907,0.0454274607656889,1,0.563562175791596,0.459152198179961
"508",507,0.50251256281407,0.0335006813770485,1,0.536013244191119,0.436794834392303
"509",508,0.423728813559322,0.0832293442703992,1,0.506958157829721,0.413422910441625
"510",509,0.37037037037037,0.0294662342466975,0,0.399836604617068,0.332396690165869
"511",510,0.520833333333333,0.052657040593337,1,0.57349037392667,0.467240333890591
"512",511,0.27027027027027,0.0377154491385238,1,0.307985719408794,0.265891625972438
"513",512,0.53475935828877,0.063454607410983,1,0.598213965699753,0.487417718338377
"514",513,0.512820512820513,0.061665470670011,0,0.574485983490524,0.469205480991749
"515",514,0.495049504950495,0.00637858702134775,1,0.501428091971843,0.409006287492104
"516",515,0.467289719626168,0.0218864242386834,1,0.489176143864852,0.399263753661967
"517",516,0.247524752475248,0.0889703658355221,0,0.33649511831077,0.288158821827049
"518",517,0.495049504950495,0.0431511525930544,1,0.538200657543549,0.438564143570271
"519",518,0.5,0.0607143535949217,0,0.560714353594922,0.457876863014271
"520",519,0.446428571428571,0.0290256760594044,1,0.475454247487976,0.388428832297531
"521",520,0.543478260869565,0.0500034878727087,0,0.593481748742274,0.484909797993502
"522",521,0.263157894736842,0.110181194374514,0,0.373339089111356,0.313461298886204
"523",522,0.555555555555556,0.0168870030237636,1,0.572442558579319,0.46638616788648
"524",523,0.3690036900369,0.11194777501838,1,0.48095146505528,0.392759217974443
"525",524,0.53475935828877,0.0748683131649305,1,0.6096276714537,0.49673739192119
"526",525,0.307692307692308,0.0636889021242801,0,0.371381209816588,0.312086086759575
"527",526,0.537634408602151,0.00300186973738326,0,0.540636278339534,0.441469732185782
"528",527,0.404858299595142,0.108094350644376,0,0.512952650239517,0.419111791241072
"529",528,0.495049504950495,0.12760781396793,0,0.622657318918425,0.509147596791667
"530",529,0.436681222707424,0.0396727612571501,0,0.476353983964574,0.390143243015705
"531",530,0.54054054054054,0.0428431205624032,0,0.583383661102944,0.476551499454839
"532",531,0.467289719626168,0.0902539735590287,0,0.557543693185197,0.455276701346171
"533",532,0.185185185185185,0.0355414555287947,0,0.22072664071398,0.217152298213953
"534",533,0.418410041841004,0.100991005017065,0,0.51940104685807,0.424288812689216
"535",534,0.27027027027027,0.0494235295595961,0,0.319693799829866,0.277037330432858
"536",535,0.34965034965035,0.0917440910608214,0,0.441394440711171,0.363235969633588
"537",536,0.476190476190476,0.0231491801267448,1,0.499339656317221,0.407341353520635
"538",537,0.471698113207547,0.0477769242734853,1,0.519475037481032,0.423459474602199
"539",538,0.247524752475248,0.0287829790607278,0,0.276307731535975,0.249580371300806
"540",539,0.260416666666667,0.0601354177981079,1,0.320552084464775,0.274310786031375
"541",540,0.255102040816327,0.0979013460784056,0,0.353003386894732,0.299343454348482
"542",541,0.363636363636364,0.00285593072284529,0,0.366492294359209,0.308666844828336
"543",542,0.446428571428571,0.0550296611549992,1,0.501458232583571,0.409030328357677
"544",543,0.476190476190476,0.0160961924880149,1,0.492286668678491,0.401731376445925
"545",544,0.421940928270042,0.00985597711717295,0,0.431796905387215,0.355997098692799
"546",545,0.255102040816327,0.0685560739254859,1,0.323658114741812,0.276414034553673
"547",546,0.518134715025907,0.103390238735213,1,0.62152495376112,0.506446282132948
"548",547,0.454545454545455,0.0103479464428721,0,0.464893400988327,0.381233435238532
"549",548,0.462962962962963,0.0253523982410093,1,0.488315361203972,0.398581608824487
"550",549,0.29940119760479,0.0883425277363972,0,0.387743725341188,0.323681200692048
"551",550,0.346020761245675,0.0179878104505051,0,0.36400857169618,0.306937870786927
"552",551,0.5,0.0674709580959436,0,0.567470958095944,0.463428097594929
"553",552,0.555555555555556,0.0458113940644929,1,0.601366949620048,0.4899924177489
"554",553,0.40650406504065,0.0674996874321821,1,0.474003752472832,0.387288595874884
"555",554,0.440528634361233,0.0260220857728994,1,0.466550720134133,0.381445980242747
"556",555,0.485436893203884,0.00491511285444229,1,0.490352006058326,0.400196101194183
"557",556,0.282485875706215,0.0290938608862146,0,0.311579736592429,0.271762695837098
"558",557,0.446428571428571,0.0829764259210437,0,0.529404997349615,0.432358575133025
"559",558,0.33003300330033,0.0979021341934008,0,0.427935137493731,0.353103547676929
"560",559,0.273224043715847,0.046316236139728,1,0.319540279855575,0.273627534766883
"561",560,0.50251256281407,0.129619115218346,0,0.632131678032416,0.51703445839392
"562",561,0.568181818181818,0.109960356092232,0,0.67814217427405,0.555294067335252
"563",562,0.314465408805031,0.00279847939420108,1,0.317263888199233,0.272093748035865
"564",563,0.411522633744856,0.0854984402462029,0,0.497021073991059,0.406410878255504
"565",564,0.546448087431694,0.0343894290499688,0,0.580837516481663,0.474447448647745
"566",565,0.467289719626168,0.0702175881053731,0,0.537507307731541,0.438926239018623
"567",566,0.531914893617021,0.0317651071711764,0,0.563680000788198,0.460311752817412
"568",567,0.460829493087558,0.00453331407507701,0,0.465362807162635,0.381596723304134
"569",568,0.564971751412429,0.132497474961552,0,0.697469226373981,0.571277474168617
"570",569,0.537634408602151,0.0238983203427829,1,0.561532728944933,0.457500491055803
"571",570,0.241545893719807,0.0160483101966978,0,0.257594203916505,0.238313463548321
"572",571,0.338983050847458,0.0898834289207896,1,0.428866479768247,0.352365613697454
"573",572,0.462962962962963,0.00419696490114241,1,0.467159927864105,0.381922513545436
"574",573,0.297619047619048,0.0519258012394296,1,0.349544848858477,0.2942765974385
"575",574,0.364963503649635,0.0688110315974558,0,0.433774535247091,0.357483195675696
"576",575,0.50251256281407,0.0239156913488451,0,0.526428254162915,0.429952676435749
"577",576,0.54054054054054,0.0452563880375103,0,0.585796928578051,0.478547079244542
"578",577,0.452488687782805,0.0697925567907893,1,0.522281244573595,0.42571663696642
"579",578,0.462962962962963,0.0321668842418005,0,0.495129847204763,0.404912100116811
"580",579,0.452488687782805,0.0194148980353769,1,0.471903585818182,0.385639451401878
"581",580,0.460829493087558,0.0077758766137308,0,0.468605369701288,0.384110123237532
"582",581,0.518134715025907,0.0272830763047854,0,0.545417791330692,0.445363897846582
"583",582,0.325732899022801,0.0355950544695833,0,0.361327953492385,0.305078004901391
"584",583,0.469483568075117,0.111305038710511,0,0.580788606785628,0.47440704585157
"585",584,0.384615384615385,0.0424679790092756,0,0.42708336362466,0.352466834418378
"586",585,0.543478260869565,0.00491130785803773,1,0.548389568727603,0.446820169250733
"587",586,0.4,0.116440113458758,0,0.516440113458758,0.421909184277183
"588",587,0.50251256281407,0.0381002549948187,0,0.540612817808889,0.441450647103985
"589",588,0.260416666666667,0.0688204097302127,1,0.329237076396879,0.280213682994833
"590",589,0.45662100456621,0.0317804161539184,1,0.488401420720128,0.39864979413112
"591",590,0.355871886120996,0.115141454244998,0,0.471013340365995,0.385980951479715
"592",591,0.460829493087558,0.0186178614606499,1,0.479447354548208,0.391572969759802
"593",592,0.523560209424084,0.0464124145868591,1,0.569972624010943,0.46437318442997
"594",593,0.518134715025907,0.0690505213223291,0,0.587185236348236,0.479695664774264
"595",594,0.5,0.00501452836611593,0,0.505014528366116,0.412766921015276
"596",595,0.429184549356223,0.0791130140477494,0,0.508297563403973,0.415387154101665
"597",596,0.526315789473684,0.0414387238946292,0,0.567754513368313,0.463661361611932
"598",597,0.425531914893617,0.0176913286849682,0,0.443223243578585,0.364622891010882
"599",598,0.531914893617021,0.0238296156839096,1,0.555744509300931,0.452793157002064
"600",599,0.21551724137931,0.0650105130680209,0,0.280527754447331,0.252169586546675
"601",600,0.518134715025907,0.0660652836579145,0,0.584199998683821,0.477226403176557
"602",601,0.318471337579618,0.00592095215554639,1,0.324392289735164,0.276912457274394
"603",602,0.290697674418605,0.0904748117205409,0,0.381172486139146,0.318996857464717
"604",603,0.480769230769231,0.0784944800311076,1,0.559263710800338,0.455654541689817
"605",604,0.520833333333333,0.0541531464574393,0,0.574986479790773,0.469618178969803
"606",605,0.227272727272727,0.128477794233519,0,0.355750521506246,0.301228948992097
"607",606,0.452488687782805,0.0450599738928369,0,0.497548661675642,0.406829335730164
"608",607,0.480769230769231,0.0337422089034959,1,0.514511439672727,0.419473141043284
"609",608,0.490196078431373,0.0858655361182258,1,0.576061614549598,0.469336849932231
"610",609,0.54054054054054,0.0840417865084383,1,0.624582327048979,0.50893955470809
"611",610,0.476190476190476,0.0131674989456043,1,0.48935797513608,0.399407890178123
"612",611,0.202429149797571,0.00830514459868067,0,0.210734294396252,0.2116550924317
"613",612,0.446428571428571,0.0485041528025457,1,0.494932724231117,0.403833703229328
"614",613,0.284090909090909,0.0187286204703501,1,0.302819529561259,0.262472916907586
"615",614,0.518134715025907,0.0203901008084021,1,0.538524815834309,0.438826441632014
"616",615,0.292397660818713,0.0612692970256441,1,0.353666957844358,0.297174471411954
"617",616,0.227272727272727,0.0183694513785498,1,0.245642178651277,0.226359756050925
"618",617,0.50761421319797,0.0244329156895021,1,0.532047128887472,0.433589896301454
"619",618,0.346020761245675,0.122477577888572,1,0.468498339134247,0.382970101407165
"620",619,0.325732899022801,0.0964694838652381,0,0.422202382888039,0.34882883553077
"621",620,0.347222222222222,0.0601024399200962,0,0.407324662142318,0.337853775817046
"622",621,0.241545893719807,0.0464976514603782,0,0.288043545180185,0.256824793812279
"623",622,0.595238095238095,0.0248375782362769,1,0.620075673474372,0.505264109814469
"624",623,0.364963503649635,0.104715594669622,0,0.469679098319257,0.384943882632282
"625",624,0.4,0.0799298670314898,0,0.47992986703149,0.392939959443614
"626",625,0.50251256281407,0.0549748824396898,1,0.55748744525376,0.454210041224453
"627",626,0.574712643678161,0.102496504765133,0,0.677209148443294,0.554520536553699
"628",627,0.420168067226891,0.0213184011204817,1,0.441486468347372,0.362012733865266
"629",628,0.458715596330275,0.137849045674952,0,0.596564642005227,0.487465425441319
"630",629,0.440528634361233,0.00978709370564634,0,0.45031572806688,0.370024021604721
"631",630,0.478468899521531,0.172890724684964,0,0.651359624206496,0.533042173915337
"632",631,0.274725274725275,0.0895209038184153,0,0.36424617854369,0.307103036685645
"633",632,0.529100529100529,0.08405541755658,1,0.613155946657109,0.49961756654968
"634",633,0.380228136882129,0.0419950959795309,1,0.42222323286166,0.347327409914906
"635",634,0.293255131964809,0.100444395467923,0,0.393699527432733,0.327958395641702
"636",635,0.45662100456621,0.20573168784525,1,0.66235269241146,0.539629653046913
"637",636,0.336700336700337,0.0776668850038476,0,0.414367221704184,0.343027289026718
"638",637,0.529100529100529,0.0341129577184616,1,0.563213486818991,0.458868367667495
"639",638,0.487804878048781,0.119279708007831,0,0.607084586056611,0.496197491418349
"640",639,0.380228136882129,0.22235714296308,0,0.602585279845209,0.492460871225112
"641",640,0.497512437810945,0.101526503722788,0,0.599038941533733,0.489517712931205
"642",641,0.282485875706215,0.0289937569580816,0,0.311479632664296,0.27169801843725
"643",642,0.305810397553517,0.134628937312437,0,0.440439334865954,0.362512591248085
"644",643,0.232558139534884,0.0255538612419535,0,0.258112000776837,0.238620477233533
"645",644,0.446428571428571,0.0099186683400192,1,0.456347239768591,0.373493271693683
"646",645,0.5,0.0411791556158012,1,0.541179155615801,0.440975186241754
"647",646,0.392156862745098,0.193333120958563,1,0.585489983703661,0.477029242900782
"648",647,0.24330900243309,0.0247030502618394,0,0.268012052694929,0.244542388195099
"649",648,0.571428571428571,0.128613054216429,1,0.700041625645,0.569904715486257
"650",649,0.641025641025641,0.0134095840208691,0,0.65443522504651,0.535601326810008
"651",650,0.50761421319797,0.197514590007738,1,0.705128803205708,0.573953518800768
"652",651,0.444444444444444,0.171539350892984,1,0.615983795337429,0.501925497038687
"653",652,0.316455696202532,0.0379054712830676,0,0.354361167485599,0.300274510072756
"654",653,0.487804878048781,0.0814898385938566,0,0.569294716642637,0.464928793735052
"655",654,0.429184549356223,0.0142240563046346,0,0.443408605660858,0.364763598390922
"656",655,0.398406374501992,0.191574150521622,0,0.589980525023614,0.48200948564678
"657",656,0.233644859813084,0.00953858273275335,1,0.243183442545837,0.224879804920639
"658",657,0.452488687782805,0.0815662790817888,0,0.534054966864594,0.436124457177267
"659",658,0.409836065573771,0.21699929153773,0,0.626835357111501,0.512625127535112
"660",659,0.448430493273543,0.0569686021012507,0,0.505399095374793,0.413073562002122
"661",660,0.317460317460317,0.147750516250759,1,0.465210833711077,0.380398561421389
"662",661,0.353356890459364,0.188113487554209,0,0.541470378013573,0.442148409436935
"663",662,0.531914893617021,0.137202773376334,1,0.669117666993355,0.545095441030978
"664",663,0.266666666666667,0.101431313035818,0,0.368097979702485,0.309787511804963
"665",664,0.386100386100386,0.0811769848976965,1,0.467277370998083,0.382014401302952
"666",665,0.34965034965035,0.221902208470783,0,0.571552558121132,0.466787963842238
"667",666,0.25974025974026,0.34776766669896,0,0.607507926439219,0.496549206833474
"668",667,0.518134715025907,0.14270673624291,1,0.660841451268817,0.538407059798131
"669",668,0.452488687782805,0.0375548804501264,0,0.490043568232932,0.40089114504843
"670",669,0.359712230215827,0.204906406655405,0,0.564618636871233,0.461082960233042
"671",670,0.427350427350427,0.166556016658154,1,0.593906444008582,0.4839003432551
"672",671,0.260416666666667,0.0104325464910061,0,0.270849213157673,0.246257648346211
"673",672,0.36231884057971,0.263187478886123,0,0.625506319465833,0.511518827737699
"674",673,0.429184549356223,0.290857497597715,0,0.720042046953939,0.589820368298714
"675",674,0.520833333333333,0.167578158487175,0,0.688411491820509,0.563796953047023
"676",675,0.387596899224806,0.141564371659253,0,0.529161270884059,0.432161442357009
"677",676,0.26525198938992,0.184579078390796,0,0.449831067780717,0.369653819954799
"678",677,0.458715596330275,0.282746822884612,0,0.741462419214888,0.607250660742808
"679",678,0.552486187845304,0.174618111445409,0,0.727104299290713,0.595587020844522
"680",679,0.531914893617021,0.033439440123511,0,0.565354333740532,0.461687611275717
"681",680,0.432900432900433,0.169365702777356,1,0.602266135677789,0.490726677578297
"682",681,0.546448087431694,0.0654372691530817,1,0.611885356584776,0.498580436590009
"683",682,0.460829493087558,0.0429236946470949,1,0.503753187734652,0.410861851566672
"684",683,0.454545454545455,0.0648746531611233,1,0.519420107706578,0.423415316482441
"685",684,0.531914893617021,0.0307505158989383,1,0.56266540951596,0.458422271910389
"686",685,0.446428571428571,0.128746586780826,0,0.575175158209398,0.46977377566146
"687",686,0.531914893617021,0.105035304677252,0,0.636950198294273,0.52104649854684
"688",687,0.467289719626168,0.0113190769194626,0,0.478608796545631,0.391905838728806
"689",688,0.390625,0.0681236792505471,0,0.458748679250547,0.376491145004342
"690",689,0.483091787439614,0.0892884895176849,1,0.572380276957298,0.466335400365761
"691",690,0.467289719626168,0.207054901060918,1,0.674344620687086,0.549310125620304
"692",691,0.537634408602151,0.0246826358609701,1,0.562317044463121,0.458138750487106
"693",692,0.420168067226891,0.0610606239621677,0,0.481228691189058,0.393957690702249
"694",693,0.50761421319797,0.0177870811062975,0,0.525401294304267,0.429123560934368
"695",694,0.373134328358209,0.061939824609011,0,0.43507415296722,0.358461369008657
"696",695,0.421940928270042,0.108942188228589,1,0.530883116498632,0.432650065613318
"697",696,0.452488687782805,0.0151132217056765,1,0.467601909488482,0.382268357149328
"698",697,0.333333333333333,0.0231839902235843,0,0.356517323556918,0.301756464873207
"699",698,0.409836065573771,0.0421095273110537,0,0.451945592884824,0.371270163243189
"700",699,0.462962962962963,0.0609673445178727,1,0.523930307480836,0.427044176215167
"701",700,0.490196078431373,0.126046259261529,1,0.616242337692901,0.502136480040766
"702",701,0.432900432900433,0.0371873628929568,1,0.47008779579339,0.384215350792672
"703",702,0.469483568075117,0.00268936873812392,0,0.472172936813241,0.386883184723273
"704",703,0.480769230769231,0.174619010866571,1,0.655388241635802,0.533990950204042
"705",704,0.352112676056338,0.0425345246133128,1,0.394647200669651,0.326732290501564
"706",705,0.420168067226891,0.140582713006734,1,0.560750780233625,0.4568642501335
"707",706,0.229357798165138,0.0258535675724118,0,0.255211365737549,0.236904112076005
"708",707,0.452488687782805,0.0863836013365103,0,0.538872289119316,0.440035334365796
"709",708,0.33003300330033,0.0498928040653929,0,0.379925807365723,0.318112325615186
"710",709,0.377358490566038,0.0205020471139664,0,0.397860537680004,0.33096421609589
"711",710,0.260416666666667,0.0884590043294121,0,0.348875670996079,0.296523323196656
"712",711,0.54054054054054,0.196491129865945,0,0.737031670406486,0.603660547077892
"713",712,0.336700336700337,0.114607834702014,1,0.45130817140235,0.369586397755639
"714",713,0.416666666666667,0.206642248723792,1,0.623308915390458,0.507901200116074
"715",714,0.480769230769231,0.0618903582941972,0,0.542659589063428,0.443116493664738
"716",715,0.510204081632653,0.144918473575511,1,0.655122555208164,0.533775620782514
"717",716,0.478468899521531,0.00993082631284004,0,0.488399725834371,0.399594735793179
"718",717,0.54054054054054,0.0289115612467915,0,0.569452101787332,0.46505834342669
"719",718,0.335570469798658,0.261283356746431,0,0.596853826545089,0.487705235059986
"720",719,0.480769230769231,0.0473261294914918,1,0.528095360260723,0.430400717386539
"721",720,0.50251256281407,0.0113606412534902,0,0.513873204067561,0.419849619019106
"722",721,0.469483568075117,0.0802333253432961,1,0.549716893418413,0.447897331522995
"723",722,0.45045045045045,0.0658381672659702,0,0.516288617716421,0.421787543094072
"724",723,0.520833333333333,0.00149921667799435,1,0.522332550011328,0.425757926836033
"725",724,0.480769230769231,0.179375566627269,1,0.660144797396499,0.537843281660981
"726",725,0.440528634361233,0.134171043043132,0,0.574699677404366,0.469381680282212
"727",726,0.515463917525773,0.201356338871916,1,0.71682025639769,0.583218153856149
"728",727,0.518134715025907,0.209000711960104,0,0.727135426986011,0.59561239681467
"729",728,0.458715596330275,0.0302179431275631,0,0.488933539457838,0.400015555985565
"730",729,0.598802395209581,0.0946811781343372,1,0.693483573343918,0.564670597260384
"731",730,0.444444444444444,0.0584702831473036,1,0.502914727591748,0.410192475305339
"732",731,0.568181818181818,0.0167467784086146,0,0.584928596590433,0.477828892078987
"733",732,0.50761421319797,0.0119253520925794,1,0.519539565290549,0.423511349807549
"734",733,0.454545454545455,0.00356686634615189,0,0.458112320891606,0.376001452785095
"735",734,0.657894736842105,0.0122083915481227,1,0.670103128390228,0.54589063884321
"736",735,0.469483568075117,0.056148021871144,1,0.525631589946261,0.428414601334761
"737",736,0.446428571428571,0.0346108494696403,1,0.481039420898212,0.3928286183221
"738",737,0.50251256281407,0.0316707350638945,1,0.534183297877965,0.435315586419189
"739",738,0.602409638554217,0.0665216563231031,0,0.66893129487732,0.547651527507857
"740",739,0.555555555555556,0.115799459282429,1,0.671355014837984,0.546900436714421
"741",740,0.285714285714286,0.0971456936486402,1,0.382859979362926,0.31809599166529
"742",741,0.495049504950495,0.084512905893369,1,0.579562410843864,0.472192278842919
"743",742,0.452488687782805,0.094557145451291,0,0.547045833234096,0.446691773512244
"744",743,0.469483568075117,0.0693680210514395,0,0.538851589126557,0.440018509344759
"745",744,0.50761421319797,0.159285401884303,0,0.666899615082272,0.545964091843965
"746",745,0.390625,0.134202081959721,1,0.524827081959721,0.427766444115538
"747",746,0.546448087431694,0.0764478676297323,0,0.622895955061426,0.509346197078757
"748",747,0.259067357512953,0.0562029823863183,0,0.315270339899272,0.274153957315361
"749",748,0.546448087431694,0.133778123963597,0,0.680226211395291,0.557021288911027
"750",749,0.408163265306122,0.0490149253935957,0,0.457178190699718,0.375283109370699
"751",750,0.476190476190476,0.0171164371787101,1,0.493306913369186,0.402541633147153
"752",751,0.366300366300366,0.0175689660015772,1,0.383869332301943,0.318831417613906
"753",752,0.273972602739726,0.035154677734943,0,0.309127280474669,0.27018094921992
"754",753,0.53475935828877,0.0926553320340452,0,0.627414690322815,0.51310739215185
"755",754,0.277777777777778,0.0954713108380426,1,0.37324908861582,0.311132922266694
"756",755,0.254452926208651,0.206505230552335,1,0.460958156760987,0.377080287250586
"757",756,0.423728813559322,0.0150243712594106,1,0.438753184818733,0.359915093370994
"758",757,0.510204081632653,0.00577922184859125,0,0.515983303481244,0.421542429172759
"759",758,0.325732899022801,0.106573626900615,0,0.432306525923416,0.356379777998557
"760",759,0.518134715025907,0.0841678167696924,0,0.602302531795599,0.492226145642412
"761",760,0.404858299595142,0.0574631410521219,0,0.462321440647264,0.379245461138291
"762",761,0.520833333333333,0.0857067510959719,0,0.606540084429305,0.495745147043813
"763",762,0.314465408805031,0.219034848273322,0,0.533500257078353,0.435674734234883
"764",763,0.423728813559322,0.1805231749065,1,0.604251988465822,0.492348255642054
"765",764,0.485436893203884,0.00180950365059701,1,0.487246396854481,0.397734930597343
"766",765,0.523560209424084,0.0235343271407875,0,0.547094536564871,0.446731512319871
"767",766,0.531914893617021,0.0241450441460471,1,0.556059937763068,0.453049539613167
"768",767,0.478468899521531,0.0327920082013667,0,0.511260907722898,0.41775694042758
"769",768,0.350877192982456,0.0410160746570422,1,0.391893267639498,0.324705222079106
"770",769,0.53475935828877,0.0210176538401581,1,0.555777012128928,0.452819574746497
"771",770,0.558659217877095,0.0191725250230026,1,0.577831742900098,0.470780524955714
"772",771,0.380228136882129,0.00638719317998021,1,0.38661533006211,0.320836115928018
"773",772,0.492610837438424,0.0138600490393344,0,0.506470886477758,0.413928576191465
"774",773,0.404858299595142,0.266827699849992,0,0.671685999445134,0.549938564684095
"775",774,0.54054054054054,0.00843114116803034,1,0.548971681708571,0.447292527302082
"776",775,0.335570469798658,0.0390507110866968,0,0.374621180885355,0.314363655672213
"777",776,0.478468899521531,0.0317515886924162,1,0.510220488213947,0.416033621672062
"778",777,0.429184549356223,0.0313645028481723,1,0.460549052204396,0.376761570321852
"779",778,0.36231884057971,0.0487177072636337,1,0.411036547843344,0.338909152188924
"780",779,0.512820512820513,0.152350539801117,1,0.66517105262163,0.541908193975515
"781",780,0.480769230769231,0.0251286158033054,0,0.505897846572536,0.41347136370326
"782",781,0.427350427350427,0.130453833249369,1,0.557804260599796,0.454467644875987
"783",782,0.442477876106195,0.0764203205771851,0,0.51889819668338,0.423884392401277
"784",783,0.408163265306122,0.0132989892332247,1,0.421462254539347,0.346752112858013
"785",784,0.234741784037559,0.0271094230584922,1,0.261851207096051,0.236269234948416
"786",785,0.429184549356223,0.0931125794827452,1,0.522297128838968,0.425729420306569
"787",786,0.546448087431694,0.0316653430878717,0,0.578113430519566,0.472198028022629
"788",787,0.363636363636364,0.0647598613431349,0,0.428396224979499,0.353448445045456
"789",788,0.490196078431373,0.0177235481827826,1,0.507919626614155,0.41419194068101
"790",789,0.316455696202532,0.0915724062560611,1,0.408028102458593,0.336659732208034
"791",790,0.495049504950495,0.0353899157783012,1,0.530439420728796,0.432291919202206
"792",791,0.338983050847458,0.00053794886191777,0,0.339520999709375,0.290190024307636
"793",792,0.289855072463768,0.0829990136688218,0,0.37285408613259,0.313120320492632
"794",793,0.50251256281407,0.0196789324753528,0,0.522191495289423,0.42653518807097
"795",794,0.348432055749129,0.142099547253941,1,0.49053160300307,0.400338556253244
"796",795,0.436681222707424,0.00374983664395578,0,0.440431059351379,0.362506326399443
"797",796,0.45045045045045,0.0507685066232105,0,0.501218957073661,0.409744607300741
"798",797,0.495049504950495,0.062301427817307,1,0.557350932767802,0.454099047609017
"799",798,0.591715976331361,0.00490257054891552,1,0.596618546880276,0.486114925406663
"800",799,0.404858299595142,0.0513470234265916,0,0.456205323021733,0.374535600174999
"801",800,0.574712643678161,0.0581164688017114,1,0.632829112479872,0.515659824894622
"802",801,0.452488687782805,0.0239607061792023,0,0.476449393962008,0.390217762425309
"803",802,0.558659217877095,0.0386917473862983,0,0.597350965263393,0.488117525786293
"804",803,0.454545454545455,0.0184031965095495,0,0.472948651055004,0.387487206029149
"805",804,0.460829493087558,0.0153017014170122,0,0.47613119450457,0.389969256390255
"806",805,0.460829493087558,0.230433703487656,0,0.691263196575213,0.566154197743466
"807",806,0.471698113207547,0.0129153482869477,0,0.484613461494495,0.396614648823509
"808",807,0.480769230769231,0.00739478307334046,1,0.488164013842571,0.398461703429487
"809",808,0.452488687782805,0.0206487857291138,1,0.473137473511919,0.386608095570134
"810",809,0.476190476190476,0.0618717663946791,1,0.538062242585155,0.438452150563403
"811",810,0.561797752808989,0.0437888808431641,1,0.605586633652153,0.493438040789331
"812",811,0.490196078431373,0.00434635089144447,0,0.494542429322817,0.404446978649426
"813",812,0.518134715025907,0.0607991671622595,1,0.578933882188166,0.471679541949487
"814",813,0.518134715025907,0.0119621235269296,1,0.530096838552836,0.432015427271768
"815",814,0.28735632183908,0.0304528357850994,1,0.31780915762418,0.272460708142427
"816",815,0.529100529100529,0.0105715746328083,0,0.539672103733338,0.440685556259576
"817",816,0.462962962962963,0.13337900538668,1,0.596341968349643,0.48588907846335
"818",817,0.460829493087558,0.0244963791379747,1,0.485325872225532,0.396215020444437
"819",818,0.495049504950495,0.0381105367342186,0,0.533160041684714,0.435398972987275
"820",819,0.529100529100529,0.000672398501802229,1,0.529772927602331,0.431754034107922
"821",820,0.523560209424084,0.0158598483871195,0,0.539420057811203,0.440480624257571
"822",821,0.311526479750779,0.0791721921744873,0,0.390698671925266,0.325799590495322
"823",822,0.471698113207547,0.00765803743179366,1,0.479356150639341,0.391501073422149
"824",823,0.458715596330275,0.00820471932959421,0,0.466920315659869,0.38280314795128
"825",824,0.45662100456621,0.0452617951898475,0,0.501882799756058,0.410272659952326
"826",825,0.558659217877095,0.0325444162768495,1,0.591203634153944,0.481693513522672
"827",826,0.4149377593361,0.0145532699450038,0,0.429491029281103,0.354268007296121
"828",827,0.552486187845304,0.0183396234536323,1,0.570825811298936,0.465068449441798
"829",828,0.460829493087558,0.0190596645741198,0,0.479889157661677,0.392908076823821
"830",829,0.40650406504065,0.00197763585494448,1,0.408481700895595,0.336998486905449
"831",830,0.518134715025907,0.000236786337266315,0,0.518371501363173,0.423460922045521
"832",831,0.442477876106195,0.126903121649476,1,0.569380997755671,0.463891116432407
"833",832,0.574712643678161,0.0056403918581468,1,0.580353035536308,0.472837293837323
"834",833,0.5,0.00131922020137942,0,0.501319220201379,0.409824346444025
"835",834,0.467289719626168,0.0491818978783728,0,0.516471617504541,0.421934481349156
"836",835,0.571428571428571,0.0220486941560301,1,0.593477265584601,0.483549908398991
"837",836,0.512820512820513,0.0308124810436248,0,0.543632993864138,0.443909302815095
"838",837,0.462962962962963,0.0333261268600276,1,0.496289089822991,0.40491246157038
"839",838,0.288184438040346,0.0183256918796988,0,0.306510129920045,0.268499412398957
"840",839,0.588235294117647,0.0336183274257464,1,0.621853621543394,0.506714350138051
"841",840,0.326797385620915,0.0155956956389026,1,0.342393081259818,0.289283177349957
"842",841,0.487804878048781,0.0215614313026969,1,0.509366309351477,0.41534969197342
"843",842,0.434782608695652,0.0353416591173642,1,0.470124267813016,0.38424393930992
"844",843,0.309597523219814,0.123218532842026,0,0.43281605606184,0.356762581812985
"845",844,0.495049504950495,0.0318485943926612,0,0.526898099343156,0.430332161763014
"846",845,0.490196078431373,0.100789626283023,0,0.590985704714395,0.482841909390001
"847",846,0.285714285714286,0.225476859523588,0,0.511191145237874,0.417701100810852
"848",847,0.531914893617021,0.0354615408131373,0,0.567376434430159,0.463350343728656
"849",848,0.444444444444444,0.147140920699337,0,0.591585365143781,0.483338601278171
"850",849,0.526315789473684,0.0177991096147824,0,0.544114899088467,0.44430193341269
"851",850,0.421940928270042,0.0055935678084989,1,0.427534496078541,0.351353175140046
"852",851,0.492610837438424,0.0593253476574396,0,0.551936185095863,0.450686248961752
"853",852,0.4149377593361,0.11714765910525,0,0.53208541844135,0.434528256968834
"854",853,0.467289719626168,0.000154891092354004,0,0.467444610718522,0.383209611035998
"855",854,0.364963503649635,0.0853751846877452,1,0.45033868833738,0.368836359575895
"856",855,0.549450549450549,0.0200042442406745,0,0.569454793691224,0.465060559295166
"857",856,0.5,0.0156976900162766,1,0.515697690016277,0.420425105446464
"858",857,0.332225913621262,0.115032199152245,0,0.447258112773508,0.367691234466257
"859",858,0.531914893617021,0.0149159720275547,0,0.546830865644576,0.446516384071421
"860",859,0.549450549450549,0.0416964121054524,1,0.591146961556002,0.481647242972341
"861",860,0.578034682080925,0.0151846190368069,0,0.593219301117732,0.484692314646591
"862",861,0.448430493273543,0.0415393723072739,0,0.489969865580817,0.400832986704982
"863",862,0.386100386100386,0.0207821663996592,0,0.406882552500045,0.337530318810046
"864",863,0.568181818181818,0.00490097319316229,0,0.573082791374981,0.468048787516309
"865",864,0.50251256281407,0.0789621569715694,1,0.58147471978564,0.473752478432772
"866",865,0.53475935828877,0.117584257330564,1,0.652343615619334,0.53152247903089
"867",866,0.448430493273543,0.0310000102298942,0,0.479430503503437,0.392548938724591
"868",867,0.389105058365759,0.063852210509834,0,0.452957268875593,0.37204457652774
"869",868,0.518134715025907,0.017329656205465,1,0.535464371231372,0.436351060366022
"870",869,0.515463917525773,0.0576816371409771,1,0.57314555466675,0.466959228747325
"871",870,0.458715596330275,0.0431882292245739,0,0.501903825554849,0.410289388712077
"872",871,0.452488687782805,0.0445258950263324,1,0.497014582809138,0.40548977173707
"873",872,0.467289719626168,0.071249654817081,1,0.538539374443249,0.438838222567799
"874",873,0.50251256281407,0.0548131813455477,0,0.557325744159618,0.455098086866613
"875",874,0.54054054054054,0.0680541568018282,1,0.608594697342369,0.495894060281549
"876",875,0.5,0.00124737554343546,0,0.501247375543435,0.409767207932065
"877",876,0.529100529100529,0.0216411753850986,0,0.550741704485628,0.449709804286912
"878",877,0.429184549356223,0.0456052887445578,0,0.474789838100781,0.388922374584808
"879",878,0.471698113207547,0.0145825800111789,0,0.486280693218726,0.3979258640101
"880",879,0.411522633744856,0.170822782514812,1,0.582345416259668,0.474462944217479
"881",880,0.518134715025907,0.0451509123181214,1,0.563285627344028,0.458927088142466
"882",881,0.529100529100529,0.0428290922238747,0,0.571929621324404,0.467098583863718
"883",882,0.523560209424084,0.0387750683570965,0,0.56233527778118,0.459207357932356
"884",883,0.335570469798658,0.0641135533342929,1,0.399684023132951,0.330454087365725
"885",884,0.487804878048781,0.0281293282912741,0,0.515934206340055,0.421503016937056
"886",885,0.520833333333333,0.034285382416727,0,0.55511871575006,0.453290254632428
"887",886,0.487804878048781,0.0152021909686615,0,0.503007069017442,0.411167490273333
"888",887,0.549450549450549,0.0220879889315452,1,0.571538538382095,0.465649316817304
"889",888,0.431034482758621,0.00941938833034184,0,0.440453871088963,0.36252359578719
"890",889,0.401606425702811,0.0623327502269999,1,0.463939175929811,0.379405329720699
"891",890,0.234741784037559,0.00929389109466877,0,0.244035675132227,0.230370769820164
"892",891,0.537634408602151,0.0157965360893827,0,0.553430944691533,0.451908858359047
"893",892,0.444444444444444,0.0681363566207173,0,0.512580801065162,0.418813870495725
"894",893,0.344827586206897,0.108889135516989,1,0.453716721723885,0.371452039013072
"895",894,0.537634408602151,0.0107999411015283,1,0.548434349703679,0.446856504535205
"896",895,0.495049504950495,0.0110574880028375,0,0.506106992953333,0.413638216138272
"897",896,0.29585798816568,0.0247996745820763,1,0.320657662747757,0.274382134609846
"898",897,0.50761421319797,0.109542274540394,0,0.617156487738364,0.50457069588592
"899",898,0.584795321637427,0.00135069972099067,1,0.586146021358418,0.477564712661994
"900",899,0.423728813559322,0.067493504089254,0,0.491222317648576,0.401821709018537
"901",900,0.33003300330033,0.12213630805866,0,0.45216931135899,0.371441353829801
"902",901,0.558659217877095,0.0100655310031189,0,0.568724748880214,0.464459689652447
"903",902,0.595238095238095,0.00599032056744297,0,0.601228415805538,0.491334566043488
"904",903,0.425531914893617,0.0204761567352879,1,0.446008071628905,0.365492497446724
"905",904,0.529100529100529,0.0127239011091479,0,0.541824430209677,0.442436570722099
"906",905,0.5,0.0249468264048547,0,0.524946826404855,0.42875679672166
"907",906,0.469483568075117,0.00347562179618882,1,0.472959189871306,0.386468090999976
"908",907,0.374531835205993,0.0578285783462444,0,0.432360413552237,0.356420254029972
"909",908,0.518134715025907,0.027724243616981,0,0.545858958642888,0.445723629208734
"910",909,0.315457413249211,0.0662438101737324,0,0.381701223422944,0.319372405706456
"911",910,0.444444444444444,0.0527755011824882,1,0.497219945626933,0.405653227130926
"912",911,0.564971751412429,0.0246850157477325,0,0.589656767160162,0.481741412606869
"913",912,0.537634408602151,0.120149977459316,0,0.657784386061466,0.53838728523204
"914",913,0.478468899521531,0.00427216657555596,1,0.482741066097087,0.394171970840779
"915",914,0.520833333333333,0.0352098927320543,1,0.556043226065388,0.453035955788602
"916",915,0.31055900621118,0.0779209590771036,0,0.388479965288284,0.324208319486844
"917",916,0.436681222707424,0.059149345191133,0,0.495830567898557,0.405467184884074
"918",917,0.546448087431694,0.048420536890995,0,0.594868624322689,0.486059270628051
"919",918,0.308641975308642,0.124617670760754,0,0.433259646069396,0.357096001974953
"920",919,0.531914893617021,0.124837668454658,1,0.65675256207168,0.535096438077899
"921",920,0.4,0.17559147381497,0,0.57559147381497,0.470117129212922
"922",921,0.284090909090909,0.0975465449202072,0,0.381637454011116,0.319327099235125
"923",922,0.36101083032491,0.0709583274424392,0,0.431969157767349,0.356126423226431
"924",923,0.395256916996047,0.294887365834101,0,0.690144282830149,0.565229514094242
"925",924,0.452488687782805,0.0511447302492248,1,0.50363341803203,0.410766218483742
"926",925,0.50251256281407,0.039101887420728,1,0.541614450234798,0.441327723696417
"927",926,0.546448087431694,0.121678595535622,1,0.668126682967316,0.544295520795383
"928",927,0.523560209424084,0.130573826672798,1,0.654134036096882,0.53297432637568
"929",928,0.497512437810945,0.184569708119141,1,0.682082145930087,0.555534405239301
"930",929,0.546448087431694,0.0508138405622889,1,0.597261927993983,0.486640297248371
"931",930,0.515463917525773,0.00806682509499701,1,0.52353074262077,0.426722441012747
"932",931,0.515463917525773,0.0534346156266745,0,0.568898533152448,0.464602710730106
"933",932,0.518134715025907,0.0140835234165774,0,0.532218238442484,0.434635848362178
"934",933,0.45662100456621,0.176988411210588,1,0.633609415776798,0.516295261490412
"935",934,0.380228136882129,0.0458044528879252,1,0.426032589770055,0.350212935395421
"936",935,0.568181818181818,0.0701250098251459,0,0.638306828006964,0.522176084215412
"937",936,0.591715976331361,0.0549756738917033,1,0.646691650223064,0.526935053424544
"938",937,0.520833333333333,0.080650045369845,1,0.601483378703178,0.490087492121349
"939",938,0.571428571428571,0.147961707666344,1,0.719390279094915,0.585246745530975
"940",939,0.543478260869565,0.148806037205334,0,0.692284298074899,0.566997793711375
"941",940,0.543478260869565,0.0705446163783708,0,0.614022877247936,0.501964488857746
"942",941,0.467289719626168,0.25455424026478,1,0.721843959890948,0.587180706391722
"943",942,0.311526479750779,0.278016936549864,0,0.589543416300643,0.481647562438349
"944",943,0.543478260869565,0.0248459147227748,1,0.56832417559234,0.463030103212601
"945",944,0.403225806451613,0.0219940586677972,1,0.42521986511941,0.349596522123736
"946",945,0.350877192982456,0.122940233489817,1,0.473817426472274,0.387142197979832
"947",946,0.512820512820513,0.0993795515478889,0,0.612200064368402,0.500448890789468
"948",947,0.552486187845304,0.00878552038879821,1,0.561271708234102,0.457288098408298
"949",948,0.512820512820513,0.0276386956219303,0,0.540459208442443,0.441325691590566
"950",949,0.561797752808989,0.134757269564651,1,0.69655502237364,0.567123986519395
"951",950,0.487804878048781,0.136034496351328,0,0.623839374400109,0.510131371619536
"952",951,0.462962962962963,0.0432537003055474,1,0.50621666326851,0.412830054735974
"953",952,0.4,0.13220175583712,0,0.53220175583712,0.434622496154583
"954",953,0.398406374501992,0.150117941908279,1,0.548524316410271,0.446929504749108
"955",954,0.427350427350427,0.0712492054779343,1,0.498599632828362,0.406751801720111
"956",955,0.549450549450549,0.00174790047759066,1,0.55119844992814,0.449100067877921
"957",956,0.452488687782805,0.0876270491758508,1,0.540115736958656,0.440114126803644
"958",957,0.5,0.0882905868809195,1,0.58829058688092,0.479315299910149
"959",958,0.526315789473684,0.156576172398674,1,0.682891961872358,0.556184764966665
"960",959,0.54054054054054,0.0448422887723412,1,0.585382829312882,0.47694178381254
"961",960,0.367647058823529,0.156797453359128,0,0.524444512182657,0.428351527421334
"962",961,0.490196078431373,0.0702609790818406,1,0.560457057513213,0.456625283741051
"963",962,0.495049504950495,0.0730345125050558,1,0.568084017455551,0.462834460948238
"964",963,0.355871886120996,0.17531044648073,0,0.531182332601726,0.433796906558361
"965",964,0.476190476190476,0.186640277116978,0,0.662830753307454,0.542583084343085
"966",965,0.429184549356223,0.0512359819699291,0,0.480420531326152,0.393324314617194
"967",966,0.510204081632653,0.0391678457043781,0,0.549371927337031,0.448590679674247
"968",967,0.454545454545455,0.0438318735652818,1,0.498377328110736,0.406574740999594
"969",968,0.558659217877095,0.00132767133046641,1,0.559986889207561,0.456242792989465
"970",969,0.480769230769231,0.0490085456994115,0,0.529777776468642,0.432660138955667
"971",970,0.408163265306122,0.0392374325858219,0,0.447400697891944,0.367799873920953
"972",971,0.5,0.0157523339266432,0,0.515752333926643,0.421357030792797
"973",972,0.518134715025907,0.0520652250323641,1,0.570199940058271,0.464558416731608
"974",973,0.531914893617021,0.0978203427015967,1,0.629735236318618,0.513139569461267
"975",974,0.364963503649635,0.0321559885240466,0,0.397119492173682,0.330427852436176
"976",975,0.404858299595142,0.0474745890325769,0,0.452332888627719,0.371566545783163
"977",976,0.465116279069767,0.167518430813323,0,0.63263470988309,0.517453284385457
"978",977,0.613496932515337,0.0767654189417842,0,0.690262351457122,0.565327101006565
"979",978,0.558659217877095,0.110799825710314,1,0.669459043587409,0.545370937906099
"980",979,0.485436893203884,0.0758314107082879,0,0.561268303912171,0.458331467472316
"981",980,0.510204081632653,0.0184505955167332,0,0.528654677149386,0.431751777574126
"982",981,0.529100529100529,0.055461750768085,0,0.584562279868614,0.477525964638325
"983",982,0.359712230215827,0.127927323145108,0,0.487639553360935,0.398995753482266
"984",983,0.420168067226891,0.063949221456941,0,0.484117288683832,0.396224742032154
"985",984,0.429184549356223,0.0233564012403438,0,0.452540950596567,0.37172581009787
"986",985,0.480769230769231,0.0872868225531233,1,0.568056053322354,0.462811680733212
"987",986,0.335570469798658,0.112081118731492,0,0.447651588530149,0.367991068818803
"988",987,0.436681222707424,0.00550861785315665,1,0.44218984056058,0.362553251237192
"989",988,0.363636363636364,0.0244806504154009,0,0.388117014051765,0.323948403451014
"990",989,0.465116279069767,0.0156443159582912,1,0.480760595028059,0.392608626775966
"991",990,0.495049504950495,0.0610834822340397,1,0.556132987184535,0.453108917181813
"992",991,0.485436893203884,0.0374627855068052,0,0.522899678710689,0.427105863201634
"993",992,0.423728813559322,0.100143895033921,1,0.523872708593243,0.426997793850982
"994",993,0.343642611683849,0.150421115480462,1,0.494063727164311,0.403142956180387
"995",994,0.3584229390681,0.0284275962607878,0,0.386850535328888,0.323042327458053
"996",995,0.518134715025907,0.0738710106863132,0,0.59200572571222,0.483686821775487
"997",996,0.393700787401575,0.0902228000679967,0,0.483923587469571,0.396072565397982
"998",997,0.518134715025907,0.0493109140968162,0,0.567445629122723,0.463407262078875
"999",998,0.314465408805031,0.0360718957741507,0,0.350537304579182,0.297656709597693
"1000",999,0.591715976331361,0.043350256780321,1,0.635066233111682,0.517481393400332
"1001",1000,0.526315789473684,0.00506740695672747,0,0.531383196430412,0.433959543163247
"1002",1001,0.485436893203884,0.022897924820755,0,0.508334818024639,0.415416919135436
"1003",1002,0.471698113207547,0.00756794127731858,1,0.479266054484866,0.391430054111859
"1004",1003,0.50251256281407,0.0681120335689387,0,0.570624596383009,0.466023684591594
"1005",1004,0.454545454545455,0.0175740422555581,1,0.472119496801013,0.385808895337158
"1006",1005,0.50251256281407,0.115931871418568,0,0.618444434232639,0.505642117426551
"1007",1006,0.408163265306122,0.0419404957512376,1,0.45010376105736,0.368654688258271
"1008",1007,0.54054054054054,0.062496971182648,1,0.603037511723188,0.491356563102247
"1009",1008,0.431034482758621,0.127073773336616,1,0.558108256095237,0.454714840299091
"1010",1009,0.574712643678161,0.149686482312809,0,0.724399125990969,0.593380301113209
"1011",1010,0.497512437810945,0.0081557861177356,1,0.505668223928681,0.412391683588742
"1012",1011,0.568181818181818,0.0151724357985717,0,0.58335425398039,0.476527189995114
"1013",1012,0.429184549356223,0.0322853491438676,1,0.461469898500091,0.37747908892791
"1014",1013,0.510204081632653,0.0265535711551997,0,0.536757652787853,0.438317436249191
"1015",1014,0.54054054054054,0.0337813423111801,0,0.574321882851721,0.469070181383344
"1016",1015,0.50761421319797,0.0503273272144543,0,0.557941540412424,0.455602786606202
"1017",1016,0.423728813559322,0.0312926762029893,1,0.455021489762311,0.372464040899724
"1018",1017,0.495049504950495,0.0438310458230723,1,0.538880550773567,0.439114319626642
"1019",1018,0.518134715025907,0.0750219639560041,1,0.593156678981911,0.483288144350859
"1020",1019,0.495049504950495,0.0948691248567944,0,0.589918629807289,0.481958234523629
"1021",1020,0.50761421319797,0.00425930697881693,1,0.511873520176786,0.417357904826668
"1022",1021,0.497512437810945,0.00799575474476677,0,0.505508192555712,0.413160566429962
"1023",1022,0.546448087431694,0.0266595554954195,0,0.573107642927113,0.468069268903923
"1024",1023,0.568181818181818,0.0348477466315776,0,0.603029564813396,0.492829721186476
"1025",1024,0.490196078431373,0.00360004370313305,0,0.493796122134506,0.403856323663961
"1026",1025,0.531914893617021,0.147584297244828,0,0.67949919086185,0.556418834012424
"1027",1026,0.510204081632653,0.081761331805581,0,0.591965413438234,0.483653426240324
"1028",1027,0.50761421319797,0.0463407875743271,0,0.553955000772297,0.452337681182871
"1029",1028,0.350877192982456,0.0850881574543979,1,0.435965350436854,0.357780218243873
"1030",1029,0.478468899521531,0.0198096427944657,0,0.498278542315997,0.407408492146879
"1031",1030,0.523560209424084,0.00342476127448266,0,0.526984970698566,0.430402336848185
"1032",1031,0.45662100456621,0.0605481898655149,0,0.517169194431725,0.422494742244448
"1033",1032,0.50251256281407,0.0629360360100266,1,0.565448598824097,0.460688031129777
"1034",1033,0.531914893617021,0.0227471711031426,0,0.554662064720164,0.452916402779797
"1035",1034,0.546448087431694,0.104929401278482,0,0.651377488710176,0.53305704048147
"1036",1035,0.425531914893617,0.0376254721362485,1,0.463157387029865,0.37879512606946
"1037",1036,0.549450549450549,0.194788031763679,0,0.744238581214229,0.609495715055574
"1038",1037,0.523560209424084,0.16701038266862,1,0.690570592092704,0.562340629063737
"1039",1038,0.54054054054054,0.0337156124451996,1,0.57425615298574,0.467864659645238
"1040",1039,0.446428571428571,0.0764443881580116,0,0.522872959586583,0.427084327982543
"1041",1040,0.408163265306122,0.0222097230888118,0,0.430372988394934,0.35492888773385
"1042",1041,0.429184549356223,0.0343654155068128,0,0.463549964863036,0.38019449939492
"1043",1042,0.523560209424084,0.174206971299446,1,0.69776718072353,0.568091261899664
"1044",1043,0.440528634361233,0.0955231730757206,1,0.536051807436954,0.43682601634583
"1045",1044,0.478468899521531,0.0183796443616667,0,0.496848543883198,0.406274068545455
"1046",1045,0.465116279069767,0.071470247054579,1,0.536586526124346,0.437258424238869
"1047",1046,0.446428571428571,0.0234978933791372,1,0.469926464807709,0.384088899745209
"1048",1047,0.54054054054054,0.0641350569149951,1,0.604675597455536,0.492694151469096
"1049",1048,0.458715596330275,0.000176706663230608,0,0.458892302993506,0.376601704137316
"1050",1049,0.505050505050505,0.0248747731072355,0,0.529925278157741,0.432779478635645
"1051",1050,0.43859649122807,0.108357021332724,0,0.546953512560794,0.446616448122763
"1052",1051,0.546448087431694,0.0668472427228618,1,0.613295330154556,0.499731334352563
"1053",1052,0.50761421319797,0.00524124382379276,1,0.512855457021762,0.418145003042805
"1054",1053,0.518134715025907,0.0157024608433345,0,0.533837175869241,0.435947871010519
"1055",1054,0.444444444444444,0.046957709563818,0,0.491402154008262,0.40196375010437
"1056",1055,0.476190476190476,0.0286641458420896,0,0.504854622032566,0.412639439591353
"1057",1056,0.343642611683849,0.0845994238657135,1,0.428242035549562,0.351890834376411
"1058",1057,0.446428571428571,0.0391785729715072,0,0.485607144400079,0.397395947580027
"1059",1058,0.485436893203884,0.0809190127481534,0,0.566355905952037,0.462511035070497
"1060",1059,0.377358490566038,0.0284335339078494,1,0.405792024473887,0.334991892776293
"1061",1060,0.537634408602151,0.0188261340708107,0,0.556460542672961,0.454389186799194
"1062",1061,0.411522633744856,0.0996211972490976,1,0.511143830993954,0.416773216817122
"1063",1062,0.452488687782805,0.014824803983534,1,0.467313491766339,0.382042663671184
"1064",1063,0.492610837438424,0.0404174080786108,1,0.533028245517035,0.434382336322585
"1065",1064,0.561797752808989,0.0826673235692389,0,0.644465076378228,0.527303379500535
"1066",1065,0.4739336492891,0.0804724622387544,1,0.554406111527854,0.451705491132309
"1067",1066,0.408163265306122,0.111417417104872,1,0.519580682410995,0.423544405371273
"1068",1067,0.321543408360129,0.151426316304125,1,0.472969724664254,0.386476363451015
"1069",1068,0.471698113207547,0.0445920697325857,0,0.516290182940133,0.421788799810188
"1070",1069,0.3125,0.142107097843486,0,0.454607097843486,0.373308980885653
"1071",1070,0.492610837438424,0.0133670388109225,1,0.505977876249346,0.412639177195243
"1072",1071,0.537634408602151,0.141000750826088,0,0.678635159428239,0.555702717639601
"1073",1072,0.353356890459364,0.0908181765433597,0,0.444175067002724,0.365345674317745
"1074",1073,0.531914893617021,0.0141865521562337,1,0.546101445773255,0.444964135069002
"1075",1074,0.37037037037037,0.123076378244217,1,0.493446748614587,0.402652720874604
"1076",1075,0.462962962962963,0.0507483409161432,0,0.513711303879106,0.419719825274055
"1077",1076,0.420168067226891,0.0827222705318585,0,0.502890337758749,0.411074550314627
"1078",1077,0.510204081632653,0.0845083871166955,1,0.594712468749349,0.48455849342467
"1079",1078,0.574712643678161,0.0455850372050058,0,0.620297680883167,0.507184026006715
"1080",1079,0.45045045045045,0.0897570615283723,0,0.540207511978823,0.44112096582566
"1081",1080,0.53475935828877,0.0394490099787841,1,0.574208368267554,0.46782569988869
"1082",1081,0.27027027027027,0.130691436427071,0,0.400961706697341,0.333213721279578
"1083",1082,0.518134715025907,0.00516671322347362,1,0.52330142824938,0.426537815428231
"1084",1083,0.485436893203884,0.0747249517258671,0,0.560161844929751,0.457423537428095
"1085",1084,0.448430493273543,0.0342626076990315,0,0.482693100972574,0.395106381185268
"1086",1085,0.531914893617021,0.00916263780912419,1,0.541077531426145,0.440892888884992
"1087",1086,0.53475935828877,0.0245896359885368,1,0.559348994277307,0.45572390906929
"1088",1087,0.289855072463768,0.0383595660801896,0,0.328214638543958,0.282644230185881
"1089",1088,0.446428571428571,0.000928549538118884,1,0.44735712096669,0.366533009115421
"1090",1089,0.427350427350427,0.0787540708016804,1,0.506104498152108,0.412740391484306
"1091",1090,0.465116279069767,0.0880789703526269,0,0.553195249422394,0.451716024994697
"1092",1091,0.471698113207547,0.0368136242832025,0,0.50851173749075,0.41555828071579
"1093",1092,0.518134715025907,0.0644041719435769,1,0.582538886969484,0.474620818446575
"1094",1093,0.427350427350427,0.0352764527522405,1,0.462626880102668,0.378381234450251
"1095",1094,0.510204081632653,0.0830530758141966,0,0.59325715744685,0.484723684402436
"1096",1095,0.478468899521531,0.0421808999821573,1,0.520649799503689,0.424404093544621
"1097",1096,0.22883295194508,0.121686136888974,0,0.350519088834054,0.297644271093303
"1098",1097,0.5,0.0158237169325396,0,0.51582371693254,0.421414326918306
"1099",1098,0.476190476190476,0.0379975824298547,1,0.514188058620331,0.419213709270567
"1100",1099,0.505050505050505,0.08054004633578,0,0.585590551386285,0.478376372451079
"1101",1100,0.515463917525773,0.0657397233451068,1,0.58120364087088,0.473531296059674
"1102",1101,0.549450549450549,0.0108514314327777,0,0.560301980883327,0.457538507917143
"1103",1102,0.346020761245675,0.0711700427694397,0,0.417190804015114,0.345112509731892
"1104",1103,0.490196078431373,0.033908478821378,0,0.524104557252751,0.428077314755231
"1105",1104,0.657894736842105,0.0251932261064723,1,0.683087962948578,0.556342140804484
"1106",1105,0.558659217877095,0.0429802546139516,0,0.601639472491047,0.491675747234661
"1107",1106,0.431034482758621,0.0371674602414967,0,0.468201943000117,0.383797048758914
"1108",1107,0.54054054054054,0.0151044998483985,1,0.555645040388939,0.452712311507652
"1109",1108,0.546448087431694,0.0443241359517261,0,0.59077222338342,0.482665101839013
"1110",1109,0.452488687782805,0.00322362071226068,0,0.455712308495066,0.374157032883891
"1111",1110,0.467289719626168,0.0925507997370579,1,0.559840519363226,0.456123725439098
"1112",1111,0.4,0.0891049488188846,1,0.489104948818885,0.399207321642084
"1113",1112,0.595238095238095,0.0613781026700199,1,0.656616197908115,0.534985962932603
"1114",1113,0.645161290322581,0.0208799356693041,1,0.666041225991885,0.542611289230712
"1115",1114,0.512820512820513,0.0732698837232926,1,0.586090396543805,0.477519309779265
"1116",1115,0.427350427350427,0.072758476721033,0,0.50010890407146,0.408862141715751
"1117",1116,0.444444444444444,0.0294899495386569,1,0.473934393983101,0.387234098373897
"1118",1117,0.413223140495868,0.0333598589790698,0,0.446582999474938,0.367177040830677
"1119",1118,0.552486187845304,0.0313861373644414,0,0.583872325209745,0.476955482790006
"1120",1119,0.490196078431373,0.0444615393664159,1,0.534657617797788,0.435698923739731
"1121",1120,0.392156862745098,0.119783240390158,0,0.511940103135256,0.418300711547243
"1122",1121,0.43859649122807,0.00955857947827859,1,0.448155070706349,0.367148953432662
"1123",1122,0.53475935828877,0.150345831103721,0,0.685105189392491,0.561061691253356
"1124",1123,0.5,0.00962740013810259,0,0.509627400138103,0.416450078411367
"1125",1124,0.403225806451613,0.0002676089977664,0,0.403493415449379,0.335055986341836
"1126",1125,0.436681222707424,0.0591803757955463,0,0.49586159850297,0.405491772426506
"1127",1126,0.33112582781457,0.0910439900093858,0,0.422169817823955,0.348804624460193
"1128",1127,0.421940928270042,0.0955740711731328,1,0.517514999443175,0.421884389425016
"1129",1128,0.390625,0.0223950055213035,1,0.413020005521304,0.340395596608393
"1130",1129,0.336700336700337,0.119998328754549,0,0.456698665454885,0.374914583402305
"1131",1130,0.546448087431694,0.0741969172813863,1,0.62064500471308,0.505728532163785
"1132",1131,0.54054054054054,0.0576791325192434,1,0.598219673059784,0.487422378909175
"1133",1132,0.45662100456621,0.118191135329666,0,0.574812139895876,0.469474414894725
"1134",1133,0.411522633744856,0.0445488935195266,0,0.456071527264382,0.374432847223436
"1135",1134,0.546448087431694,0.0352778292680338,1,0.581725916699728,0.473957443133441
"1136",1135,0.421940928270042,0.0214795055074927,1,0.443420433777535,0.363499621669152
"1137",1136,0.465116279069767,0.0307233897632754,1,0.495839668833043,0.404554941269101
"1138",1137,0.578034682080925,0.0105632728336075,0,0.588597954914532,0.480864856148586
"1139",1138,0.471698113207547,0.00260409808719086,0,0.474302211294738,0.388542074308817
"1140",1139,0.367647058823529,0.054296946264985,0,0.421944005088514,0.348636762384436
"1141",1140,0.50761421319797,0.0228548262269516,0,0.530469039424921,0.433219502155529
"1142",1141,0.529100529100529,0.0647865285791233,1,0.593887057679652,0.483884513743906
"1143",1142,0.321543408360129,0.118897008039005,0,0.440440416399133,0.362513410009472
"1144",1143,0.65359477124183,0.0479746546485849,1,0.701569425890415,0.571121738198498
"1145",1144,0.598802395209581,0.104642864097053,1,0.703445259306634,0.572614747984553
"1146",1145,0.434782608695652,0.0491597128633936,1,0.483942321559046,0.395121081064816
"1147",1146,0.440528634361233,0.192841938176997,1,0.633370572538231,0.516100769162277
"1148",1147,0.602409638554217,0.0294658631777085,0,0.631875501731925,0.516821167015428
"1149",1148,0.531914893617021,0.0148196072521732,1,0.546734500869195,0.445477535258319
"1150",1149,0.446428571428571,0.0839113433450525,1,0.530339914773624,0.432211606427751
"1151",1150,0.574712643678161,0.121794031170087,0,0.696506674848248,0.570483485989457
"1152",1151,0.54054054054054,0.0640152215365374,0,0.604555762077078,0.494096997174253
"1153",1152,0.302114803625378,0.153604613862471,0,0.455719417487849,0.374162490444883
"1154",1153,0.578034682080925,0.132196522716135,1,0.71023120479706,0.578003931990439
"1155",1154,0.546448087431694,0.0247121382020915,1,0.571160225633785,0.465340987550181
"1156",1155,0.427350427350427,0.297046626092833,0,0.72439705344326,0.593378609398177
"1157",1156,0.564971751412429,0.177417243305429,0,0.742388994717858,0.608000355511209
"1158",1157,0.480769230769231,0.100243242773087,0,0.581012473542318,0.474591979858511
"1159",1158,0.460829493087558,0.0901270317128062,1,0.550956524800364,0.448903642545325
"1160",1159,0.490196078431373,0.117698543828147,1,0.607894622259519,0.495322489065895
"1161",1160,0.480769230769231,0.0819522533136298,0,0.56272148408286,0.459524485272147
"1162",1161,0.487804878048781,0.0815884466532912,0,0.569393324702072,0.465009960966076
"1163",1162,0.471698113207547,0.0443546018984209,0,0.516052715105968,0.42159815063273
