Date,Home,Away,home_team_reg_score,away_team_reg_score,Open 1,Open X,Open 2,Close 1,Close X,Close 2,1X2 Book,Open AH,Home Open AH Odds,Away Open AH Odds,Close AH,Home Close AH Odds,Away Close AH Odds,AH Book,Open OU,Over Open OU Odds,Under Open OU Odds,Close OU,Over Close OU Odds,Under Close OU Odds,OU Book,url,H_proj,A_proj,p_1,p_X,p_2,p_Open_home_cover,p_Close_home_cover,p_Open_over,p_Close_over
2021-07-16,Dinamo Zagreb,Slaven Koprivnica,0,2,1.25,5.25,9.5,1.22,5.75,13.0,Bet365,1.5,1.88,1.93,1.75,1.9,1.95,Bet365,2.75,1.8,2.0,3.0,1.88,1.98,Bet365,//www.nowgoal6.com/oddscomp/2028585,2.4737768535018723,0.47804952673823603,0.8100904591721033,0.1357462829462808,0.054163257881615724,0.5892601827627423,0.5359098374368242,0.5132480165432567,0.4441302200013222
2021-07-16,ZNK Osijek,HNK Sibenik,3,0,1.29,5.0,9.5,1.22,5.75,13.0,Bet365,1.5,2.0,1.8,1.5,1.88,1.98,Bet365,2.5,1.88,1.93,2.5,1.9,1.95,Bet365,//www.nowgoal6.com/oddscomp/2028587,1.6716084567047962,0.6776604435841183,0.612983726037793,0.23773033862343515,0.14928593533877135,0.3465682761339976,0.3465682761339976,0.41980616091795486,0.41980616091795486
2021-07-17,NK Lokomotiva Zagreb,Hajduk Split,2,2,3.75,3.6,1.91,4.5,3.75,1.75,Bet365,-0.5,1.88,1.93,-0.75,1.83,2.03,Bet365,2.75,1.93,1.88,2.75,1.98,1.88,Bet365,//www.nowgoal6.com/oddscomp/2028584,1.2270054442080849,1.3674861322419318,0.33636541123074404,0.26185186559008505,0.4017827231791708,0.598217276820829,0.6699250559135949,0.4201493522015309,0.4201493522015309
2021-07-17,Rijeka,HNK Gorica,2,0,1.8,3.6,4.0,1.83,3.75,3.8,Bet365,0.5,1.85,1.95,0.5,1.88,1.98,Bet365,2.75,1.95,1.85,2.75,1.93,1.93,Bet365,//www.nowgoal6.com/oddscomp/2028586,1.867082415920386,0.9153631250401982,0.5967722881683087,0.2215252225517059,0.18170248927998475,0.5967722881683092,0.5967722881683092,0.4701152859076064,0.4701152859076064
2021-07-18,Istra 1961 Pula,Hrvatski dragovoljac,3,1,1.75,3.5,4.33,1.7,3.6,5.0,Bet365,0.75,2.03,1.78,0.75,1.95,1.9,Bet365,2.25,1.8,2.0,2.5,2.05,1.8,Bet365,//www.nowgoal6.com/oddscomp/2028588,1.411011306311467,1.0201729714968124,0.459921272231499,0.2666286466607422,0.27345008110775865,0.38770772054943947,0.38770772054943947,0.5065402290261126,0.4412402078957324
2021-07-23,Hrvatski dragovoljac,Dinamo Zagreb,0,4,11.0,6.5,1.18,15.0,7.5,1.13,Bet365,-2.0,1.85,1.95,-2.25,1.83,2.03,Bet365,3.0,1.8,2.0,3.25,1.93,1.93,Bet365,//www.nowgoal6.com/oddscomp/2028589,0.657418611392341,2.2005582561083594,0.0979464123978587,0.17584121285231918,0.7262123747498219,0.6566712582553197,0.6984269026046241,0.4171026429745053,0.3652817836160443
2021-07-24,Slaven Koprivnica,NK Lokomotiva Zagreb,1,2,2.25,3.1,3.0,2.2,3.1,3.2,Bet365,0.25,1.98,1.83,0.25,1.98,1.88,Bet365,2.25,1.95,1.85,2.5,2.03,1.83,Bet365,//www.nowgoal6.com/oddscomp/2028591,1.3514991899249043,1.1099499066244165,0.4232852776929855,0.2685552558383393,0.30815946646867537,0.48893882304968833,0.48893882304968833,0.5150948240843627,0.44905737855265987
2021-07-24,HNK Gorica,HNK Sibenik,3,1,1.65,3.75,4.5,1.55,3.8,5.5,Bet365,0.75,1.9,1.9,1.0,1.98,1.88,Bet365,2.75,1.93,1.88,2.5,1.85,2.0,Bet365,//www.nowgoal6.com/oddscomp/2028593,1.588512120009576,0.8551550449483828,0.5464281034606623,0.25042775670702716,0.20314413983231053,0.4806362072344711,0.39251941748338187,0.3791950739725837,0.4444011276769329
2021-07-25,Hajduk Split,ZNK Osijek,1,2,2.4,3.1,2.9,2.3,3.1,3.0,Bet365,0.0,1.75,2.05,0.25,2.05,1.8,Bet365,2.75,1.98,1.83,2.25,2.1,1.78,Bet365,//www.nowgoal6.com/oddscomp/2028590,1.4186778992825224,0.9467457004125323,0.4795827526063866,0.26796359867085084,0.25245364872276205,0.6551351158707608,0.553779068659711,0.3579001147107552,0.4876919613182001
2021-07-25,Rijeka,Istra 1961 Pula,2,0,1.44,4.0,7.0,1.62,3.6,5.75,Bet365,1.0,1.78,2.03,0.75,1.85,2.0,Bet365,2.5,1.88,1.93,2.5,1.85,2.0,Bet365,//www.nowgoal6.com/oddscomp/2028592,2.276052267575343,0.622929764946728,0.7472532018085429,0.16592706108344485,0.08681973710801222,0.66921100158592,0.7134507918367375,0.5553344090224386,0.5553344090224386
2021-07-30,NK Lokomotiva Zagreb,Hrvatski dragovoljac,3,2,1.62,4.0,5.0,1.33,5.0,8.5,Bet365,0.75,1.8,2.0,1.5,2.0,1.85,Bet365,2.75,1.83,1.98,3.0,1.95,1.9,Bet365,//www.nowgoal6.com/oddscomp/2028597,2.0792289357935525,0.899047773704899,0.6452307578294321,0.20022760742388587,0.1545416347466817,0.5972035430419225,0.40676185395568876,0.5203938452450162,0.4520494517374299
2021-07-31,Istra 1961 Pula,HNK Gorica,1,2,2.8,3.25,2.5,3.5,3.3,2.05,Bet365,0.0,2.0,1.8,-0.25,2.03,1.83,Bet365,2.5,1.93,1.88,2.5,1.98,1.88,Bet365,//www.nowgoal6.com/oddscomp/2028596,1.020870806180893,1.2899300613550617,0.29511994578743944,0.27818433851141167,0.42669571570114917,0.4088577756526073,0.5043653914353976,0.40977646143523466,0.40977646143523466
2021-08-01,Hajduk Split,HNK Sibenik,1,0,1.3,5.25,10.0,1.3,4.75,13.0,Bet365,1.5,1.95,1.85,1.5,1.93,1.93,Bet365,2.75,1.98,1.83,2.5,1.88,1.98,Bet365,//www.nowgoal6.com/oddscomp/2028643,1.9281635930054315,0.7257004046905577,0.6573113756241263,0.20877923899041959,0.13390938538545447,0.4040245819428521,0.4040245819428521,0.43594247459828384,0.4972716055486831
2021-08-01,ZNK Osijek,Slaven Koprivnica,0,0,1.45,4.2,7.0,1.73,3.4,5.25,Bet365,1.0,1.8,2.0,0.75,2.03,1.83,Bet365,2.5,1.9,1.9,2.25,1.98,1.88,Bet365,//www.nowgoal6.com/oddscomp/2028598,1.7267879074790544,0.6863925650678256,0.6235277751878003,0.2310207542215307,0.1454514705906688,0.4885232177429313,0.5662886030096492,0.43646040657068896,0.5012243654039361
2021-08-01,Dinamo Zagreb,Rijeka,3,3,1.5,4.33,6.5,1.45,4.33,7.5,Bet365,1.0,1.9,1.9,1.25,2.03,1.83,Bet365,2.5,1.98,1.83,2.75,2.0,1.85,Bet365,//www.nowgoal6.com/oddscomp/2028595,1.934244592429664,0.7246585961153325,0.6588203860996927,0.2080524418250573,0.13312717207524957,0.5432346445954448,0.46454478298623886,0.4985215304210596,0.4373046985478119
2021-08-07,Slaven Koprivnica,HNK Sibenik,1,1,1.62,3.5,5.25,1.75,3.3,4.2,Bet365,0.75,1.9,1.9,0.5,1.85,2.0,Bet365,2.25,1.83,1.98,2.25,1.93,1.93,Bet365,//www.nowgoal6.com/oddscomp/2028602,1.3172067480732081,0.91167459100137,0.46036343041556693,0.2800030122663214,0.259633557318112,0.38533302412100157,0.460363430415567,0.447434374176455,0.447434374176455
2021-08-07,HNK Gorica,Hajduk Split,1,3,3.0,3.2,2.25,2.75,3.4,2.38,Bet365,-0.25,1.83,1.98,0.0,2.05,1.8,Bet365,2.5,1.8,2.0,2.75,1.93,1.93,Bet365,//www.nowgoal6.com/oddscomp/2028599,1.2764265642574997,1.2582087503151407,0.371202426701407,0.266253083301583,0.36254448999701006,0.5817792245163375,0.5058998113023451,0.46774557886791585,0.4039621714474397
2021-08-08,Hrvatski dragovoljac,ZNK Osijek,1,2,13.0,6.5,1.2,12.0,6.0,1.22,Bet365,-1.75,1.93,1.88,-1.75,1.88,1.98,Bet365,3.0,1.9,1.9,3.0,1.98,1.88,Bet365,//www.nowgoal6.com/oddscomp/2028603,0.9284592199163413,1.582792358089767,0.22249737879107281,0.2509555922688397,0.5265470289400876,0.7835398698078008,0.7835398698078008,0.3160304170155101,0.3160304170155101
2021-08-13,Dinamo Zagreb,HNK Gorica,1,0,1.33,5.0,7.0,1.4,4.5,5.75,Bet365,1.25,1.78,2.03,1.25,2.03,1.83,Bet365,2.75,1.83,1.98,2.75,1.93,1.93,Bet365,//www.nowgoal6.com/oddscomp/2028606,2.2856544580784144,0.5916922870113781,0.7562210306652085,0.1627445533528236,0.08103441598196771,0.5900694447917186,0.5900694447917186,0.49446119508004216,0.49446119508004216
2021-08-14,NK Lokomotiva Zagreb,Istra 1961 Pula,4,0,2.05,3.5,3.1,1.95,3.6,3.3,Bet365,0.25,1.83,1.98,0.5,2.03,1.83,Bet365,2.75,1.95,1.85,2.25,1.85,2.0,Bet365,//www.nowgoal6.com/oddscomp/2028607,1.803789077681566,0.7807735001256942,0.6164198219669778,0.22480145575922347,0.15877872227379863,0.6944798642008918,0.6164198219669779,0.4173776909785774,0.5486479919539133
2021-08-14,Hajduk Split,Slaven Koprivnica,2,0,1.45,4.33,5.75,1.33,4.75,7.5,Bet365,1.0,1.83,1.98,1.25,1.85,2.0,Bet365,3.0,1.9,1.9,2.75,1.93,1.93,Bet365,//www.nowgoal6.com/oddscomp/2028605,1.932217142666535,0.7344931631261531,0.6559046350637847,0.20871077931234971,0.13538458562386524,0.5395834667852141,0.46156724429738116,0.3613375720541299,0.4393877628946053
2021-08-15,HNK Sibenik,Hrvatski dragovoljac,6,2,1.7,3.6,4.33,1.6,3.75,5.25,Bet365,0.75,2.0,1.8,0.75,1.8,2.05,Bet365,2.5,1.98,1.83,2.5,2.0,1.85,Bet365,//www.nowgoal6.com/oddscomp/2028608,1.7213152738201423,0.8891926677909173,0.570037109449395,0.23612185007046083,0.19384104048014378,0.5088211613367921,0.5088211613367921,0.4866860990539461,0.4866860990539461
2021-08-15,ZNK Osijek,Rijeka,1,0,2.0,3.3,3.5,1.7,3.6,4.5,Bet365,0.25,1.78,2.03,0.75,1.95,1.9,Bet365,2.5,2.0,1.8,2.5,1.98,1.88,Bet365,//www.nowgoal6.com/oddscomp/2028604,1.3682934677453722,1.0348833990660256,0.44500216547593335,0.27017142836134206,0.28482640616272453,0.5145043535202858,0.3718035660883936,0.4339796108654506,0.4339796108654506
2021-08-20,Hrvatski dragovoljac,Hajduk Split,0,1,11.0,7.0,1.17,12.0,6.0,1.2,Bet365,-2.0,1.95,1.85,-1.75,1.93,1.93,Bet365,3.25,1.98,1.83,3.25,1.98,1.88,Bet365,//www.nowgoal6.com/oddscomp/2028609,1.006551411351323,1.8536397222331498,0.20390493896771691,0.22447610884718086,0.5716189521851023,0.808519495259618,0.7312261233618278,0.36589557012660656,0.36589557012660656
2021-08-21,HNK Gorica,Slaven Koprivnica,1,0,1.83,3.3,4.0,1.75,3.4,4.2,Bet365,0.5,1.9,1.9,0.5,1.85,2.0,Bet365,2.25,1.85,1.95,2.5,1.98,1.88,Bet365,//www.nowgoal6.com/oddscomp/2028613,1.604597556569615,0.8653669043783941,0.5478324610019771,0.2486427849693068,0.20352475402871592,0.5478324610019769,0.5478324610019769,0.5173700015614838,0.4511781708238839
2021-08-21,Dinamo Zagreb,NK Lokomotiva Zagreb,1,0,1.25,5.5,9.0,1.36,4.5,6.5,Bet365,1.5,1.88,1.93,1.25,2.05,1.8,Bet365,3.0,1.98,1.83,2.75,1.98,1.88,Bet365,//www.nowgoal6.com/oddscomp/2028611,2.4330574203035753,0.5850949006033901,0.7803863279320252,0.1481260379354777,0.07148763413249704,0.5558271990297243,0.626128651286566,0.463178868766454,0.5299782450642154
2021-08-22,Istra 1961 Pula,ZNK Osijek,2,0,7.0,3.4,1.53,6.5,3.25,1.55,Bet365,-1.0,1.85,1.95,-0.75,2.05,1.8,Bet365,2.5,2.03,1.78,2.25,1.95,1.9,Bet365,//www.nowgoal6.com/oddscomp/2028610,0.7878614921738509,1.3745810688896192,0.21590547798048837,0.27664315750656737,0.5074513645129444,0.6646050625724131,0.5657853701833965,0.3701847314942501,0.42725276437005494
2021-08-22,Rijeka,HNK Sibenik,2,1,1.36,4.33,8.0,1.5,3.8,6.5,Bet365,1.25,1.88,1.93,1.0,1.93,1.93,Bet365,2.75,2.0,1.8,2.5,1.85,2.0,Bet365,//www.nowgoal6.com/oddscomp/2028612,1.999265639212198,0.750513916586994,0.6655544017160067,0.20211994802096836,0.13232565026302479,0.4760473760812937,0.5548414043876576,0.4614260888952778,0.5205640910536221
2021-08-27,Slaven Koprivnica,Hrvatski dragovoljac,0,1,1.4,4.33,6.0,1.44,3.8,5.25,Bet365,1.25,2.03,1.78,1.0,1.8,2.05,Bet365,2.75,1.98,1.83,2.75,2.0,1.85,Bet365,//www.nowgoal6.com/oddscomp/2028618,1.7774016149302552,0.8945199380316701,0.5817433511417558,0.23029458423280186,0.18796206462544246,0.3810722236174553,0.4438770052460418,0.44085788916040936,0.44085788916040936
2021-08-28,NK Lokomotiva Zagreb,HNK Gorica,0,1,2.5,2.8,2.9,2.38,2.7,3.3,Bet365,0.0,1.83,1.98,0.0,1.85,2.0,Bet365,2.5,1.85,1.95,2.5,1.9,1.95,Bet365,//www.nowgoal6.com/oddscomp/2028616,1.4862687260145955,1.1291285125153605,0.4543384557373191,0.256540986391128,0.2891205578715529,0.6111143283230712,0.6111143283230712,0.48799667672065117,0.48799667672065117
2021-08-28,HNK Sibenik,Istra 1961 Pula,3,1,2.05,3.4,3.2,2.25,3.4,2.88,Bet365,0.25,1.85,1.95,0.25,2.1,1.78,Bet365,2.75,2.0,1.8,2.5,2.0,1.85,Bet365,//www.nowgoal6.com/oddscomp/2028617,1.523744326943844,0.7690467395355889,0.5522162390569814,0.2579172874895234,0.18986647345349547,0.6339724688056799,0.6339724688056799,0.3381155232837385,0.40497766439187954
2021-08-29,ZNK Osijek,Dinamo Zagreb,0,2,3.1,3.1,2.15,2.6,3.1,2.6,Bet365,-0.25,1.88,1.93,0.0,1.9,1.95,Bet365,2.25,1.95,1.85,2.25,2.03,1.83,Bet365,//www.nowgoal6.com/oddscomp/2028614,0.8707426067430297,1.228752862356629,0.263114956659846,0.2918362061578729,0.44504883718228067,0.47891550121051885,0.3715453387306372,0.4080459503635032,0.4080459503635032
2021-08-29,Hajduk Split,Rijeka,1,2,1.91,3.3,3.75,1.65,3.5,5.0,Bet365,0.5,1.98,1.83,0.75,1.85,1.95,Bet365,2.5,1.83,1.98,2.75,1.95,1.85,Bet365,//www.nowgoal6.com/oddscomp/2028615,1.552819866718879,1.1040319292281093,0.4770090607342527,0.2515104086688918,0.2714805305968554,0.4770090607342526,0.40858438586998774,0.49823696365528547,0.4368950138224808
2021-09-10,HNK Gorica,Hrvatski dragovoljac,1,1,1.36,4.75,6.5,1.29,5.5,10.0,Bet365,1.25,1.73,2.08,1.5,1.9,1.95,Bet365,2.75,1.9,1.9,3.0,2.03,1.83,Bet365,//www.nowgoal6.com/oddscomp/2028622,2.149395347871331,0.8286666081731104,0.6757031990325315,0.19048390034916649,0.13381290061830173,0.4966723883783352,0.43752383045022775,0.5202697114752989,0.45193563339866255
2021-09-11,Dinamo Zagreb,HNK Sibenik,2,0,1.2,6.5,10.0,1.22,5.75,10.0,Bet365,1.75,1.95,1.85,1.5,1.83,2.03,Bet365,3.0,1.93,1.88,3.0,1.98,1.88,Bet365,//www.nowgoal6.com/oddscomp/2028621,2.392853427384814,0.4865051532814872,0.7970110320366004,0.14400852423442762,0.0589804437289713,0.5132500874424482,0.569241201942718,0.42325466040139575,0.42325466040139575
2021-09-11,Rijeka,Slaven Koprivnica,2,1,6.5,4.75,1.33,1.57,4.2,5.5,Bet365,-1.25,2.05,1.75,1.0,1.98,1.83,Bet365,3.25,1.95,1.85,2.5,1.9,1.9,Bet365,//www.nowgoal6.com/oddscomp/2028623,2.0070835509987854,0.7336223718011757,0.6713396925043924,0.20048572077537347,0.1281745867202338,0.9624823571076265,0.5623157236108088,0.3357876937671211,0.5183715750205405
2021-09-12,NK Lokomotiva Zagreb,ZNK Osijek,1,1,3.6,3.4,1.95,3.3,3.3,2.1,Bet365,-0.25,2.05,1.75,-0.25,1.85,2.0,Bet365,2.5,2.0,1.8,2.0,1.85,2.0,Bet365,//www.nowgoal6.com/oddscomp/2028620,1.1602034419609841,1.182826194945533,0.35499804678651714,0.2790329515345322,0.3659690016789507,0.5746937723121728,0.5746937723121728,0.41826860935813126,0.566501779230547
2021-09-12,Istra 1961 Pula,Hajduk Split,1,3,4.5,3.6,1.7,5.25,3.75,1.62,Bet365,-0.5,2.08,1.73,-0.75,1.95,1.9,Bet365,2.5,1.78,2.03,2.5,1.98,1.88,Bet365,//www.nowgoal6.com/oddscomp/2028619,0.8611926938151514,1.5621289198098633,0.20837997852865403,0.2534203986823977,0.5381996227889486,0.4618003772110512,0.5286640665613634,0.43913797352294826,0.43913797352294826
2021-09-17,Hrvatski dragovoljac,Rijeka,2,2,7.5,4.33,1.33,15.0,5.25,1.22,Bet365,-1.5,1.93,1.88,-1.75,1.93,1.88,Bet365,3.25,2.03,1.78,3.25,2.03,1.78,Bet365,//www.nowgoal6.com/oddscomp/2028625,1.0245285146182532,1.8963397057405358,0.2024112257403828,0.22078640668072444,0.576802367578893,0.6603643903200376,0.7239771972321188,0.38120087763849364,0.38120087763849364
2021-09-18,Slaven Koprivnica,Istra 1961 Pula,1,1,2.0,3.5,3.6,2.45,3.4,3.0,Bet365,0.5,2.0,1.8,0.25,2.05,1.8,Bet365,2.5,1.98,1.83,2.25,2.1,1.78,Bet365,//www.nowgoal6.com/oddscomp/2028628,1.5069064751494192,0.7709026631376922,0.547382128315489,0.26002673717320723,0.19259113451130358,0.5473821283154894,0.629184528302696,0.4010153138121711,0.46196321014834213
2021-09-18,HNK Sibenik,NK Lokomotiva Zagreb,2,1,2.8,3.4,2.45,3.1,3.4,2.25,Bet365,0.0,2.0,1.8,-0.25,1.88,1.98,Bet365,2.5,1.93,1.88,2.5,2.0,1.85,Bet365,//www.nowgoal6.com/oddscomp/2028627,1.3366119554065878,1.1100470185719904,0.4192521906936139,0.2698028264168382,0.3109449828895478,0.574162987561695,0.6405669970601165,0.44524623128888746,0.44524623128888746
2021-09-19,ZNK Osijek,HNK Gorica,3,2,1.75,3.6,4.33,1.67,3.75,4.75,Bet365,0.75,2.03,1.78,0.75,1.93,1.93,Bet365,2.25,1.8,2.0,2.25,1.9,1.95,Bet365,//www.nowgoal6.com/oddscomp/2028626,1.5411492022572393,0.8200415206986756,0.5434354579215757,0.25586600134285153,0.20069854073557286,0.4762235482830632,0.4762235482830632,0.48640381897016643,0.48640381897016643
2021-09-25,Slaven Koprivnica,Dinamo Zagreb,1,4,7.0,4.0,1.44,7.5,4.2,1.4,Bet365,-1.25,1.75,2.05,-1.0,2.1,1.78,Bet365,2.5,1.9,1.9,2.5,2.03,1.83,Bet365,//www.nowgoal6.com/oddscomp/2028629,0.6620974185521751,1.6809380397724214,0.14460308210186826,0.23608152448767078,0.6193153934104609,0.5937381641507596,0.519608986529915,0.41812656470800674,0.41812656470800674
2021-09-25,HNK Sibenik,ZNK Osijek,0,2,5.0,4.0,1.55,5.0,3.8,1.57,Bet365,-1.0,1.8,2.0,-0.75,2.0,1.85,Bet365,2.75,1.88,1.93,2.5,2.03,1.83,Bet365,//www.nowgoal6.com/oddscomp/2028630,0.9889389665231527,1.1782819841457495,0.3069554526708208,0.29077226550393065,0.4022722818252483,0.7753270603160956,0.6750414941365241,0.3040862082465143,0.37154025390550494
2021-09-26,HNK Gorica,Rijeka,3,4,3.2,3.5,2.0,2.88,3.5,2.2,Bet365,-0.25,2.0,1.8,-0.25,1.83,2.03,Bet365,2.75,1.93,1.88,2.75,1.88,1.98,Bet365,//www.nowgoal6.com/oddscomp/2028633,1.2907142990721159,1.3181025251521494,0.36280066818648615,0.2617308739415786,0.3754684578719351,0.567997323034413,0.567997323034413,0.4240048039146387,0.4240048039146387
2021-09-26,Hajduk Split,NK Lokomotiva Zagreb,1,0,1.53,4.0,5.0,1.5,4.0,6.0,Bet365,1.0,2.0,1.8,1.0,1.93,1.93,Bet365,2.75,1.93,1.88,2.5,1.9,1.95,Bet365,//www.nowgoal6.com/oddscomp/2028631,1.940929696424378,0.8765745832679687,0.6222698576935175,0.21305024894940094,0.16467989335708128,0.49991382313414257,0.49991382313414257,0.4792462457055779,0.5367340238132597
2021-09-27,Hrvatski dragovoljac,Istra 1961 Pula,0,1,3.5,3.75,1.95,3.5,3.75,1.95,Bet365,-0.5,1.83,1.98,-0.5,1.85,2.0,Bet365,2.5,1.83,1.98,2.5,2.03,1.83,Bet365,//www.nowgoal6.com/oddscomp/2028632,1.484823212004263,1.034007360038514,0.4760505462284103,0.25922733226545025,0.26472212150613944,0.7352778784938602,0.7352778784938602,0.4637057442639618,0.4637057442639618
2021-10-01,HNK Sibenik,HNK Gorica,1,2,2.63,3.0,2.5,3.0,3.0,2.25,Bet365,0.0,1.93,1.88,-0.25,1.83,2.03,Bet365,2.5,1.93,1.88,2.5,1.85,2.0,Bet365,//www.nowgoal6.com/oddscomp/2028636,1.255147810302431,1.130337391236582,0.3925123309254248,0.27541139321205904,0.3320762758625162,0.5417037022779161,0.6148921840774413,0.4293652632505033,0.4293652632505033
2021-10-02,NK Lokomotiva Zagreb,Slaven Koprivnica,3,0,1.91,3.5,3.5,1.95,3.5,3.4,Bet365,0.5,1.95,1.85,0.5,2.0,1.85,Bet365,2.5,1.8,2.0,2.25,1.83,2.03,Bet365,//www.nowgoal6.com/oddscomp/2028638,1.5905073056278274,0.9074543698928746,0.5337533921544925,0.25020149169729133,0.2160451161482165,0.5337533921544922,0.5337533921544922,0.4583484947544685,0.5251751260005126
2021-10-02,Istra 1961 Pula,Rijeka,3,6,4.2,3.8,1.67,3.4,3.8,1.85,Bet365,-0.75,1.88,1.93,-0.5,1.9,1.95,Bet365,3.0,1.93,1.88,2.75,2.03,1.83,Bet365,//www.nowgoal6.com/oddscomp/2028635,0.8951557102200877,1.650895177725649,0.20464260268025022,0.2437085408163008,0.551648856503449,0.5123004119755425,0.4483511434965509,0.32609925893977637,0.4069795273324823
2021-10-03,Dinamo Zagreb,Hrvatski dragovoljac,8,0,1.1,7.5,19.0,1.13,7.5,15.0,Bet365,2.25,1.88,1.93,2.5,1.85,2.0,Bet365,3.25,1.9,1.9,3.5,2.0,1.85,Bet365,//www.nowgoal6.com/oddscomp/2028637,3.2316884553050027,0.45931835673426225,0.8922097715403103,0.07961440659222892,0.028175821867460846,0.5903277186653542,0.5297458530944226,0.5640163878271187,0.5059513658451144
2021-10-03,ZNK Osijek,Hajduk Split,1,1,2.1,3.0,3.25,2.38,3.0,2.8,Bet365,0.25,1.93,1.88,0.25,2.05,1.8,Bet365,2.5,2.03,1.78,2.25,1.88,1.98,Bet365,//www.nowgoal6.com/oddscomp/2028634,1.32106433693252,0.9930558017890594,0.44189901363559936,0.2764007001057184,0.28170028625868193,0.5127630461009172,0.5127630461009172,0.41064905139286506,0.4727517194407369
2021-10-15,Hrvatski dragovoljac,NK Lokomotiva Zagreb,2,2,4.33,3.6,1.7,7.5,4.33,1.33,Bet365,-0.75,1.85,1.95,-1.25,1.95,1.9,Bet365,2.75,2.0,1.8,2.75,2.0,1.85,Bet365,//www.nowgoal6.com/oddscomp/2028641,1.2516561225185607,1.5228090544645665,0.31389379363549785,0.24986625654492686,0.43623994981957526,0.6326371865907856,0.7548117471832173,0.4681196156259652,0.4681196156259652
2021-10-16,Rijeka,Dinamo Zagreb,3,3,3.1,3.5,2.05,3.8,3.6,1.8,Bet365,-0.25,1.98,1.83,-0.5,2.0,1.85,Bet365,2.75,1.83,1.98,2.75,1.95,1.9,Bet365,//www.nowgoal6.com/oddscomp/2028639,1.0669660055003443,1.4398629278545385,0.28096376419233937,0.2624937623778912,0.4565424734297691,0.47448537041849426,0.5434575265702307,0.39635793116161083,0.39635793116161083
2021-10-16,HNK Gorica,Istra 1961 Pula,1,1,1.65,4.0,4.33,1.57,3.8,6.5,Bet365,0.75,1.88,1.93,1.0,2.03,1.83,Bet365,3.0,1.6,2.3,2.75,2.0,1.85,Bet365,//www.nowgoal6.com/oddscomp/2028642,1.8985776653267796,0.7328250203747678,0.6492914226115446,0.21240242256314104,0.1383061548253144,0.5982158791477212,0.5297276285070174,0.3510040935648643,0.42993425995248186
2021-10-17,HNK Sibenik,Hajduk Split,2,0,4.33,3.6,1.8,4.5,3.75,1.75,Bet365,-0.5,1.98,1.83,-0.5,1.98,1.88,Bet365,2.5,1.85,1.95,2.5,2.0,1.85,Bet365,//www.nowgoal6.com/oddscomp/2028594,1.0365121859828026,1.3485455106647333,0.2888290401893501,0.27196833897195094,0.4392026208386988,0.560797379161301,0.560797379161301,0.4292450179816544,0.4292450179816544
2021-10-17,Slaven Koprivnica,ZNK Osijek,0,2,5.0,3.4,1.67,4.0,3.2,1.85,Bet365,-0.75,1.93,1.88,-0.5,2.03,1.83,Bet365,2.25,1.8,2.0,2.25,1.95,1.9,Bet365,//www.nowgoal6.com/oddscomp/2028640,0.9401727208123801,1.203042700419574,0.28804300854639275,0.2911265088049792,0.42083048264862805,0.6566682504585848,0.5791695173513715,0.4214690738311759,0.4214690738311759
2021-10-20,Rijeka,NK Lokomotiva Zagreb,1,2,1.67,3.75,5.0,1.83,3.75,4.0,Bet365,0.75,1.88,1.93,0.5,1.93,1.93,Bet365,3.0,1.98,1.83,3.0,1.98,1.88,Bet365,//www.nowgoal6.com/oddscomp/2028601,2.090044265963365,0.9261639445593953,0.6409169711107495,0.20020595798454208,0.1588770709047083,0.5926774183379964,0.6409169711107496,0.46288728826169323,0.46288728826169323
2021-10-22,HNK Sibenik,Slaven Koprivnica,1,1,1.83,3.6,4.2,1.95,3.5,4.0,Bet365,0.5,1.85,1.95,0.5,1.98,1.88,Bet365,2.5,1.85,1.95,2.25,1.8,2.05,Bet365,//www.nowgoal6.com/oddscomp/2028645,1.365927515818521,0.8879490199891942,0.47972893895045554,0.27531096532601557,0.244960095723529,0.47972893895045593,0.47972893895045593,0.39468055055205964,0.45489260645600227
2021-10-23,Hajduk Split,HNK Gorica,0,0,1.67,3.75,4.0,1.55,4.0,5.0,Bet365,0.75,1.88,1.93,0.75,1.78,2.03,Bet365,2.75,1.98,1.83,2.5,1.83,1.98,Bet365,//www.nowgoal6.com/oddscomp/2028646,1.7932696039834444,0.8844786655703907,0.5878667303948678,0.2284584107517888,0.1836748588533433,0.5294525928175148,0.5294525928175148,0.4423975148719711,0.5032445145451155
2021-10-23,ZNK Osijek,Hrvatski dragovoljac,1,0,1.17,6.5,10.0,1.13,8.0,13.0,Bet365,2.25,1.95,1.85,2.5,1.95,1.9,Bet365,3.0,1.78,2.03,3.5,1.98,1.88,Bet365,//www.nowgoal6.com/oddscomp/2028648,2.3113688093817024,0.6499979826955982,0.7466575163704181,0.1643338538514762,0.08900862977810556,0.3306859233212392,0.2944481086604236,0.4470007882987576,0.3479958511833245
2021-10-24,NK Lokomotiva Zagreb,Rijeka,0,2,2.55,3.25,2.4,2.63,3.3,2.55,Bet365,0.0,2.03,1.78,0.0,2.0,1.85,Bet365,2.75,1.85,1.95,2.5,1.85,2.0,Bet365,//www.nowgoal6.com/oddscomp/2028644,1.3356267053113056,1.452659095827612,0.34799525016517424,0.2512351266921628,0.4007696231426631,0.4647590486287462,0.4647590486287462,0.4717625212643244,0.5300451055453227
2021-10-24,Dinamo Zagreb,Istra 1961 Pula,1,1,1.17,6.5,10.0,1.18,6.0,15.0,Bet365,1.75,1.88,1.93,2.25,1.95,1.9,Bet365,2.75,1.78,2.03,3.25,2.0,1.85,Bet365,//www.nowgoal6.com/oddscomp/2028647,2.927397392545431,0.40349639528867537,0.8759020259705153,0.09358068475955808,0.030517289269926712,0.6588185320221963,0.5350904524958274,0.6035107239989751,0.48181997529198367
2021-10-30,Hrvatski dragovoljac,HNK Sibenik,1,1,3.8,3.25,1.91,4.5,3.5,1.7,Bet365,-0.5,2.0,1.8,-0.75,1.83,1.98,Bet365,2.5,1.8,2.0,2.75,1.98,1.83,Bet365,//www.nowgoal6.com/oddscomp/2028652,1.2538260515417365,1.278279370217759,0.3610621017133665,0.2664062711972719,0.37253162708936166,0.6274683729106382,0.699832721915329,0.46709488296404056,0.40326371664797467
2021-10-30,HNK Gorica,Dinamo Zagreb,0,2,5.0,3.75,1.6,5.25,3.8,1.55,Bet365,-0.75,2.0,1.8,-0.75,2.03,1.83,Bet365,2.5,1.85,1.95,2.75,2.03,1.83,Bet365,//www.nowgoal6.com/oddscomp/2028650,0.8301382206583032,1.6250011448086077,0.19206193697936477,0.2461536269278421,0.5617844360927934,0.5023183994894054,0.5023183994894054,0.4473210125036927,0.38227528800030663
2021-10-31,Slaven Koprivnica,Hajduk Split,3,2,5.5,3.6,1.57,5.75,3.75,1.6,Bet365,-0.75,2.0,1.8,-0.75,1.98,1.88,Bet365,2.5,1.9,1.9,2.25,1.9,1.95,Bet365,//www.nowgoal6.com/oddscomp/2028649,0.9966177069238743,1.3561494034954322,0.2765761152308549,0.272793562618879,0.450630322150266,0.6230626254988362,0.6230626254988362,0.4207950104201585,0.4840226363502763
2021-11-01,Istra 1961 Pula,NK Lokomotiva Zagreb,2,1,2.4,3.3,2.7,3.1,3.4,2.1,Bet365,-0.25,1.9,1.9,-0.25,1.9,1.95,Bet365,2.5,1.9,1.9,2.25,1.83,2.03,Bet365,//www.nowgoal6.com/oddscomp/2028651,1.0998086958561457,1.2912113015284057,0.316750673466013,0.2741356394209057,0.4091136871130814,0.5259028502381178,0.5259028502381178,0.43080872029247524,0.4950916427689743
2021-11-05,Slaven Koprivnica,HNK Gorica,1,2,3.4,3.3,2.0,2.8,3.25,2.55,Bet365,-0.25,2.0,1.8,0.0,1.95,1.9,Bet365,2.5,1.83,1.98,2.25,1.83,2.03,Bet365,//www.nowgoal6.com/oddscomp/2028656,1.205011795267827,1.1465344583319457,0.37512185761435674,0.2783026554024883,0.3465754869831549,0.59740254224046,0.5197772451602419,0.42049850370090536,0.48370076903631015
2021-11-06,Hajduk Split,Hrvatski dragovoljac,2,0,1.14,7.0,17.0,1.14,7.0,17.0,Bet365,1.75,1.68,2.15,2.25,1.88,1.98,Bet365,3.0,1.83,1.98,3.25,2.0,1.85,Bet365,//www.nowgoal6.com/oddscomp/2028658,2.5761726583719184,0.6983571124501742,0.7760625423136182,0.14384431938891348,0.08009313829746827,0.508682353308521,0.38694999447628925,0.5341576025115427,0.46861501727233745
2021-11-06,ZNK Osijek,Istra 1961 Pula,3,0,1.33,4.75,8.0,1.5,4.2,6.0,Bet365,1.25,1.83,1.98,1.0,1.98,1.88,Bet365,2.75,1.9,1.9,2.25,1.83,2.03,Bet365,//www.nowgoal6.com/oddscomp/2028657,1.9291084047785263,0.5715671649000319,0.697298545295172,0.2006915776850298,0.10200987701979827,0.501904939463134,0.5904702070230485,0.3945997848380569,0.5255983766001285
2021-11-07,NK Lokomotiva Zagreb,Dinamo Zagreb,1,0,5.5,4.0,1.5,4.75,3.8,1.6,Bet365,-1.0,1.85,1.95,-0.75,1.95,1.9,Bet365,2.75,2.0,1.8,2.5,1.98,1.88,Bet365,//www.nowgoal6.com/oddscomp/2028654,0.8163029137749499,1.737903014027671,0.1745829514699263,0.23313000389795266,0.5922870446321206,0.5467964130952151,0.46712162066374807,0.4091451065519722,0.4725264842203163
2021-11-07,HNK Sibenik,Rijeka,0,1,3.75,3.5,1.83,4.2,3.5,1.73,Bet365,-0.5,1.9,1.9,-0.75,1.83,2.03,Bet365,2.75,1.8,2.0,3.0,1.93,1.93,Bet365,//www.nowgoal6.com/oddscomp/2028655,1.1031794694186932,1.466135888341648,0.2859413162507118,0.25904406022203813,0.4550146235272503,0.54498537647275,0.6156315389569679,0.41332356167794404,0.332865000480411
2021-11-19,Hrvatski dragovoljac,Slaven Koprivnica,1,2,4.75,3.5,1.75,4.0,3.25,1.95,Bet365,-0.75,1.8,2.0,-0.5,1.8,2.05,Bet365,2.5,1.88,1.93,2.25,1.8,2.05,Bet365,//www.nowgoal6.com/oddscomp/2028663,1.2912908499826325,1.2350944139871995,0.37996086924844164,0.26666290144652016,0.35337622930503804,0.7186389478085063,0.6466237706949622,0.46564248320792595,0.533110875041427
2021-11-20,Dinamo Zagreb,ZNK Osijek,1,1,1.7,3.6,5.0,1.73,3.6,5.0,Bet365,0.75,2.0,1.8,0.75,1.95,1.9,Bet365,2.5,1.98,1.83,2.25,1.9,1.95,Bet365,//www.nowgoal6.com/oddscomp/2028660,1.7815977923394364,0.6118751601998415,0.6557122851618563,0.22121925130813344,0.12306846353001054,0.6027281499136738,0.6027281499136738,0.4312898731007338,0.49551794717202247
2021-11-20,Istra 1961 Pula,HNK Sibenik,3,4,2.5,3.3,2.75,2.38,3.3,2.9,Bet365,0.0,1.85,1.95,0.25,2.03,1.83,Bet365,2.5,1.95,1.85,2.25,1.85,2.0,Bet365,//www.nowgoal6.com/oddscomp/2028662,1.1027987255550542,1.081055797218117,0.3599383059457073,0.2911168106338267,0.3489448834204661,0.5077540437480758,0.4212555991954116,0.3760002345424763,0.43386031622931004
2021-11-21,HNK Gorica,NK Lokomotiva Zagreb,2,2,2.2,3.6,3.0,2.6,3.6,2.45,Bet365,0.25,1.98,1.83,0.0,2.0,1.85,Bet365,2.75,1.9,1.9,2.5,2.03,1.83,Bet365,//www.nowgoal6.com/oddscomp/2028661,1.5789451122195335,1.0404639433696314,0.49847063159734556,0.2502745623644066,0.2512548060382479,0.5697701146425914,0.6648709068340678,0.4268277878359187,0.4889587459062849
2021-11-21,Rijeka,Hajduk Split,2,3,3.0,3.6,2.2,2.8,3.6,2.3,Bet365,-0.25,1.83,1.98,0.0,2.1,1.78,Bet365,2.75,1.93,1.88,2.5,1.83,2.03,Bet365,//www.nowgoal6.com/oddscomp/2028659,1.6414756526953431,1.0990539141904043,0.5001046849117972,0.2438752698431277,0.25602004524507516,0.7084261261758948,0.6614050102660191,0.4591457905679445,0.5185761349302674
2021-11-26,ZNK Osijek,NK Lokomotiva Zagreb,3,1,1.67,3.75,5.0,1.57,3.8,6.5,Bet365,0.75,1.9,1.9,0.75,1.78,2.1,Bet365,2.5,1.88,1.93,2.25,1.93,1.93,Bet365,//www.nowgoal6.com/oddscomp/2028667,1.6573645186772292,0.8072635781022238,0.5755722399569896,0.24215860320101984,0.1822691568419906,0.5131038336038665,0.5131038336038665,0.4497743612062723,0.515828618177686
2021-11-26,Hajduk Split,Istra 1961 Pula,4,0,1.36,5.0,8.0,1.29,5.5,11.0,Bet365,1.25,1.85,1.95,1.5,1.95,1.9,Bet365,2.75,1.85,1.95,2.75,1.88,1.98,Bet365,//www.nowgoal6.com/oddscomp/2028668,2.245945021510071,0.6209633003073501,0.7427408816174209,0.16880344464706293,0.08845567373551562,0.5728304939994444,0.5046326724613456,0.4917998716202331,0.4917998716202331
2021-11-27,Hrvatski dragovoljac,HNK Gorica,0,1,6.5,4.0,1.5,5.5,4.0,1.53,Bet365,-1.0,1.95,1.85,-1.0,1.88,1.98,Bet365,2.75,1.8,2.0,2.75,1.98,1.88,Bet365,//www.nowgoal6.com/oddscomp/2028666,1.1702726342216492,1.5362482964150663,0.2910580906866749,0.2513136180744291,0.45762829123889615,0.7000760110225811,0.7000760110225811,0.45012084177282424,0.45012084177282424
2021-11-27,Slaven Koprivnica,Rijeka,1,2,4.2,3.5,1.85,4.75,3.4,1.8,Bet365,-0.5,1.93,1.88,-0.5,2.03,1.83,Bet365,2.75,1.95,1.85,2.75,1.98,1.88,Bet365,//www.nowgoal6.com/oddscomp/2028665,1.0781560411450466,1.5103061868216594,0.2719780153575905,0.25584512075045285,0.4721768638919566,0.5278231361080433,0.5278231361080433,0.4184894979466943,0.4184894979466943
2021-11-28,HNK Sibenik,Dinamo Zagreb,1,2,9.5,4.75,1.33,8.5,4.5,1.4,Bet365,-1.5,1.8,2.0,-1.25,1.9,1.95,Bet365,2.75,1.93,1.88,2.75,2.0,1.85,Bet365,//www.nowgoal6.com/oddscomp/2028664,0.6939824834426557,1.71522866876492,0.148474279107698,0.23270777316329805,0.6188179477290036,0.6450430559525638,0.591096168221393,0.3697469565348512,0.3697469565348512
2021-12-04,HNK Gorica,ZNK Osijek,1,1,3.5,3.25,1.91,3.1,3.0,2.15,Bet365,-0.5,1.88,1.93,-0.25,1.9,1.95,Bet365,2.5,1.98,1.83,2.25,2.0,1.85,Bet365,//www.nowgoal6.com/oddscomp/2028670,1.1522426462438442,1.10683365348762,0.36870711740033374,0.28515266474456064,0.3461402178551056,0.6538597821448944,0.5963020022379478,0.3960795472861363,0.45648143146410275
2021-12-04,Rijeka,Hrvatski dragovoljac,4,1,1.18,5.75,11.0,1.14,6.5,13.0,Bet365,2.0,1.93,1.88,2.0,1.85,2.0,Bet365,3.25,1.83,1.98,3.5,2.03,1.83,Bet365,//www.nowgoal6.com/oddscomp/2028672,2.8489074741840863,0.7284611371561975,0.8059504225017584,0.12465232381121785,0.06939725368702407,0.5061335524584601,0.5061335524584601,0.5393180583172064,0.48259236505863445
2021-12-05,NK Lokomotiva Zagreb,HNK Sibenik,1,1,1.83,3.4,3.6,1.62,3.75,4.33,Bet365,0.5,1.88,1.93,0.75,1.85,2.0,Bet365,2.5,1.88,1.93,2.75,1.98,1.88,Bet365,//www.nowgoal6.com/oddscomp/2028671,1.593773297931399,0.9407877109368459,0.52630210782813,0.2497428798551244,0.22395501231674547,0.52630210782813,0.4598690411726595,0.46765701816522803,0.40390440615915335
2021-12-05,Dinamo Zagreb,Hajduk Split,0,2,1.62,3.5,4.5,1.7,3.3,4.2,Bet365,0.75,1.93,1.88,0.75,2.03,1.83,Bet365,2.5,1.88,1.93,2.5,1.98,1.88,Bet365,//www.nowgoal6.com/oddscomp/2028669,1.9121801306937676,0.7002020243620617,0.660495076389422,0.20944637551539827,0.13005854809517955,0.610796329620464,0.610796329620464,0.4870058579156218,0.4870058579156218
2021-12-06,Istra 1961 Pula,Slaven Koprivnica,1,2,2.25,3.2,2.8,2.2,3.25,2.88,Bet365,0.25,2.03,1.78,0.25,2.03,1.83,Bet365,2.5,2.03,1.78,2.5,2.0,1.85,Bet365,//www.nowgoal6.com/oddscomp/2028673,1.152892410270663,1.0814576422815951,0.3743311449798155,0.28692695870000223,0.33874189632018226,0.43702882008550775,0.43702882008550775,0.38946357523620606,0.38946357523620606
2021-12-08,Rijeka,ZNK Osijek,0,0,2.4,3.4,2.8,2.25,3.4,3.1,Bet365,0.0,1.8,2.0,0.25,1.98,1.88,Bet365,2.5,2.0,1.8,2.5,2.03,1.83,Bet365,//www.nowgoal6.com/oddscomp/2028653,1.5203786446942151,0.9927996125323925,0.4950547140859423,0.25663124215514654,0.24831404375891153,0.6659611516647349,0.5679288582616647,0.4622502667116486,0.4622502667116486
2021-12-10,Istra 1961 Pula,Hrvatski dragovoljac,3,0,1.45,4.0,5.5,1.5,4.0,5.25,Bet365,1.0,1.83,1.98,1.0,1.88,1.98,Bet365,2.5,1.85,1.95,2.75,1.98,1.88,Bet365,//www.nowgoal6.com/oddscomp/2028678,1.5322920456803053,1.04642715335942,0.4852922588647005,0.25452112144886774,0.26018661968643203,0.32616879853609065,0.32616879853609065,0.4788141825221224,0.41586717622493435
2021-12-11,NK Lokomotiva Zagreb,Hajduk Split,3,3,3.6,3.3,1.91,4.2,3.6,1.7,Bet365,-0.5,1.85,1.95,-0.75,1.85,2.0,Bet365,2.25,1.83,1.98,2.5,1.95,1.9,Bet365,//www.nowgoal6.com/oddscomp/2028674,1.2287491940623263,1.3553490130466952,0.3391558803632218,0.262625121902025,0.3982189977347533,0.6017810022652467,0.6736405038922842,0.5487630266102289,0.48018768516451815
2021-12-11,Rijeka,HNK Gorica,1,2,1.67,3.8,4.2,1.73,3.6,4.2,Bet365,0.75,1.88,1.93,0.75,1.93,1.93,Bet365,3.0,1.95,1.85,2.75,1.85,2.0,Bet365,//www.nowgoal6.com/oddscomp/2028676,1.9613856997413355,0.9342987511884375,0.6125424870690517,0.21271395113596045,0.17474356179498815,0.5594939502239826,0.5594939502239826,0.4282264942507099,0.4994672146336931
2021-12-12,ZNK Osijek,HNK Sibenik,3,1,1.44,4.2,5.75,1.4,4.2,6.5,Bet365,1.25,2.03,1.78,1.25,2.0,1.85,Bet365,2.5,1.8,2.0,2.5,1.9,1.95,Bet365,//www.nowgoal6.com/oddscomp/2028677,1.675258325326415,0.675295381035253,0.6144778627522538,0.2371986319886805,0.1483235052590658,0.401475220709197,0.401475220709197,0.4201253840780976,0.4201253840780976
2021-12-12,Dinamo Zagreb,Slaven Koprivnica,3,0,1.22,5.5,9.5,1.25,5.0,10.0,Bet365,1.75,1.9,1.9,1.5,1.85,2.0,Bet365,3.0,1.95,1.85,2.75,2.03,1.83,Bet365,//www.nowgoal6.com/oddscomp/2028675,2.4832228049751848,0.47638687582029554,0.8117418946414892,0.1347328546708992,0.053525250687611436,0.5386638737558825,0.5917076881800548,0.44630996746667756,0.5151807030020095
2021-12-15,Istra 1961 Pula,Dinamo Zagreb,0,2,8.0,4.5,1.33,7.5,4.75,1.33,Bet365,-1.25,2.0,1.8,-1.5,1.8,2.05,Bet365,2.5,1.8,2.0,2.75,1.83,2.03,Bet365,//www.nowgoal6.com/oddscomp/2028600,0.5891237644788503,2.019502858617841,0.09860564348160714,0.1910874825128086,0.7103068740055845,0.47770135054064544,0.5441535072851872,0.48593833544668685,0.4236736861846063
2021-12-17,Slaven Koprivnica,NK Lokomotiva Zagreb,2,1,2.6,3.25,2.38,2.25,3.25,2.9,Bet365,-0.25,1.88,1.98,0.25,1.95,1.9,Bet365,2.5,1.9,1.95,2.25,1.85,2.0,Bet365,//www.nowgoal6.com/oddscomp/2028681,1.2965211134676542,1.1600511321285163,0.397361030770478,0.2705066786371173,0.3321322905924048,0.6159195453490656,0.45951149491268023,0.44779440872549836,0.513722048338864
2021-12-18,Rijeka,Istra 1961 Pula,1,0,1.33,5.0,6.0,1.4,4.33,6.5,Bet365,1.5,1.95,1.9,1.25,1.95,1.9,Bet365,3.25,1.98,1.88,2.75,1.83,2.03,Bet365,//www.nowgoal6.com/oddscomp/2028682,2.466990137614465,0.6603070599214423,0.7685217645278135,0.15059256387549,0.08088567159669624,0.5466329187940165,0.6148467349552201,0.4326523525968897,0.5567142072474761
2021-12-18,HNK Gorica,HNK Sibenik,2,3,1.91,3.25,3.5,1.5,3.75,6.0,Bet365,0.5,1.93,1.93,1.0,2.03,1.83,Bet365,2.5,1.93,1.93,2.5,1.85,2.0,Bet365,//www.nowgoal6.com/oddscomp/2028683,1.606689223709307,0.8758479898326531,0.545701103894572,0.24844396237853048,0.2058549337268973,0.5457011038945719,0.3930489808687475,0.454386524892673,0.454386524892673
2021-12-19,Hrvatski dragovoljac,Dinamo Zagreb,0,2,11.0,6.0,1.17,15.0,6.0,1.17,Bet365,-2.25,1.9,1.95,-2.0,1.93,1.93,Bet365,3.25,1.9,1.95,3.0,1.98,1.88,Bet365,//www.nowgoal6.com/oddscomp/2028679,0.6419359101848098,2.349358145857032,0.08524476335294964,0.16012319144969314,0.7546320451973573,0.6584259192320326,0.6102131886924125,0.39877527369146,0.45552075093654554
2021-12-19,Hajduk Split,ZNK Osijek,0,0,2.1,3.25,3.0,1.8,3.5,4.0,Bet365,0.25,1.8,2.05,0.5,1.83,2.03,Bet365,2.25,1.85,2.0,2.25,1.83,2.03,Bet365,//www.nowgoal6.com/oddscomp/2028680,1.4011106666794975,0.9295797139676171,0.479044235389393,0.270285694663745,0.25067006994686225,0.5538998364198272,0.4790442353893928,0.47757832212606655,0.47757832212606655
2022-01-28,Istra 1961 Pula,HNK Gorica,2,1,3.1,3.0,2.2,3.1,3.1,2.15,Bet365,-0.25,1.88,1.98,-0.25,1.9,1.95,Bet365,2.5,1.88,1.98,2.5,1.85,2.0,Bet365,//www.nowgoal6.com/oddscomp/2028686,1.0498048682402878,1.3307735504970717,0.29566245890387133,0.27305052745435776,0.4312870136417709,0.5005215607078254,0.5005215607078254,0.42807936173343963,0.42807936173343963
2022-01-29,ZNK Osijek,Slaven Koprivnica,1,2,1.5,3.6,6.0,1.44,3.5,9.0,Bet365,1.0,1.9,1.95,1.0,1.8,2.05,Bet365,2.5,2.03,1.83,2.25,2.03,1.83,Bet365,//www.nowgoal6.com/oddscomp/2028688,1.7307155054894574,0.6509380025302541,0.633860932498317,0.22931070942335532,0.1368283580783278,0.5009489117733216,0.5009489117733216,0.42823608926647583,0.49216628442590676
2022-01-29,HNK Sibenik,Hajduk Split,1,3,5.75,3.75,1.5,7.5,3.8,1.4,Bet365,-1.0,1.98,1.88,-1.25,1.83,2.03,Bet365,2.75,2.0,1.85,2.5,1.88,1.98,Bet365,//www.nowgoal6.com/oddscomp/2028684,1.0599867071121372,1.3726166086603564,0.29090424589441466,0.2688140785947635,0.44028167551082176,0.7275668867322218,0.7630893226079555,0.3761894705347679,0.44159462733699173
2022-01-30,NK Lokomotiva Zagreb,Hrvatski dragovoljac,2,1,1.3,4.33,8.5,1.22,5.25,10.0,Bet365,1.5,2.0,1.85,1.75,1.93,1.93,Bet365,2.75,1.9,1.95,3.0,1.98,1.88,Bet365,//www.nowgoal6.com/oddscomp/2028687,2.2010218190572814,0.8712980016075308,0.6752822718232596,0.1875684748425452,0.1371492533341955,0.44108260216313844,0.3785385447216302,0.5436554054277424,0.4787488462246765
2022-01-30,Dinamo Zagreb,Rijeka,2,0,1.33,4.33,7.5,1.4,4.2,6.5,Bet365,1.25,1.8,2.05,1.25,1.98,1.88,Bet365,2.5,1.8,2.05,2.75,2.0,1.85,Bet365,//www.nowgoal6.com/oddscomp/2028685,2.014302581158491,0.7496306187116409,0.6687835948715335,0.20047707632233477,0.13073932880613146,0.48031263529017754,0.48031263529017754,0.5239275572873737,0.46512319573283206
2022-02-04,Slaven Koprivnica,HNK Sibenik,1,1,2.0,3.25,3.25,1.91,3.2,3.6,Bet365,0.25,1.8,2.05,0.5,1.98,1.88,Bet365,2.5,1.95,1.9,2.25,1.85,2.0,Bet365,//www.nowgoal6.com/oddscomp/2028692,1.3275432511171619,0.980968170745389,0.4465430243666068,0.27624917084796485,0.2772078047854281,0.5181062330061649,0.4465430243666067,0.40916291850107445,0.47109630221552345
2022-02-05,HNK Gorica,Hajduk Split,0,4,3.75,3.4,1.8,4.0,3.6,1.75,Bet365,-0.5,1.98,1.88,-0.75,1.8,2.05,Bet365,2.5,1.93,1.93,2.5,1.9,1.95,Bet365,//www.nowgoal6.com/oddscomp/2028689,1.2422122531908066,1.29785827557612,0.35402028171488487,0.26581191797632114,0.3801678003087936,0.6198321996912064,0.6921885525687056,0.46911121899532143,0.46911121899532143
2022-02-05,Rijeka,NK Lokomotiva Zagreb,3,2,1.67,3.4,4.5,1.67,3.4,4.5,Bet365,0.75,1.93,1.93,0.75,1.98,1.88,Bet365,2.75,1.93,1.93,2.75,1.93,1.93,Bet365,//www.nowgoal6.com/oddscomp/2028691,2.0642619615632674,0.9357020468398963,0.6334766487125756,0.20295764715352044,0.16356570413390395,0.584113347457314,0.584113347457314,0.5258392035005665,0.5258392035005665
2022-02-06,Hrvatski dragovoljac,ZNK Osijek,1,3,9.0,5.0,1.25,17.0,5.75,1.2,Bet365,-1.5,2.05,1.8,-1.75,2.03,1.83,Bet365,3.0,1.95,1.9,2.75,1.93,1.93,Bet365,//www.nowgoal6.com/oddscomp/2028693,0.8811195313399401,1.6176385072259656,0.2057064318592774,0.2472601771057695,0.5470333910349532,0.7040025146964006,0.7684765227441842,0.3124146699804494,0.39415174861685237
2022-02-06,Istra 1961 Pula,Dinamo Zagreb,1,2,9.5,4.75,1.25,8.5,4.0,1.33,Bet365,-1.5,2.03,1.83,-1.25,1.95,1.9,Bet365,3.0,1.98,1.88,2.5,2.0,1.85,Bet365,//www.nowgoal6.com/oddscomp/2028690,0.5800627917894864,2.0060352971235416,0.09786341084049026,0.19207272610600934,0.7100638630535006,0.5455970747073038,0.4789970194104556,0.3377273894486859,0.4803387238274719
2022-02-11,HNK Sibenik,Hrvatski dragovoljac,0,5,1.5,3.75,5.75,1.44,4.0,6.5,Bet365,1.0,1.9,1.95,1.25,2.0,1.85,Bet365,2.75,2.03,1.83,2.75,1.9,1.95,Bet365,//www.nowgoal6.com/oddscomp/2028698,1.8767598485829293,0.8784346199383469,0.607997900702623,0.21965372128379795,0.1723483780135792,0.4797099195594294,0.41225234567962216,0.4629118329865331,0.4629118329865331
2022-02-12,NK Lokomotiva Zagreb,Istra 1961 Pula,1,1,1.73,3.6,4.0,1.7,3.5,4.33,Bet365,0.75,2.03,1.83,0.75,2.0,1.85,Bet365,2.75,2.03,1.83,2.5,2.03,1.83,Bet365,//www.nowgoal6.com/oddscomp/2028697,1.8848918192847834,0.8016626195093172,0.6289299660209924,0.21649759987087389,0.1545724341081338,0.575704597954455,0.575704597954455,0.4446862452515051,0.5053198318872267
2022-02-12,Dinamo Zagreb,HNK Gorica,2,1,1.33,4.5,7.5,1.3,4.5,8.0,Bet365,1.25,1.8,2.05,1.5,2.0,1.85,Bet365,2.75,1.88,1.98,2.75,1.9,1.95,Bet365,//www.nowgoal6.com/oddscomp/2028696,2.3082966345995106,0.5768045192204403,0.7633519176743394,0.15939729493332355,0.07725078739233732,0.599349317015015,0.5291713291070148,0.4964201496061519,0.4964201496061519
2022-02-13,Hajduk Split,Slaven Koprivnica,3,1,1.33,4.5,7.5,1.33,4.5,7.5,Bet365,1.5,2.1,1.78,1.25,1.83,2.03,Bet365,2.5,1.85,2.0,2.5,1.85,2.0,Bet365,//www.nowgoal6.com/oddscomp/2028695,2.031313681488331,0.7066248731360111,0.6828695680409613,0.19652064007307807,0.12060979188596029,0.43385853711156314,0.495558275666178,0.517672767180071,0.517672767180071
2022-02-13,ZNK Osijek,Rijeka,1,0,1.85,3.4,3.6,1.85,3.4,3.6,Bet365,0.5,1.93,1.93,0.5,1.93,1.93,Bet365,2.5,1.98,1.88,2.5,1.98,1.88,Bet365,//www.nowgoal6.com/oddscomp/2028694,1.41027854876792,1.0379840021186733,0.4555198260933995,0.26613904349836476,0.2783411304082354,0.45551982609339964,0.45551982609339964,0.4456200428892241,0.4456200428892241
2022-02-18,HNK Gorica,Slaven Koprivnica,0,3,1.8,3.4,3.75,2.2,3.1,3.0,Bet365,0.5,1.9,1.95,0.25,2.0,1.85,Bet365,2.5,2.03,1.83,2.25,1.98,1.88,Bet365,//www.nowgoal6.com/oddscomp/2028703,1.631956887589331,0.8735277182874356,0.552513749233305,0.2456501511503231,0.2018360996163719,0.552513749233305,0.6298786409057314,0.46024300749063446,0.5272237441946447
2022-02-19,Hrvatski dragovoljac,Hajduk Split,0,3,9.0,6.0,1.2,12.0,5.5,1.18,Bet365,-2.0,1.98,1.88,-1.75,2.03,1.83,Bet365,3.0,1.88,1.98,3.0,1.9,1.95,Bet365,//www.nowgoal6.com/oddscomp/2028699,0.9730795901802114,1.9208856903603093,0.18797609036492155,0.2175482927915922,0.5944756168434865,0.7881062654616823,0.709585262629978,0.4277140545035677,0.4277140545035677
2022-02-19,Istra 1961 Pula,ZNK Osijek,2,3,4.33,3.5,1.67,4.75,3.6,1.62,Bet365,-0.75,1.95,1.9,-0.75,1.95,1.9,Bet365,2.25,1.88,1.98,2.25,1.85,2.0,Bet365,//www.nowgoal6.com/oddscomp/2028700,0.8028240032889835,1.3806020742206615,0.2191487503543748,0.27558497888852457,0.5052662707571004,0.567800226409294,0.567800226409294,0.4336681708994917,0.4336681708994917
2022-02-20,Dinamo Zagreb,NK Lokomotiva Zagreb,0,0,1.25,5.0,9.0,1.29,4.75,8.5,Bet365,1.75,2.1,1.78,1.5,1.95,1.9,Bet365,2.75,1.88,1.98,2.75,1.98,1.88,Bet365,//www.nowgoal6.com/oddscomp/2028701,2.441039369536648,0.58203391409838,0.7822502487183591,0.14715513073208003,0.07059462054956057,0.5025564171511041,0.5582970192259148,0.5311826781712535,0.5311826781712535
2022-02-20,Rijeka,HNK Sibenik,4,2,1.44,3.9,6.0,1.4,4.0,6.5,Bet365,1.0,1.8,2.05,1.25,1.93,1.93,Bet365,3.0,2.1,1.78,2.75,1.83,2.03,Bet365,//www.nowgoal6.com/oddscomp/2028702,2.1183235190969243,0.7909281221913972,0.6788900843662407,0.19173049858780003,0.1293794170459595,0.576861063169233,0.49777922186451057,0.4320874820373127,0.5028196374754133
2022-02-25,Slaven Koprivnica,Hrvatski dragovoljac,1,0,1.44,4.33,6.0,1.4,4.5,7.0,Bet365,1.25,2.03,1.83,1.25,2.03,1.83,Bet365,2.75,1.98,1.88,2.75,1.98,1.88,Bet365,//www.nowgoal6.com/oddscomp/2028708,1.8109918890078698,0.8969791350298882,0.5887781422726652,0.2268559231276859,0.18436593459964898,0.38988829541924164,0.38988829541924164,0.4504431774707152,0.4504431774707152
2022-02-26,NK Lokomotiva Zagreb,HNK Gorica,2,0,2.15,3.25,3.1,2.1,3.25,3.2,Bet365,0.25,1.9,1.95,0.25,1.88,1.98,Bet365,2.5,1.93,1.93,2.5,1.98,1.88,Bet365,//www.nowgoal6.com/oddscomp/2028706,1.5290368727205774,1.1028349020706811,0.47127431094619726,0.25360454254840425,0.2751211465053983,0.5397108758332421,0.5397108758332421,0.49206772533738496,0.49206772533738496
2022-02-26,Hajduk Split,Rijeka,1,3,1.7,3.75,4.0,1.53,4.0,5.25,Bet365,0.75,1.98,1.88,1.0,1.95,1.9,Bet365,2.75,1.93,1.93,3.0,2.0,1.85,Bet365,//www.nowgoal6.com/oddscomp/2028705,1.681568005633212,1.11630868267951,0.5057780000182374,0.2402244532432962,0.2539975467384667,0.44093835327834446,0.3565162539406111,0.4742336075836895,0.3997728681900325
2022-02-27,HNK Sibenik,Istra 1961 Pula,2,1,2.3,3.25,2.88,2.63,3.25,2.5,Bet365,0.25,2.05,1.8,0.0,2.0,1.85,Bet365,2.5,1.83,2.03,2.5,1.9,1.95,Bet365,//www.nowgoal6.com/oddscomp/2028707,1.591935580669839,0.8376896614696796,0.5517203903093889,0.24998670640303652,0.19829290328757485,0.6305327991827847,0.7356141484685045,0.4407646504849249,0.4407646504849249
2022-02-27,ZNK Osijek,Dinamo Zagreb,1,0,3.0,3.2,2.15,3.0,3.0,2.3,Bet365,-0.25,1.88,1.98,-0.25,1.78,2.1,Bet365,2.25,1.9,1.95,2.0,2.0,1.85,Bet365,//www.nowgoal6.com/oddscomp/2028704,0.8737106400352936,1.199239183841218,0.2691540291500013,0.29517209232130853,0.4356738785286899,0.4888940091062824,0.4888940091062824,0.39982923759384476,0.4732577637087408
2022-03-04,NK Lokomotiva Zagreb,ZNK Osijek,0,0,3.2,3.1,2.1,3.5,3.1,1.95,Bet365,-0.25,2.0,1.85,-0.5,1.8,2.05,Bet365,2.25,1.88,1.98,2.25,1.95,1.9,Bet365,//www.nowgoal6.com/oddscomp/2028710,1.1335675692987683,1.1825771395016313,0.3475624583699816,0.2808948316094741,0.37154271002054406,0.5677487138632799,0.6284572899794562,0.4733556618947334,0.4733556618947334
2022-03-05,Dinamo Zagreb,HNK Sibenik,3,0,1.14,6.5,15.0,1.17,7.5,17.0,Bet365,2.0,1.9,1.95,2.0,1.8,2.05,Bet365,3.25,2.0,1.85,3.0,1.85,2.0,Bet365,//www.nowgoal6.com/oddscomp/2028711,2.475064389868918,0.49387564030766196,0.8067659248169227,0.13695848031706595,0.056275594866012024,0.4628733338324358,0.4628733338324358,0.3931601915277426,0.44901492161523365
2022-03-05,Rijeka,Slaven Koprivnica,3,0,1.5,4.0,5.0,1.67,3.6,4.2,Bet365,0.75,1.8,2.05,0.75,1.98,1.88,Bet365,2.75,1.98,1.88,2.5,2.0,1.85,Bet365,//www.nowgoal6.com/oddscomp/2028713,2.113882605412165,0.7719660256088395,0.6826511219647856,0.19123827000142188,0.12611060803379234,0.6389500294727591,0.6389500294727591,0.4967971245709589,0.5524928132541238
2022-03-06,HNK Gorica,Hrvatski dragovoljac,4,0,1.29,5.0,7.5,1.4,4.33,6.0,Bet365,1.5,1.98,1.88,1.25,1.98,1.88,Bet365,3.0,1.93,1.93,2.75,2.0,1.85,Bet365,//www.nowgoal6.com/oddscomp/2028712,2.144238448628172,0.8478699903364092,0.6701367253606653,0.19187202548168159,0.137991249157653,0.43239669863002145,0.49072975064835145,0.4559510027650084,0.5237949709348443
2022-03-06,Istra 1961 Pula,Hajduk Split,1,1,6.0,4.1,1.44,5.5,3.8,1.5,Bet365,-1.25,1.85,2.0,-1.0,1.98,1.88,Bet365,2.75,1.95,1.9,2.75,1.9,1.95,Bet365,//www.nowgoal6.com/oddscomp/2028709,0.8822501779576362,1.6592397895221056,0.2003530371746466,0.24273133542368697,0.5569156274016671,0.6498247747726659,0.5912687671996616,0.405735872262496,0.405735872262496
2022-03-11,HNK Sibenik,NK Lokomotiva Zagreb,1,4,3.0,3.3,2.1,3.6,3.5,1.8,Bet365,-0.25,1.95,1.9,-0.5,1.95,1.9,Bet365,2.5,1.95,1.9,2.5,1.95,1.9,Bet365,//www.nowgoal6.com/oddscomp/2028717,1.3310993329883447,1.173932755171862,0.4036508375728367,0.2671466905229316,0.3292024719042316,0.6200457706329726,0.6707975280957684,0.4602063041633444,0.4602063041633444
2022-03-12,Slaven Koprivnica,Istra 1961 Pula,0,0,1.91,3.4,3.4,1.85,3.4,3.5,Bet365,0.5,2.0,1.85,0.5,1.93,1.93,Bet365,2.5,2.05,1.8,2.25,1.85,2.0,Bet365,//www.nowgoal6.com/oddscomp/2028718,1.5336654665636913,0.8179629100148268,0.542041866500392,0.2567683487842343,0.20118978471537363,0.5420418665003919,0.5420418665003919,0.4204368556528058,0.48359749637988975
2022-03-12,Hajduk Split,Dinamo Zagreb,0,0,2.63,3.2,2.4,2.55,2.9,2.6,Bet365,0.0,2.03,1.83,0.0,1.9,1.95,Bet365,2.75,2.0,1.85,2.25,1.88,1.98,Bet365,//www.nowgoal6.com/oddscomp/2028714,1.0254818606992908,1.2987742849416695,0.29477026014150065,0.277135032376613,0.4280947074818865,0.4077805307271113,0.4077805307271113,0.3466498490381047,0.4757155861751624
2022-03-13,ZNK Osijek,HNK Gorica,0,0,1.5,3.75,5.75,1.4,4.0,7.0,Bet365,1.0,1.93,1.93,1.25,2.03,1.83,Bet365,2.5,1.9,1.95,2.5,1.93,1.93,Bet365,//www.nowgoal6.com/oddscomp/2028716,1.6182778153730357,0.787804742271415,0.5710809826016939,0.24651478588222137,0.182404231516085,0.4213209135548659,0.3586996671827587,0.43464721503027076,0.43464721503027076
2022-03-13,Hrvatski dragovoljac,Rijeka,2,1,9.5,5.0,1.25,10.0,5.25,1.22,Bet365,-1.75,1.83,2.03,-1.75,1.9,1.95,Bet365,3.25,2.05,1.8,3.25,2.05,1.8,Bet365,//www.nowgoal6.com/oddscomp/2028715,1.0327244018947186,2.0507647161139175,0.18515939639652898,0.20705987392302969,0.6077807296804411,0.6885342188695293,0.6885342188695293,0.4219318125185829,0.4219318125185829
2022-03-18,Hrvatski dragovoljac,Istra 1961 Pula,0,0,3.8,3.5,1.8,3.25,3.3,2.05,Bet365,-0.5,2.0,1.85,-0.25,1.98,1.88,Bet365,2.5,1.83,2.03,2.5,1.95,1.9,Bet365,//www.nowgoal6.com/oddscomp/2028722,1.4547394308545543,1.1064704746916387,0.45134188386069934,0.2599345200035885,0.2887235961357121,0.7112764038642876,0.6681462859244728,0.47440062620365,0.47440062620365
2022-03-19,HNK Gorica,Rijeka,1,0,2.75,3.4,2.25,3.0,3.5,2.25,Bet365,-0.25,1.8,2.05,-0.25,1.88,1.98,Bet365,2.75,1.95,1.9,2.75,2.03,1.83,Bet365,//www.nowgoal6.com/oddscomp/2028723,1.3145770191587884,1.40316542631506,0.35216828608269046,0.25524482158378414,0.3925868923335256,0.5499805391723862,0.5499805391723862,0.45313674926702247,0.45313674926702247
2022-03-19,Hajduk Split,NK Lokomotiva Zagreb,4,0,1.5,4.0,6.0,1.44,4.2,7.0,Bet365,1.0,1.88,1.98,1.25,2.03,1.83,Bet365,2.75,1.98,1.88,2.5,1.83,2.03,Bet365,//www.nowgoal6.com/oddscomp/2028721,1.9469018806239209,0.876207610934562,0.6236216780833672,0.21243940257262015,0.1639389193440131,0.5018119927691631,0.43191956850251,0.48069034647385833,0.5380401116221621
2022-03-20,Slaven Koprivnica,Dinamo Zagreb,0,1,5.5,3.8,1.5,6.5,4.0,1.44,Bet365,-1.0,1.93,1.93,-1.0,2.03,1.83,Bet365,2.25,1.83,2.03,2.25,1.85,2.0,Bet365,//www.nowgoal6.com/oddscomp/2028719,0.663911391521916,1.6869426004240213,0.14439109712165887,0.23536385899792192,0.6202450438804196,0.5181018948713961,0.5181018948713961,0.48326591599334423,0.48326591599334423
2022-03-20,HNK Sibenik,ZNK Osijek,0,3,5.25,3.6,1.55,6.5,4.0,1.4,Bet365,-1.0,1.8,2.05,-1.25,1.83,2.03,Bet365,2.5,2.03,1.83,2.5,1.98,1.88,Bet365,//www.nowgoal6.com/oddscomp/2028720,0.9509596488394982,1.2562832564190562,0.281455664898802,0.28492310734850856,0.43362122775268896,0.7427424939243955,0.7774000099034436,0.38224301654631987,0.38224301654631987
2022-04-02,HNK Sibenik,HNK Gorica,0,1,3.2,3.4,2.05,3.3,3.4,2.0,Bet365,-0.25,2.0,1.85,-0.5,1.8,2.05,Bet365,2.5,1.83,2.03,2.5,1.85,2.0,Bet365,//www.nowgoal6.com/oddscomp/2028726,1.2710831456434488,1.1917708259774822,0.38365005411896497,0.2706053534138747,0.3457445924671603,0.6001553570786519,0.6542554075328398,0.4494067402927447,0.4494067402927447
2022-04-02,Istra 1961 Pula,Rijeka,0,2,3.75,3.6,1.8,3.6,3.6,1.85,Bet365,-0.5,2.0,1.85,-0.5,1.93,1.93,Bet365,2.5,1.83,2.03,2.5,1.9,1.95,Bet365,//www.nowgoal6.com/oddscomp/2028725,0.9452122670059679,1.6919701685959554,0.21119370802421666,0.23966749725880762,0.5491387947169758,0.45086120528302437,0.45086120528302437,0.4933010537588372,0.4933010537588372
2022-04-03,ZNK Osijek,Hajduk Split,0,0,2.38,3.3,2.7,3.0,3.1,2.25,Bet365,0.0,1.8,2.05,-0.25,1.85,2.0,Bet365,2.25,1.88,1.98,2.0,1.83,2.03,Bet365,//www.nowgoal6.com/oddscomp/2028724,1.295473660741239,0.9901655062033121,0.4354614412759662,0.27907504998109556,0.28546350874293847,0.6040315864564646,0.6682440931084146,0.46434827805308887,0.5475194925469923
2022-04-03,Dinamo Zagreb,Hrvatski dragovoljac,2,0,1.11,7.5,19.0,1.07,10.0,23.0,Bet365,2.25,1.88,1.98,2.75,1.98,1.88,Bet365,3.25,1.93,1.93,3.5,1.88,1.98,Bet365,//www.nowgoal6.com/oddscomp/2028727,3.225727692242004,0.44655334804259766,0.8937807461126903,0.07893883841438312,0.027280415472926048,0.5919238189003095,0.4795473208620698,0.5599119699975859,0.5020678342508029
2022-04-04,NK Lokomotiva Zagreb,Slaven Koprivnica,3,1,2.2,3.3,3.0,1.85,3.5,3.75,Bet365,0.25,1.93,1.93,0.5,1.9,1.95,Bet365,2.25,1.83,2.03,2.25,1.83,2.03,Bet365,//www.nowgoal6.com/oddscomp/2028728,1.6235470915148023,0.908641359682378,0.5416258553395725,0.24668655558715766,0.21168758907326973,0.6178311779511328,0.5416258553395727,0.5345489746390268,0.5345489746390268
2022-04-08,HNK Gorica,Istra 1961 Pula,1,1,1.7,3.6,4.2,1.73,3.5,4.2,Bet365,0.75,2.0,1.85,0.75,2.0,1.85,Bet365,2.5,1.85,2.0,2.5,1.95,1.9,Bet365,//www.nowgoal6.com/oddscomp/2028732,1.813297952104517,0.7472610473152279,0.6271419680923775,0.22266527062711217,0.1501927612805104,0.5722159569289086,0.5722159569289086,0.47409921181968073,0.47409921181968073
2022-04-09,Hrvatski dragovoljac,NK Lokomotiva Zagreb,1,1,5.5,3.6,1.57,5.25,3.6,1.6,Bet365,-0.75,2.0,1.85,-1.0,1.8,2.05,Bet365,2.5,1.85,2.0,2.5,1.88,1.98,Bet365,//www.nowgoal6.com/oddscomp/2028731,1.2329513024993752,1.5591305279323466,0.30279818343231446,0.24781543685808716,0.4493863797095983,0.6188025106393406,0.706267878658004,0.5309224003713648,0.5309224003713648
2022-04-09,Hajduk Split,HNK Sibenik,2,1,1.25,5.25,10.0,1.17,7.0,12.0,Bet365,1.5,1.8,2.05,2.25,2.03,1.83,Bet365,2.75,1.88,1.98,3.5,2.0,1.85,Bet365,//www.nowgoal6.com/oddscomp/2028733,2.1440575943539524,0.717548152060106,0.7015307665248499,0.18525719919193662,0.11321203428321334,0.4592686192076755,0.2776496427233525,0.4905241072792268,0.3257574431011954
2022-04-10,Slaven Koprivnica,ZNK Osijek,0,1,4.33,3.5,1.73,3.6,3.1,2.0,Bet365,-0.75,1.93,1.93,-0.5,1.8,2.05,Bet365,2.25,1.93,1.93,2.0,1.9,1.95,Bet365,//www.nowgoal6.com/oddscomp/2028730,0.9019314615603224,1.2076630485439461,0.2759853724851605,0.29270792108641036,0.43130670642842894,0.6464907230874125,0.5686932935715705,0.411145909401475,0.48646929210511697
2022-04-10,Rijeka,Dinamo Zagreb,1,2,3.8,3.6,1.8,3.5,3.5,1.91,Bet365,-0.5,1.93,1.93,-0.5,1.83,2.03,Bet365,2.75,1.93,1.93,2.25,1.9,1.95,Bet365,//www.nowgoal6.com/oddscomp/2028729,1.0596868850901502,1.371026263551569,0.29110447673114714,0.2689717438301989,0.43992377943865396,0.5600762205613462,0.5600762205613462,0.3756704116615058,0.5063996703405519
2022-04-15,Hajduk Split,HNK Gorica,1,0,1.36,4.75,8.0,1.36,5.0,8.0,Bet365,1.25,1.85,2.0,1.25,1.8,2.05,Bet365,2.75,1.85,2.0,2.75,1.83,2.03,Bet365,//www.nowgoal6.com/oddscomp/2028736,1.8721687164846805,0.8418841569612856,0.6160744236420855,0.21912149440674533,0.16480408195116922,0.41934010470596145,0.41934010470596145,0.45202304543751687,0.45202304543751687
2022-04-15,Dinamo Zagreb,Istra 1961 Pula,3,0,1.25,6.0,10.0,1.18,7.5,13.0,Bet365,1.75,2.03,1.83,1.75,1.8,2.05,Bet365,2.75,1.85,2.0,2.75,1.78,2.1,Bet365,//www.nowgoal6.com/oddscomp/2028737,2.6933442488584,0.4057420742030705,0.8520391354209232,0.11076965008094744,0.03719121449812902,0.6069261028107754,0.6069261028107754,0.5494951969103317,0.5494951969103317
2022-04-16,NK Lokomotiva Zagreb,Rijeka,2,1,2.75,3.4,2.45,2.63,3.2,2.7,Bet365,0.0,2.05,1.8,0.0,1.93,1.93,Bet365,2.75,1.98,1.88,2.5,2.03,1.83,Bet365,//www.nowgoal6.com/oddscomp/2028734,1.3459444437398378,1.4637636477202103,0.3484638277730269,0.25011218684451136,0.4014239853824618,0.4646879461965242,0.4646879461965242,0.477365426936195,0.5351109579526364
2022-04-16,HNK Sibenik,Slaven Koprivnica,2,1,3.4,3.4,2.1,3.5,3.4,2.05,Bet365,-0.25,2.05,1.8,-0.25,2.05,1.8,Bet365,2.25,1.83,2.03,2.25,1.8,2.05,Bet365,//www.nowgoal6.com/oddscomp/2028735,1.3624151340838837,0.9783731507685355,0.4567323634933155,0.2728224331075876,0.27044520339909667,0.6868356692639427,0.6868356692639427,0.4805377114167162,0.4805377114167162
2022-04-16,ZNK Osijek,Hrvatski dragovoljac,2,1,1.17,7.0,15.0,1.11,8.5,19.0,Bet365,2.0,1.95,1.9,2.25,1.88,1.98,Bet365,3.0,2.05,1.8,3.25,1.83,2.03,Bet365,//www.nowgoal6.com/oddscomp/2028738,2.2759392475206073,0.6069254204167613,0.7510464200130776,0.16480581646194595,0.0841477635249761,0.3766253846434297,0.32966827280216715,0.4243122235398899,0.37157086494555125
2022-04-20,Hajduk Split,Dinamo Zagreb,1,0,2.6,3.0,2.5,2.55,2.75,2.75,Bet365,0.0,1.98,1.88,0.0,1.83,2.03,Bet365,2.5,2.0,1.85,2.0,1.8,2.05,Bet365,//www.nowgoal6.com/oddscomp/2028624,1.0048913717338295,1.257726244812695,0.29652831166860955,0.2820894263987141,0.4213822619326765,0.41304352181514964,0.41304352181514964,0.39698785253823843,0.5397752277572883
2022-04-22,Hrvatski dragovoljac,HNK Sibenik,3,1,2.8,3.3,2.3,2.3,3.5,2.7,Bet365,-0.25,1.8,2.05,0.0,1.78,2.1,Bet365,2.5,1.9,1.95,2.75,1.95,1.9,Bet365,//www.nowgoal6.com/oddscomp/2028742,1.3329223999347106,1.2873607361310606,0.3801125879387903,0.26101689891810326,0.3588705131431062,0.587263944175378,0.5143725037586008,0.48920268610163464,0.4270629792380276
2022-04-23,Istra 1961 Pula,NK Lokomotiva Zagreb,2,2,3.0,3.3,2.2,3.0,3.1,2.3,Bet365,-0.25,1.9,1.95,-0.25,1.83,2.03,Bet365,2.5,2.0,1.85,2.25,2.03,1.83,Bet365,//www.nowgoal6.com/oddscomp/2028741,1.1167605511299636,1.3191833638162527,0.31608548658829677,0.27094367763986865,0.41297083577183474,0.5223165024397398,0.5223165024397398,0.4424636736591789,0.5078941310711831
2022-04-23,Rijeka,ZNK Osijek,3,1,2.75,3.2,2.4,3.25,3.3,2.05,Bet365,0.0,2.05,1.8,-0.25,2.0,1.85,Bet365,2.5,1.98,1.88,2.5,2.0,1.85,Bet365,//www.nowgoal6.com/oddscomp/2028743,1.4446918581489514,0.9907778865411707,0.4758290002940712,0.26419876933808506,0.2599722303678434,0.6466814412175191,0.7004585251172941,0.44229998925923597,0.44229998925923597
2022-04-24,Slaven Koprivnica,Hajduk Split,0,0,4.33,3.75,1.62,4.5,3.75,1.6,Bet365,-0.75,1.98,1.88,-0.75,2.03,1.83,Bet365,2.5,1.98,1.88,2.5,2.03,1.83,Bet365,//www.nowgoal6.com/oddscomp/2028739,0.9710660109179834,1.4325958051300793,0.25674840755895645,0.26591524245127013,0.4773363499897736,0.5943747260661624,0.5943747260661624,0.4340681275317812,0.4340681275317812
2022-04-24,HNK Gorica,Dinamo Zagreb,0,1,5.5,3.75,1.5,6.5,3.8,1.44,Bet365,-1.0,2.03,1.83,-1.25,1.8,2.05,Bet365,2.5,1.88,1.98,2.5,1.85,2.0,Bet365,//www.nowgoal6.com/oddscomp/2028740,0.7878247626986845,1.537871899560934,0.19287631735094185,0.2562342583656224,0.5508894242834355,0.6066040508402619,0.6652915915583675,0.41362171199055836,0.41362171199055836
2022-04-29,Hajduk Split,Hrvatski dragovoljac,2,1,1.13,7.0,19.0,1.1,8.5,21.0,Bet365,2.25,1.93,1.93,2.5,1.9,1.95,Bet365,3.25,1.85,2.0,3.5,1.9,1.95,Bet365,//www.nowgoal6.com/oddscomp/2028748,2.6663849779491207,0.6629105233086621,0.7959510589123723,0.13389482423502147,0.07015411685260665,0.4159738022999832,0.37062529438002545,0.48170955719504077,0.42934700909991463
2022-04-30,Slaven Koprivnica,HNK Gorica,2,1,2.3,3.0,3.0,2.38,3.0,2.8,Bet365,0.25,2.05,1.8,0.25,2.13,1.75,Bet365,2.5,2.03,1.83,2.5,2.03,1.83,Bet365,//www.nowgoal6.com/oddscomp/2028746,1.1944932991751542,1.1117628635552035,0.3796342446970216,0.28141838292129295,0.3389473723816854,0.441799494332233,0.441799494332233,0.4085743562018616,0.4085743562018616
2022-04-30,HNK Sibenik,Rijeka,3,5,5.25,3.5,1.6,7.0,4.33,1.36,Bet365,-1.0,1.8,2.05,-1.25,2.0,1.85,Bet365,2.75,1.85,2.0,3.0,1.9,1.95,Bet365,//www.nowgoal6.com/oddscomp/2028745,1.1232963253516262,1.6050801045740073,0.2678268924625618,0.24667123994513324,0.48550186759230496,0.6687225729824602,0.7119022398223683,0.45592387777706284,0.37939207258693247
2022-05-01,ZNK Osijek,Istra 1961 Pula,2,2,1.33,4.5,7.5,1.25,5.0,9.5,Bet365,1.25,1.83,2.03,1.5,1.85,2.0,Bet365,2.5,1.93,1.93,2.5,1.9,1.95,Bet365,//www.nowgoal6.com/oddscomp/2028747,1.9398522862660228,0.561250142645296,0.702126188252801,0.19876060529992023,0.09911320644727856,0.5076264212697952,0.44146790569529765,0.4589273869110613,0.4589273869110613
2022-05-01,NK Lokomotiva Zagreb,Dinamo Zagreb,1,1,5.75,4.0,1.53,5.75,4.75,1.4,Bet365,-1.0,1.88,1.98,-1.25,1.9,1.95,Bet365,2.25,1.9,1.95,2.75,2.03,1.83,Bet365,//www.nowgoal6.com/oddscomp/2028744,0.8225242647055863,1.6358214368526434,0.18877854015081572,0.24483907008450037,0.5663823897646836,0.5826025232692902,0.6437958855350682,0.51406546656551,0.3831509094099943
2022-05-06,Hrvatski dragovoljac,Slaven Koprivnica,1,1,3.5,3.3,1.91,3.25,3.3,2.0,Bet365,-0.5,1.88,1.98,-0.5,1.73,2.15,Bet365,2.5,2.03,1.83,2.5,1.98,1.88,Bet365,//www.nowgoal6.com/oddscomp/2028753,1.2716607306309664,1.223716566960496,0.3770761146969603,0.2686594473922899,0.3542644379107498,0.64573556208925,0.64573556208925,0.457749910666157,0.457749910666157
2022-05-07,Istra 1961 Pula,HNK Sibenik,1,2,1.83,3.5,3.5,1.73,3.75,3.6,Bet365,0.5,1.88,1.98,0.5,1.85,2.0,Bet365,2.5,1.98,1.88,2.75,1.85,2.0,Bet365,//www.nowgoal6.com/oddscomp/2028752,1.2543659704667944,1.1067508192816093,0.3974698903735599,0.27683336153972044,0.32569674808672006,0.39746989037356,0.39746989037356,0.4230037936213846,0.35671187971300927
2022-05-07,HNK Gorica,NK Lokomotiva Zagreb,3,3,2.4,3.2,2.63,2.45,3.25,2.55,Bet365,0.0,1.88,1.98,0.25,2.25,1.68,Bet365,2.5,1.9,1.95,2.75,1.93,1.93,Bet365,//www.nowgoal6.com/oddscomp/2028751,1.535592411262462,1.0746026040737158,0.4795024604969706,0.2536532823010516,0.2668442572019775,0.6424660940096559,0.5491492103341092,0.4866811058701102,0.4243561678036346
2022-05-08,Rijeka,Hajduk Split,0,3,3.0,3.3,2.1,3.0,3.3,2.1,Bet365,-0.25,1.95,1.9,-0.25,1.95,1.9,Bet365,2.75,1.95,1.9,2.75,1.95,1.9,Bet365,//www.nowgoal6.com/oddscomp/2028749,1.6023857686377208,1.1673740636685606,0.4748092786598125,0.24607172740853026,0.279118993931657,0.6817213129026622,0.6817213129026622,0.4668601625151151,0.4668601625151151
2022-05-08,Dinamo Zagreb,ZNK Osijek,3,0,1.67,3.5,4.33,1.7,3.5,4.2,Bet365,0.75,1.9,1.95,0.75,1.98,1.88,Bet365,2.25,1.93,1.93,2.25,1.95,1.9,Bet365,//www.nowgoal6.com/oddscomp/2028750,1.6354842100114095,0.5959785832483142,0.6265499811976256,0.24004373987728178,0.1334062789250924,0.5672587870314835,0.5672587870314835,0.44803627669305546,0.44803627669305546
2022-05-13,Hrvatski dragovoljac,HNK Gorica,0,2,5.5,3.75,1.62,4.5,3.75,1.67,Bet365,-0.75,2.0,1.85,-0.75,2.03,1.83,Bet365,2.5,1.85,2.0,2.75,1.93,1.93,Bet365,//www.nowgoal6.com/oddscomp/2028756,1.1809175595929433,1.479988558331734,0.30358924403747867,0.2554112528527037,0.44099950310981767,0.6290598029483324,0.6290598029483324,0.4992431557411185,0.43797574415343704
2022-05-14,Slaven Koprivnica,Rijeka,2,2,3.4,3.3,2.15,3.2,3.4,2.2,Bet365,-0.25,2.0,1.85,-0.25,1.9,1.95,Bet365,2.5,1.95,1.9,2.5,1.83,2.03,Bet365,//www.nowgoal6.com/oddscomp/2028755,1.0926104447946965,1.508025215881633,0.2760702785194004,0.2556925750271303,0.4682371464534696,0.4631254333383894,0.4631254333383894,0.48429973995982284,0.48429973995982284
2022-05-14,Hajduk Split,Istra 1961 Pula,3,1,1.17,7.0,15.0,1.18,6.0,17.0,Bet365,2.0,1.85,2.0,1.75,1.8,2.05,Bet365,3.0,1.9,1.95,2.75,1.83,2.03,Bet365,//www.nowgoal6.com/oddscomp/2028758,2.2976845093366864,0.5944278461109371,0.7575101228010573,0.16174703001234114,0.08074284718660134,0.3859264857320022,0.46290790313352187,0.4270061504210267,0.4982373279530013
2022-05-15,ZNK Osijek,NK Lokomotiva Zagreb,1,0,1.5,4.33,6.0,1.7,3.8,4.33,Bet365,1.25,2.05,1.8,0.75,1.98,1.88,Bet365,2.5,1.88,1.98,2.5,1.85,2.0,Bet365,//www.nowgoal6.com/oddscomp/2028757,1.6653196631464047,0.8258017855973743,0.5727321615049793,0.2414896880258426,0.18577815046917834,0.3641617804500525,0.5102943951069161,0.456562553438266,0.456562553438266
2022-05-15,HNK Sibenik,Dinamo Zagreb,0,2,10.0,6.0,1.25,13.0,9.0,1.13,Bet365,-1.5,1.93,1.93,-2.25,1.93,1.93,Bet365,2.75,1.88,1.98,3.25,1.9,1.95,Bet365,//www.nowgoal6.com/oddscomp/2028754,0.685090639344385,1.807115675035839,0.13695790577115044,0.22113827921703946,0.6419038150118099,0.6191121557821139,0.7976348633809092,0.39230855951424887,0.2737182512151452
2022-05-20,Istra 1961 Pula,Slaven Koprivnica,3,1,2.4,3.2,2.6,1.95,3.5,3.1,Bet365,0.0,1.85,2.0,0.5,2.03,1.83,Bet365,2.25,1.85,2.0,2.5,1.85,2.0,Bet365,//www.nowgoal6.com/oddscomp/2028763,1.154347886218087,1.057181070791323,0.3800735222362127,0.28849037942997097,0.33143609833381643,0.5341790346161663,0.3800735222362129,0.44222551322989534,0.38340455697241715
2022-05-20,NK Lokomotiva Zagreb,HNK Sibenik,2,1,1.5,4.0,5.75,1.36,4.75,7.0,Bet365,1.0,1.83,2.03,1.5,2.0,1.85,Bet365,2.75,1.85,2.0,3.25,1.95,1.9,Bet365,//www.nowgoal6.com/oddscomp/2028761,1.800134134669052,0.9522214451549449,0.5727291099125884,0.22887232801732288,0.19839856207008855,0.4351899187128671,0.32921505845251814,0.4622076379164256,0.33868800962808826
2022-05-21,HNK Gorica,ZNK Osijek,1,1,3.75,3.6,1.85,3.75,3.6,1.85,Bet365,-0.5,1.95,1.9,-0.5,1.95,1.9,Bet365,2.5,1.95,1.9,2.5,1.95,1.9,Bet365,//www.nowgoal6.com/oddscomp/2028760,1.107147085777101,1.100904296612158,0.35698778433344414,0.2892040094649473,0.3538082062016085,0.6461917937983915,0.6461917937983915,0.3824780905568546,0.3824780905568546
2022-05-21,Rijeka,Hrvatski dragovoljac,1,0,1.25,5.0,9.0,1.25,5.0,8.5,Bet365,1.75,2.0,1.85,1.75,1.98,1.88,Bet365,3.25,2.0,1.85,3.5,1.98,1.88,Bet365,//www.nowgoal6.com/oddscomp/2028762,2.8568710742649635,0.7505022760131347,0.8026112684187526,0.12560974810427092,0.07177898347697673,0.5615029756392734,0.5615029756392734,0.5460629849591805,0.4889077462264169
2022-05-21,Dinamo Zagreb,Hajduk Split,3,1,1.67,3.5,4.75,1.67,3.4,5.0,Bet365,0.75,1.93,1.93,0.75,1.95,1.9,Bet365,2.5,1.98,1.88,2.25,1.98,1.88,Bet365,//www.nowgoal6.com/oddscomp/2028759,1.734790689065279,0.7017594511920606,0.6213034217773433,0.23052435230928298,0.1481722259133736,0.5640649487328517,0.5640649487328517,0.44249308762849476,0.5078467266739927
