Date,Home,Away,home_team_reg_score,away_team_reg_score,Open 1,Open X,Open 2,Close 1,Close X,Close 2,1X2 Book,Open AH,Home Open AH Odds,Away Open AH Odds,Close AH,Home Close AH Odds,Away Close AH Odds,AH Book,Open OU,Over Open OU Odds,Under Open OU Odds,Close OU,Over Close OU Odds,Under Close OU Odds,OU Book,url,i_home,i_away,i_pair,gw,H_proj,A_proj,p_1,p_X,p_2,p_Open_home_cover,p_Close_home_cover,p_Open_over,p_Close_over
2012-04-15,Honka Espoo,Vaasa VPS,1,1,1.61,3.8,5.5,1.8,3.5,4.5,Bet365,0.75,1.95,1.9,0.5,1.75,2.13,Bet365,2.5,2.05,1.8,2.25,2.05,1.8,Bet365,//www.nowgoal5.com/oddscomp/690505,4,22,99,119,,,,,,,,,
2012-04-15,Lahti,FC Haka,1,0,2.5,3.3,2.75,2.37,3.1,3.1,Bet365,0.0,1.83,2.03,0.25,2.05,1.8,Bet365,2.5,1.98,1.88,2.25,2.1,1.78,Bet365,//www.nowgoal5.com/oddscomp/690507,14,1,34,119,,,,,,,,,
2012-04-15,HJK Helsinki,IFK Mariehamn,3,1,1.3,4.75,12.0,1.36,4.33,10.0,Bet365,1.5,1.98,1.88,1.25,1.9,1.95,Bet365,2.75,1.98,1.88,2.75,1.9,1.95,Bet365,//www.nowgoal5.com/oddscomp/690508,3,5,64,119,,,,,,,,,
2012-04-15,TPS Turku,Mypa,0,1,1.45,4.2,7.5,1.61,3.6,6.0,Bet365,1.0,1.78,2.1,0.75,1.85,2.0,Bet365,2.75,2.1,1.78,2.25,1.83,2.03,Bet365,//www.nowgoal5.com/oddscomp/690509,20,15,229,119,,,,,,,,,
2012-04-15,KuPs,Jyvaskyla JK,2,2,2.4,3.3,2.87,2.3,3.4,3.0,Bet365,0.0,1.8,2.05,0.25,2.0,1.85,Bet365,2.75,2.05,1.8,2.5,1.98,1.88,Bet365,//www.nowgoal5.com/oddscomp/690510,13,9,165,119,,,,,,,,,
2012-04-18,Lahti,Honka Espoo,2,1,3.75,3.3,2.0,3.4,3.3,2.15,Bet365,-0.25,2.0,1.85,-0.25,1.98,1.88,Bet365,2.5,2.1,1.78,2.25,1.88,1.98,Bet365,//www.nowgoal5.com/oddscomp/690511,14,4,91,119,,,,,,,,,
2012-04-19,Jyvaskyla JK,FC Haka,1,4,1.61,3.75,5.5,1.83,3.4,4.5,Bet365,0.75,1.88,1.98,0.5,1.88,1.98,Bet365,2.75,2.13,1.75,2.5,1.73,2.15,Bet365,//www.nowgoal5.com/oddscomp/690515,9,1,29,120,1.6351947074496223,1.2752488116157694,0.45873752085542674,0.24156430868601103,0.2996981704585621,0.3921893246160267,0.45873752085542674,0.502810703241835,0.5580666428765727
2012-04-19,IFK Mariehamn,KuPs,1,1,2.25,3.25,3.2,2.2,3.4,3.2,Bet365,0.25,2.05,1.8,0.25,1.88,1.98,Bet365,2.5,2.05,1.8,2.25,1.78,2.1,Bet365,//www.nowgoal5.com/oddscomp/690516,5,13,107,120,1.620922208918915,1.1487455688519679,0.4835915666520524,0.2454677521351262,0.2709406812128212,0.5512484221826591,0.5512484221826591,0.5246934217323765,0.5959533989857054
2012-04-19,TPS Turku,HJK Helsinki,3,1,3.4,3.4,2.1,3.5,3.4,2.05,Bet365,-0.25,2.03,1.83,-0.5,1.83,2.03,Bet365,2.5,2.03,1.83,2.5,1.98,1.88,Bet365,//www.nowgoal5.com/oddscomp/690514,20,3,79,120,1.045550025093534,1.5077452662455968,0.26367942642239534,0.2573080582926444,0.47901251528496025,0.45026139867765663,0.52098748471504,0.4715181897741809,0.4715181897741809
2012-04-19,Vaasa VPS,Inter Turku,0,2,3.1,3.25,2.3,3.1,3.25,2.3,Bet365,-0.25,1.8,2.05,-0.25,1.88,1.98,Bet365,2.25,1.98,1.88,2.25,1.93,1.93,Bet365,//www.nowgoal5.com/oddscomp/690513,22,7,147,120,1.0010451530030764,1.149680340751146,0.31584440564941935,0.2932869348976432,0.3908686594529373,0.5419632421581126,0.5419632421581126,0.4226722313612562,0.4226722313612562
2012-04-19,Mypa,Jaro,2,0,2.25,3.25,3.2,2.25,3.4,3.1,Bet365,0.25,2.1,1.78,0.25,1.93,1.93,Bet365,2.5,2.05,1.8,2.25,1.78,2.1,Bet365,//www.nowgoal5.com/oddscomp/690512,15,8,154,120,1.5014126499750802,1.0182525781129501,0.48407344755357135,0.2584572344092318,0.2574693180371969,0.5559133627009876,0.5559133627009876,0.46300774412616674,0.5303947969777112
2012-04-22,Honka Espoo,Jyvaskyla JK,0,2,1.9,3.5,3.5,1.8,3.75,4.2,Bet365,0.25,1.75,2.13,0.75,2.05,1.8,Bet365,2.75,1.95,1.9,2.75,1.83,2.03,Bet365,//www.nowgoal5.com/oddscomp/690517,4,9,86,120,2.1414727693567865,1.0532576426854876,0.6217071113274416,0.19999459038748374,0.17829829828507507,0.6907836032129199,0.5725087583476727,0.5726238871758161,0.5726238871758161
2012-04-22,Vaasa VPS,Lahti,2,1,1.9,3.25,3.75,2.3,3.1,3.2,Bet365,0.25,1.78,2.1,0.25,2.0,1.85,Bet365,2.25,2.0,1.85,2.25,2.05,1.8,Bet365,//www.nowgoal5.com/oddscomp/690518,22,14,224,120,1.0407050028644946,1.0294120869798746,0.35239276098565,0.3012255218280996,0.34638171718625094,0.41487880294136437,0.41487880294136437,0.3978765189602917,0.3978765189602917
2012-04-22,KuPs,TPS Turku,1,1,2.62,3.3,2.6,2.87,3.3,2.4,Bet365,0.0,1.98,1.88,0.0,2.05,1.8,Bet365,2.5,1.95,1.9,2.5,2.03,1.83,Bet365,//www.nowgoal5.com/oddscomp/690519,13,20,214,120,1.318535117791888,1.4052303891552593,0.35251899083948257,0.2555218046777658,0.3919592044827513,0.47351150517833607,0.47351150517833607,0.5137252373519182,0.5137252373519182
2012-04-22,FC Haka,IFK Mariehamn,0,2,2.45,3.2,2.7,2.3,3.25,3.1,Bet365,0.25,2.15,1.73,0.25,2.05,1.8,Bet365,2.5,2.25,1.68,2.25,1.98,1.88,Bet365,//www.nowgoal5.com/oddscomp/690520,1,5,25,120,1.3314860519017435,1.2577840486082572,0.3857795578257306,0.263126919327575,0.35109352284669426,0.4442230835616121,0.4442230835616121,0.48082929474731767,0.5495626616995747
2012-04-22,Inter Turku,Mypa,2,0,1.4,4.2,7.0,1.53,3.8,6.5,Bet365,1.25,2.0,1.85,1.0,1.95,1.9,Bet365,2.75,1.95,1.9,2.75,2.03,1.83,Bet365,//www.nowgoal5.com/oddscomp/690521,7,15,140,120,1.4811334334866535,0.9198195515642392,0.5027148660138002,0.2622820139965553,0.23500311998964457,0.29105081886864803,0.3389692879084024,0.3663916378760834,0.3663916378760834
2012-04-23,HJK Helsinki,Jaro,4,1,1.28,4.75,9.5,1.28,5.0,11.0,Bet365,1.5,1.95,1.9,1.5,1.8,2.05,Bet365,2.75,1.88,1.98,3.0,1.93,1.93,Bet365,//www.nowgoal5.com/oddscomp/690522,3,8,67,121,2.225327074170113,0.7456523649102391,0.7099112739731748,0.17876215292238354,0.11132657310444172,0.4725481299743534,0.4725481299743534,0.5176371478761647,0.44864906947078376
2012-04-29,Lahti,Inter Turku,0,5,3.8,3.3,2.0,4.2,3.5,1.83,Bet365,-0.5,1.8,2.05,-0.5,1.93,1.93,Bet365,2.5,2.03,1.83,2.25,1.8,2.05,Bet365,//www.nowgoal5.com/oddscomp/690527,14,7,139,122,1.230649772432822,1.1565345042806594,0.3799966196693201,0.2761698536191235,0.3438335267115566,0.6561664732884439,0.6561664732884439,0.42897533403512556,0.4931948233001297
2012-04-29,TPS Turku,FC Haka,2,0,1.5,4.0,7.0,1.66,3.75,5.0,Bet365,1.0,1.93,1.93,0.75,1.98,1.88,Bet365,2.75,2.03,1.83,2.5,1.88,1.98,Bet365,//www.nowgoal5.com/oddscomp/690526,20,1,40,122,1.7520922731043025,0.9501697134222108,0.5622300649902962,0.23378932212253994,0.203980612887164,0.42042223483323626,0.5012094281117199,0.44847658631037834,0.5089011837158685
2012-04-29,Mypa,HJK Helsinki,1,0,6.0,4.0,1.55,5.0,3.6,1.7,Bet365,-1.0,1.85,2.0,-0.75,1.83,2.03,Bet365,2.75,2.05,1.8,2.25,1.88,1.98,Bet365,//www.nowgoal5.com/oddscomp/690525,15,3,74,122,0.9101352690515315,1.454981820219604,0.2367606338960318,0.26516710702411306,0.49807225907985514,0.6675808725250483,0.573022473500063,0.35696107194977744,0.48694877980654877
2012-04-29,IFK Mariehamn,Honka Espoo,0,0,3.25,3.25,2.25,2.3,3.25,3.1,Bet365,-0.25,1.85,2.0,0.25,2.0,1.85,Bet365,2.5,2.05,1.8,2.25,1.8,2.05,Bet365,//www.nowgoal5.com/oddscomp/690523,5,4,82,122,1.297597437594449,1.3932716014954885,0.34954880162185026,0.2571085278111199,0.39334267056703,0.5486320555885964,0.4011136748323811,0.5059736372639527,0.5762878087268375
2012-04-29,Jaro,KuPs,1,0,2.37,3.2,3.0,2.4,3.3,2.9,Bet365,0.0,1.78,2.1,0.25,2.05,1.8,Bet365,2.5,2.05,1.8,2.5,2.0,1.85,Bet365,//www.nowgoal5.com/oddscomp/690524,8,13,152,122,1.5878395267248329,1.222067414056808,0.4589224000751446,0.24645103211781372,0.2946265678070416,0.6090147019442202,0.5234212542457818,0.5344440281704598,0.5344440281704598
2012-04-30,Jyvaskyla JK,Vaasa VPS,0,2,1.9,3.4,4.0,1.83,3.6,4.2,Bet365,0.5,1.95,1.9,0.5,1.85,2.0,Bet365,2.5,2.03,1.83,2.5,1.85,2.0,Bet365,//www.nowgoal5.com/oddscomp/690528,9,22,174,122,1.3236075931612736,1.164538978221301,0.4036316011449138,0.26853289772989536,0.3278355011251908,0.4036316011449137,0.4036316011449137,0.45529443408411285,0.45529443408411285
2012-05-02,KuPs,HJK Helsinki,0,3,4.2,3.5,1.85,4.5,3.5,1.8,Bet365,-0.5,1.95,1.9,-0.75,1.83,2.03,Bet365,2.5,1.93,1.93,2.5,1.83,2.03,Bet365,//www.nowgoal5.com/oddscomp/690601,13,3,72,122,0.9379826954985364,1.7980184240531427,0.19506203777344355,0.22919059125590321,0.5757473709706532,0.4242526290293464,0.48355149598172903,0.5167292416133301,0.5167292416133301
2012-05-02,Jaro,Inter Turku,0,1,3.4,3.4,2.1,4.0,3.75,1.83,Bet365,-0.5,1.83,2.03,-0.5,2.03,1.83,Bet365,2.75,2.05,1.8,2.5,1.85,2.0,Bet365,//www.nowgoal5.com/oddscomp/690506,8,7,133,122,1.2007042160994474,1.4128054314584657,0.32067945872510994,0.26028394557097456,0.4190365957039158,0.5809634042960845,0.5809634042960845,0.4241982948844706,0.48671080862862826
2012-05-05,Honka Espoo,TPS Turku,0,2,2.3,3.4,3.0,2.4,3.4,2.8,Bet365,0.25,2.03,1.83,0.0,1.78,2.1,Bet365,2.5,2.05,1.8,2.25,1.8,2.05,Bet365,//www.nowgoal5.com/oddscomp/690529,4,20,97,123,1.5931339544039498,1.1330695242600148,0.48038298321602074,0.2477371379632216,0.2718798788207582,0.5483001364962302,0.6385839411444115,0.5147458726651041,0.5854536464661988
2012-05-05,FC Haka,Jaro,4,1,2.2,3.4,3.2,2.6,3.2,2.7,Bet365,0.25,1.98,1.88,0.0,1.9,1.95,Bet365,2.5,2.03,1.83,2.25,1.85,2.0,Bet365,//www.nowgoal5.com/oddscomp/690530,1,8,28,123,1.4206791437976936,1.2298983199691,0.4150890504856337,0.2582226125744401,0.3266883369399261,0.47662698285359795,0.5595870911167262,0.4962934129237089,0.5660033866654489
2012-05-05,Vaasa VPS,IFK Mariehamn,1,2,2.25,3.25,3.25,2.25,3.25,3.25,Bet365,0.25,1.98,1.88,0.25,1.83,2.03,Bet365,2.25,1.93,1.93,2.25,2.0,1.85,Bet365,//www.nowgoal5.com/oddscomp/690531,22,5,116,123,1.2187668194274996,1.0185677048482789,0.4072336460494999,0.2853734401156705,0.30739291383482975,0.4750114754748368,0.4750114754748368,0.44934153297062057,0.44934153297062057
2012-05-05,KuPs,Mypa,1,2,2.05,3.3,3.6,2.0,3.4,3.75,Bet365,0.5,2.1,1.78,0.25,1.78,2.1,Bet365,2.5,2.15,1.73,2.25,1.8,2.05,Bet365,//www.nowgoal5.com/oddscomp/690532,13,15,209,123,1.2853591321597138,1.2128150264260387,0.38295309008367984,0.26868760833738864,0.34835930157893186,0.38295309008367984,0.4423847388002839,0.45789727137723274,0.5248122866882852
2012-05-05,Jyvaskyla JK,Lahti,2,1,1.8,3.6,4.33,1.66,3.75,5.0,Bet365,0.75,2.03,1.83,0.75,1.73,2.15,Bet365,2.75,2.0,1.85,2.75,1.95,1.9,Bet365,//www.nowgoal5.com/oddscomp/690533,9,14,166,123,1.3239834170939697,1.4538507789344233,0.3447764725809033,0.2520003287628385,0.40322319865625816,0.2757399156256384,0.2757399156256384,0.46842601493933567,0.46842601493933567
2012-05-06,HJK Helsinki,Inter Turku,2,1,1.8,3.6,4.33,1.83,3.6,4.2,Bet365,0.5,1.85,2.0,0.5,1.8,2.05,Bet365,2.75,2.0,1.85,2.5,1.88,1.98,Bet365,//www.nowgoal5.com/oddscomp/690534,3,7,66,123,1.7415155270669023,0.8577568935752222,0.5828419291316873,0.23371324505616206,0.18344482581215074,0.5828419291316872,0.5828419291316872,0.4205519309166007,0.4832454655554269
2012-05-12,HJK Helsinki,KuPs,2,0,1.25,6.0,10.0,1.25,5.75,11.0,Bet365,1.5,1.8,2.05,1.75,2.0,1.85,Bet365,2.75,1.8,2.05,3.0,1.78,2.1,Bet365,//www.nowgoal5.com/oddscomp/690538,3,13,72,124,2.3128464962294646,0.7402658344184714,0.7262024001831792,0.17002718224530378,0.10377041757151727,0.49437740518247597,0.4339291859598788,0.5383522325730896,0.47252984949532484
2012-05-12,Inter Turku,Jyvaskyla JK,2,1,1.7,3.75,4.75,1.57,3.8,4.75,Bet365,0.75,1.93,1.93,1.0,1.9,1.95,Bet365,2.75,1.93,1.93,2.75,1.75,2.13,Bet365,//www.nowgoal5.com/oddscomp/690535,7,9,134,124,2.0603164120702124,0.9940359895744327,0.6189990083098926,0.2053119733890638,0.17568901830104378,0.5682212607602655,0.5018275340694689,0.5389213002413789,0.5389213002413789
2012-05-12,Jaro,Honka Espoo,0,1,2.8,3.4,2.4,2.87,3.3,2.4,Bet365,-0.25,1.75,2.13,0.0,2.03,1.83,Bet365,2.5,1.95,1.9,2.25,1.78,2.1,Bet365,//www.nowgoal5.com/oddscomp/690536,8,4,85,124,1.274938575609942,1.482247119129451,0.3270075585956212,0.2521523785925908,0.42084006281178815,0.5184476522353617,0.4372649577733635,0.5221971869376058,0.5932713559641333
2012-05-12,Mypa,FC Haka,3,1,1.95,3.3,4.0,2.1,3.25,3.5,Bet365,0.5,1.98,1.88,0.25,1.78,2.1,Bet365,2.25,1.88,1.98,2.25,1.95,1.9,Bet365,//www.nowgoal5.com/oddscomp/690537,15,1,35,124,1.520810202119911,0.9295903483060123,0.5106305013041262,0.2575673571033604,0.23180214159251328,0.5106305013041261,0.5861121844632667,0.5117498935542547,0.5117498935542547
2012-05-13,TPS Turku,Vaasa VPS,1,0,1.7,3.6,5.0,1.66,3.5,5.5,Bet365,0.75,1.93,1.93,0.75,1.8,2.05,Bet365,2.5,2.05,1.8,2.5,2.0,1.85,Bet365,//www.nowgoal5.com/oddscomp/690539,20,22,251,124,1.4345041751880152,0.8753156501712523,0.5015277284701332,0.2679609307474769,0.23051134078239005,0.4299876762985154,0.4299876762985154,0.40906798417267076,0.40906798417267076
2012-05-13,IFK Mariehamn,Lahti,2,0,1.8,3.5,4.5,1.7,3.6,5.0,Bet365,0.75,2.05,1.8,0.75,1.98,1.88,Bet365,2.5,1.95,1.9,2.5,1.9,1.95,Bet365,//www.nowgoal5.com/oddscomp/690540,5,14,108,124,1.2941749727572789,1.214315760460398,0.38506659938961246,0.26797053595364506,0.3469628646567427,0.31221318347852745,0.31221318347852745,0.46055887945861046,0.46055887945861046
2012-05-16,Jyvaskyla JK,IFK Mariehamn,5,2,2.05,3.4,3.5,1.9,3.6,3.75,Bet365,0.25,1.8,2.05,0.5,1.95,1.9,Bet365,2.5,1.85,2.0,2.5,1.88,1.98,Bet365,//www.nowgoal5.com/oddscomp/690545,9,5,103,125,1.5353823118167411,1.4173660509616108,0.40455123624989725,0.2431977433798504,0.3522510203702523,0.4605540944923407,0.40455123624989736,0.5678966758697416,0.5678966758697416
2012-05-16,FC Haka,HJK Helsinki,0,1,4.75,4.0,1.65,6.0,4.0,1.53,Bet365,-1.0,1.93,1.93,-1.0,1.98,1.88,Bet365,2.75,1.83,2.03,2.75,1.95,1.9,Bet365,//www.nowgoal5.com/oddscomp/690544,1,3,23,125,0.8574371690356759,1.7946111154126694,0.17728939315840953,0.22785373868874415,0.594856868152846,0.540464237624225,0.540464237624225,0.4352117078103379,0.4352117078103379
2012-05-16,Inter Turku,KuPs,2,1,1.44,4.33,7.0,1.4,4.5,7.5,Bet365,1.25,2.03,1.83,1.25,1.9,1.95,Bet365,2.75,1.85,2.0,2.75,1.8,2.05,Bet365,//www.nowgoal5.com/oddscomp/690546,7,13,138,125,1.8334332482578848,0.9552785110772004,0.5796632942591452,0.22582206917426847,0.1945146365665868,0.3831253110892372,0.3831253110892372,0.4712112115969699,0.4712112115969699
2012-05-16,Vaasa VPS,Jaro,1,1,2.05,3.3,3.6,2.2,3.3,3.25,Bet365,0.5,2.1,1.78,0.25,2.05,1.8,Bet365,2.5,2.03,1.83,2.5,2.1,1.78,Bet365,//www.nowgoal5.com/oddscomp/690542,22,8,161,125,1.3040599879195163,0.9930186502879713,0.4372291561950688,0.2782729206709215,0.28449792313400984,0.43722915619506886,0.5078960091229415,0.40576120198011173,0.40576120198011173
2012-05-16,Honka Espoo,Mypa,2,1,1.83,3.4,4.5,1.83,3.6,4.2,Bet365,0.5,1.88,1.98,0.5,1.88,1.98,Bet365,2.25,1.88,1.98,2.25,1.83,2.03,Bet365,//www.nowgoal5.com/oddscomp/690541,4,15,92,125,1.5586945068058708,0.9785056340380923,0.5083093705933028,0.25307926881109316,0.23861136059560412,0.5083093705933027,0.5083093705933027,0.5358735792234254,0.5358735792234254
2012-05-16,Lahti,TPS Turku,2,0,3.75,3.4,2.0,4.5,3.5,1.8,Bet365,-0.5,1.8,2.05,-0.75,1.85,2.0,Bet365,2.5,1.98,1.88,2.5,2.0,1.85,Bet365,//www.nowgoal5.com/oddscomp/690543,14,20,222,125,1.3779625757698886,1.1333553535916319,0.4251051654999253,0.2655069281527095,0.30938790634736507,0.690612093652635,0.7608036406011067,0.4615200084441347,0.4615200084441347
2012-05-21,HJK Helsinki,Honka Espoo,3,0,1.5,4.0,6.5,1.44,4.33,7.0,Bet365,1.0,1.88,1.98,1.0,2.03,1.83,Bet365,2.75,1.83,2.03,2.5,1.85,2.0,Bet365,//www.nowgoal5.com/oddscomp/690547,3,4,63,126,1.8445211759931897,0.8883167884112212,0.5985178294717372,0.2232669303187399,0.1782152402095232,0.4668619951449724,0.4668619951449724,0.45682960353574065,0.5164568010464532
2012-05-21,Jaro,Lahti,0,2,2.05,3.3,3.6,2.2,3.4,3.2,Bet365,0.25,1.83,2.03,0.25,2.0,1.85,Bet365,2.5,2.0,1.85,2.5,1.85,2.0,Bet365,//www.nowgoal5.com/oddscomp/690548,8,14,153,126,1.2795279480091037,1.2739706385338567,0.3687856504251647,0.26520972058489684,0.3660046289899389,0.42516453406633464,0.42516453406633464,0.47232630153192745,0.47232630153192745
2012-05-21,Mypa,Vaasa VPS,1,0,2.15,3.2,3.5,2.0,3.4,3.75,Bet365,0.5,2.2,1.7,0.5,1.93,1.93,Bet365,2.25,1.98,1.88,2.25,1.98,1.88,Bet365,//www.nowgoal5.com/oddscomp/690549,15,22,231,126,1.2374591050586137,0.8512478790780702,0.4525405705068423,0.29170329961430164,0.25575612987885626,0.4525405705068426,0.4525405705068426,0.4046917834385048,0.4046917834385048
2012-05-21,TPS Turku,Jyvaskyla JK,2,3,1.8,3.6,4.33,1.9,3.6,3.75,Bet365,0.75,2.1,1.78,0.5,1.95,1.9,Bet365,2.75,2.03,1.83,2.75,1.83,2.03,Bet365,//www.nowgoal5.com/oddscomp/690550,20,9,172,126,1.9975372801239186,1.0856454427796849,0.5843176974497947,0.21283022431498783,0.2028520782352171,0.5298778019327809,0.5843176974497951,0.5465177847188404,0.5465177847188404
2012-05-21,KuPs,FC Haka,3,0,1.9,3.3,4.2,2.1,3.4,3.4,Bet365,0.5,1.98,1.88,0.25,1.8,2.05,Bet365,2.5,1.9,1.95,2.5,1.98,1.88,Bet365,//www.nowgoal5.com/oddscomp/690551,13,1,33,126,1.557981912034942,1.1449760059191219,0.46894547440304607,0.2501895797739493,0.28086494582300436,0.4689454744030461,0.535995750148139,0.5094769593001078,0.5094769593001078
2012-05-21,IFK Mariehamn,Inter Turku,2,1,4.0,3.3,1.95,3.75,3.5,1.95,Bet365,-0.25,2.1,1.78,-0.5,1.93,1.93,Bet365,2.5,1.93,1.93,2.5,1.83,2.03,Bet365,//www.nowgoal5.com/oddscomp/690552,5,7,101,126,1.2231884812576475,1.3202244289094247,0.34455058788548026,0.26555005248219765,0.38989935963232186,0.5504057523362808,0.6101006403676779,0.46963217653679107,0.46963217653679107
2012-05-24,Inter Turku,FC Haka,4,1,1.3,5.0,10.0,1.33,5.0,9.0,Bet365,1.5,1.93,1.93,1.25,2.0,1.85,Bet365,2.75,1.8,2.05,2.75,1.9,1.95,Bet365,//www.nowgoal5.com/oddscomp/690558,7,1,27,126,1.7896572263279877,0.8760933114500521,0.5891421056009942,0.22867666488807054,0.18218122951093502,0.3402110636005764,0.3885752894497455,0.43919151803307205,0.43919151803307205
2012-05-24,IFK Mariehamn,TPS Turku,2,1,2.9,3.25,2.4,2.7,3.4,2.5,Bet365,-0.25,1.83,2.03,0.0,1.95,1.9,Bet365,2.25,1.83,2.03,2.5,2.05,1.8,Bet365,//www.nowgoal5.com/oddscomp/690557,5,20,114,126,1.329080749416693,1.2973238713115398,0.377114909293234,0.26078311258253045,0.3621019781242355,0.5836034243412691,0.5101546186407125,0.5598967134954668,0.4905882703908321
2012-05-24,Honka Espoo,KuPs,1,0,1.8,3.5,4.5,1.75,3.75,4.33,Bet365,0.75,2.03,1.83,0.75,1.93,1.93,Bet365,2.5,1.98,1.88,2.5,1.78,2.1,Bet365,//www.nowgoal5.com/oddscomp/690553,4,13,90,126,1.918419925214752,1.0047330937325132,0.5865282598456334,0.21848708906017106,0.19498465109419563,0.5306659691649295,0.5306659691649295,0.5610781637956465,0.5610781637956465
2012-05-24,Vaasa VPS,HJK Helsinki,1,0,5.5,3.75,1.61,7.5,4.2,1.44,Bet365,-1.0,1.85,2.0,-1.0,2.1,1.78,Bet365,2.5,1.8,2.05,2.25,1.85,2.0,Bet365,//www.nowgoal5.com/oddscomp/690555,22,3,81,126,0.778192856881368,1.4559055217129826,0.20152821132750245,0.2665559991487558,0.5319157895237416,0.6333338186465524,0.6333338186465524,0.3890134140043612,0.44857700357893854
2012-05-24,Lahti,Mypa,0,0,2.4,3.25,2.9,2.8,3.25,2.5,Bet365,0.25,2.2,1.7,0.0,2.2,1.7,Bet365,2.5,2.03,1.83,2.25,1.9,1.95,Bet365,//www.nowgoal5.com/oddscomp/690556,14,15,217,126,1.3384674313726936,0.9921108284863572,0.446969626407835,0.2747138739202038,0.27831649967196115,0.5181397098734475,0.616266615802684,0.414973289856513,0.4775595084478524
2012-05-24,Jyvaskyla JK,Jaro,1,1,1.57,4.0,5.5,1.72,3.75,4.5,Bet365,0.75,1.88,1.98,0.75,1.95,1.9,Bet365,2.75,1.83,2.03,3.0,1.88,1.98,Bet365,//www.nowgoal5.com/oddscomp/690554,9,8,148,126,1.6160467168345236,1.3873106940749185,0.43044406750807207,0.23941915741543904,0.33013677507648875,0.3639581659259583,0.3639581659259583,0.526867182808196,0.45932543105424767
2012-05-27,HJK Helsinki,Lahti,2,0,1.25,5.5,12.0,1.2,6.5,13.0,Bet365,1.75,1.8,2.05,1.75,2.05,1.8,Bet365,3.0,1.78,2.1,2.75,1.88,1.98,Bet365,//www.nowgoal5.com/oddscomp/690559,3,14,73,127,1.8858910350277145,0.7737145565100209,0.6362631089315323,0.21542193459870904,0.14831495646975915,0.31698082034993436,0.31698082034993436,0.35911295205145777,0.4373975214655844
2012-05-27,FC Haka,Honka Espoo,2,1,3.4,3.4,2.1,3.6,3.5,2.0,Bet365,-0.5,1.7,2.2,-0.5,1.88,1.98,Bet365,2.5,2.03,1.83,2.5,2.1,1.78,Bet365,//www.nowgoal5.com/oddscomp/690560,1,4,24,127,1.1723696043528458,1.5034660995175126,0.29748368250855356,0.2537419631179411,0.44877435437350494,0.551225645626495,0.551225645626495,0.5030767383228256,0.5030767383228256
2012-05-27,Jaro,IFK Mariehamn,0,3,2.75,3.3,2.5,3.0,3.25,2.37,Bet365,0.0,2.05,1.8,-0.25,1.83,2.03,Bet365,2.25,1.83,2.03,2.25,1.95,1.9,Bet365,//www.nowgoal5.com/oddscomp/690561,8,5,102,127,1.4315723174781843,1.2423882671478081,0.4152143517656759,0.25673037989722997,0.3280552683370943,0.558632211697641,0.623632208633619,0.572354463693632,0.572354463693632
2012-05-27,KuPs,Vaasa VPS,0,3,2.2,3.25,3.25,2.1,3.4,3.4,Bet365,0.25,1.83,2.03,0.25,1.78,2.1,Bet365,2.5,2.1,1.78,2.25,1.75,2.13,Bet365,//www.nowgoal5.com/oddscomp/690562,13,22,216,127,1.2781308183865359,1.0644133665983857,0.4135483849577967,0.277218466101948,0.3092331489402555,0.4800938213240327,0.4800938213240327,0.4179007875798189,0.4808487176267403
2012-05-27,Mypa,Jyvaskyla JK,0,1,2.5,3.4,2.7,2.3,3.4,3.0,Bet365,0.25,2.13,1.75,0.25,2.05,1.8,Bet365,2.5,1.8,2.05,2.5,1.78,2.1,Bet365,//www.nowgoal5.com/oddscomp/690563,15,9,167,127,1.732228522216137,1.0655220977214488,0.5297561335313319,0.23590442525350264,0.23433944121516562,0.6005979960665777,0.6005979960665777,0.5324006222966722,0.5324006222966722
2012-05-30,Inter Turku,Lahti,2,0,1.3,5.0,10.0,1.25,5.5,12.0,Bet365,1.5,1.83,2.03,1.5,1.98,1.88,Bet365,3.0,1.98,1.88,2.75,1.8,2.05,Bet365,//www.nowgoal5.com/oddscomp/690657,7,14,139,127,1.4873682904494738,1.0002686287853462,0.4848078898740831,0.25977996356953253,0.2554121465563844,0.2451850670000872,0.2451850670000872,0.30911686739509475,0.39108118814980414
2012-06-11,Jyvaskyla JK,KuPs,1,5,1.8,3.6,4.33,1.8,3.75,4.2,Bet365,0.75,1.95,1.9,0.5,1.93,1.93,Bet365,2.75,1.88,1.98,2.75,1.78,2.1,Bet365,//www.nowgoal5.com/oddscomp/690576,9,13,165,128,1.6727531261512023,1.3988627196571115,0.44143786023522197,0.23560005017213975,0.32296208959263845,0.3760421128863744,0.44143786023522197,0.5438583530704796,0.5438583530704796
2012-06-16,FC Haka,Vaasa VPS,0,1,2.6,3.2,2.75,2.87,3.2,2.5,Bet365,0.0,1.85,2.0,0.0,2.1,1.78,Bet365,2.25,1.85,2.0,2.25,1.95,1.9,Bet365,//www.nowgoal5.com/oddscomp/690566,1,22,42,129,1.154410793791555,1.040543431096887,0.38394013034994284,0.28950329576207323,0.32655657388798387,0.5403827041840455,0.5403827041840455,0.43749591001476235,0.43749591001476235
2012-06-16,TPS Turku,Jaro,2,3,1.44,4.2,7.5,1.5,3.9,7.0,Bet365,1.25,2.03,1.83,1.0,1.8,2.05,Bet365,2.75,1.95,1.9,2.75,1.8,2.05,Bet365,//www.nowgoal5.com/oddscomp/690567,20,8,159,129,1.7367559191443014,1.0316922911724746,0.5389632891554396,0.23538757953670675,0.2256491313078533,0.3415358258015291,0.39489769527690893,0.46696427149693687,0.46696427149693687
2012-06-16,Honka Espoo,Inter Turku,2,1,2.9,3.3,2.4,3.25,3.4,2.2,Bet365,-0.25,1.8,2.05,-0.25,1.83,2.03,Bet365,2.5,2.03,1.83,2.5,1.8,2.05,Bet365,//www.nowgoal5.com/oddscomp/690568,4,7,84,129,1.4537053008307463,1.1624384224641295,0.43869707108024186,0.25792864697519646,0.3033742819445619,0.651708546360279,0.651708546360279,0.48846945055479707,0.48846945055479707
2012-06-16,Jyvaskyla JK,HJK Helsinki,0,3,3.8,3.6,1.9,5.5,3.75,1.61,Bet365,-0.5,2.0,1.85,-0.75,1.93,1.93,Bet365,2.75,1.93,1.93,3.0,2.0,1.85,Bet365,//www.nowgoal5.com/oddscomp/690565,9,3,68,129,0.9698336838080611,2.035701092576856,0.1740516262692785,0.20668541224103235,0.6192629614896888,0.38073703851031093,0.4318683643675116,0.5273719015013278,0.45996675052499875
2012-06-17,IFK Mariehamn,Mypa,0,0,2.0,3.4,3.75,1.9,3.6,3.75,Bet365,0.5,1.98,1.88,0.5,1.93,1.93,Bet365,2.5,2.03,1.83,2.5,2.03,1.83,Bet365,//www.nowgoal5.com/oddscomp/690569,5,15,109,129,1.2865576386815858,1.0998535157270692,0.4081278492360907,0.27433116494371623,0.317540985820193,0.40812784923609075,0.40812784923609075,0.4299722102220029,0.4299722102220029
2012-06-17,KuPs,Lahti,1,2,2.05,3.25,3.75,1.7,3.6,5.0,Bet365,0.25,1.8,2.05,0.75,1.88,1.98,Bet365,2.25,1.85,2.0,2.75,2.13,1.75,Bet365,//www.nowgoal5.com/oddscomp/690570,13,14,208,129,1.283494475456301,1.326734479467001,0.3593615386938639,0.26152723590434157,0.37911122540179476,0.4134221094695163,0.2882238218583427,0.5558628072971845,0.4245431554508438
2012-06-19,Inter Turku,Jaro,1,1,1.28,4.5,9.0,1.25,5.5,12.0,Bet365,1.5,1.88,1.98,1.5,1.83,2.03,Bet365,2.75,1.73,2.15,3.25,2.0,1.85,Bet365,//www.nowgoal5.com/oddscomp/690571,7,8,133,129,1.7717454008081706,0.9442565666106577,0.5681992561992973,0.23147585064384088,0.20032489315686175,0.32397235938459984,0.32397235938459984,0.4529383828809428,0.33001197637836577
2012-06-20,IFK Mariehamn,HJK Helsinki,2,0,3.8,3.5,1.8,4.75,3.6,1.72,Bet365,-0.75,1.83,2.03,-0.75,1.9,1.95,Bet365,2.5,1.93,1.93,2.5,1.9,1.95,Bet365,//www.nowgoal5.com/oddscomp/690575,5,3,64,130,0.9365037501095463,1.6244752701670142,0.21878713888381193,0.24649472629089922,0.5347181348252888,0.5306294056476657,0.5306294056476657,0.4745220971994951,0.4745220971994951
2012-06-20,TPS Turku,Mypa,1,0,1.72,3.5,4.0,1.9,3.4,4.0,Bet365,0.75,2.03,1.83,0.5,2.13,1.75,Bet365,2.5,1.95,1.9,2.5,2.03,1.83,Bet365,//www.nowgoal5.com/oddscomp/690573,20,15,229,130,1.443932616317527,1.0117540305953563,0.47083340207089547,0.2634846233087219,0.2656819746203829,0.3996104409706614,0.4708334020708958,0.44798106005859833,0.44798106005859833
2012-06-20,Vaasa VPS,Honka Espoo,2,0,2.5,3.2,2.6,2.8,3.2,2.55,Bet365,0.0,1.93,1.93,0.0,1.95,1.9,Bet365,2.25,1.93,1.93,2.25,1.9,1.95,Bet365,//www.nowgoal5.com/oddscomp/690572,22,4,99,130,1.0670010712313047,1.2327507352213223,0.31909546403668926,0.2808026784417159,0.4001018575215946,0.4436827758831273,0.4436827758831273,0.46887722494001133,0.46887722494001133
2012-06-20,Lahti,FC Haka,0,1,2.2,3.4,2.75,2.15,3.3,3.4,Bet365,0.25,1.85,2.0,0.25,1.88,1.98,Bet365,2.5,1.98,1.88,2.25,1.78,2.1,Bet365,//www.nowgoal5.com/oddscomp/690574,14,1,34,130,1.6432576638150065,0.9351607191616662,0.5399950984919976,0.24444617358834983,0.21555872791965236,0.6151848953509418,0.6151848953509418,0.4790756920193744,0.547447195848365
2012-06-25,Honka Espoo,Lahti,3,2,1.66,3.6,5.5,1.57,4.0,5.5,Bet365,0.75,1.88,1.98,1.0,2.1,1.78,Bet365,2.25,1.8,2.05,2.5,1.9,1.95,Bet365,//www.nowgoal5.com/oddscomp/690577,4,14,91,131,1.566520234321576,1.0600441488449668,0.4909034175045773,0.2508638019964104,0.25823278049901216,0.423099391526611,0.33445936516331265,0.5603974833792577,0.4911927177945585
2012-06-25,Jaro,Mypa,1,0,2.6,3.2,2.75,2.7,3.25,2.6,Bet365,0.0,1.88,1.98,0.0,1.95,1.9,Bet365,2.25,1.85,2.0,2.25,1.8,2.05,Bet365,//www.nowgoal5.com/oddscomp/690578,8,15,154,131,1.2696003226754435,1.191282606253145,0.383552748388852,0.2705100523815311,0.34593719922961685,0.525782088760809,0.525782088760809,0.5153118078975651,0.5153118078975651
2012-06-25,Inter Turku,Vaasa VPS,1,1,1.57,3.8,6.0,1.66,3.75,5.0,Bet365,1.0,2.03,1.83,0.75,1.83,2.03,Bet365,2.5,1.9,1.95,2.5,1.83,2.03,Bet365,//www.nowgoal5.com/oddscomp/690579,7,22,147,131,1.471495054183481,0.8015515877552427,0.5301552294702876,0.2641851897496282,0.20565958078008373,0.36672082815055673,0.4605449202070181,0.400145223613993,0.400145223613993
2012-06-25,HJK Helsinki,TPS Turku,0,0,1.44,4.33,7.0,1.4,4.5,8.0,Bet365,1.25,1.98,1.88,1.25,1.88,1.98,Bet365,2.75,1.95,1.9,2.75,1.78,2.1,Bet365,//www.nowgoal5.com/oddscomp/690580,3,20,79,131,1.9159404442824528,0.831030416697783,0.6281618957115379,0.21405615246457865,0.15778195182388344,0.4342911457674659,0.4342911457674659,0.46121976652533353,0.46121976652533353
2012-06-25,FC Haka,Jyvaskyla JK,3,1,3.0,3.4,2.3,2.8,3.4,2.4,Bet365,-0.25,1.88,1.98,0.0,1.98,1.88,Bet365,2.75,1.8,2.05,2.75,1.9,1.95,Bet365,//www.nowgoal5.com/oddscomp/690581,1,9,29,131,1.621662692735464,1.290051000594628,0.4524826481843208,0.24156981705965289,0.3059475347560267,0.6520219708189514,0.5966042206153993,0.5041235923619548,0.5041235923619548
2012-06-25,KuPs,IFK Mariehamn,2,0,2.5,3.4,2.7,2.1,3.6,3.2,Bet365,0.0,1.8,2.05,0.25,1.8,2.05,Bet365,2.75,2.03,1.83,2.5,1.85,2.0,Bet365,//www.nowgoal5.com/oddscomp/690582,13,5,107,131,1.4228073882264045,1.2616559709361426,0.40898478817494477,0.25622860671340214,0.334786605111653,0.5498796967273926,0.4690807404565858,0.44467457208689054,0.5053265550090072
2012-06-28,Jyvaskyla JK,Honka Espoo,0,1,2.3,3.3,3.1,2.37,3.4,2.87,Bet365,0.25,2.05,1.8,0.25,2.13,1.75,Bet365,2.75,1.83,2.03,2.75,1.88,1.98,Bet365,//www.nowgoal5.com/oddscomp/690583,9,4,86,131,1.3322743004077295,1.6976669509352889,0.30343972817417264,0.23542174609961672,0.46113852572621095,0.3439232320850114,0.3439232320850114,0.5339060587706752,0.5339060587706752
2012-06-28,Jaro,HJK Helsinki,2,2,7.0,4.0,1.5,6.0,4.0,1.53,Bet365,-1.0,1.98,1.88,-1.0,1.95,1.9,Bet365,2.5,1.83,2.03,2.5,1.83,2.03,Bet365,//www.nowgoal5.com/oddscomp/690584,8,3,67,131,0.9227064798971146,1.784389031598902,0.19393994849272173,0.22993188177484128,0.5761281697324362,0.5619324049791229,0.5619324049791229,0.5106750841678154,0.5106750841678154
2012-06-28,Lahti,Vaasa VPS,1,0,2.87,3.2,2.5,2.87,3.2,2.5,Bet365,0.0,2.03,1.83,0.0,2.0,1.85,Bet365,2.25,2.05,1.8,2.25,2.05,1.8,Bet365,//www.nowgoal5.com/oddscomp/690585,14,22,224,131,1.352371975333357,0.8553888048220513,0.4842086715329917,0.27760535321265684,0.23818597525435103,0.670282751521457,0.670282751521457,0.44150441509462907,0.44150441509462907
2012-06-28,Mypa,Inter Turku,4,0,3.4,3.4,2.1,3.6,3.5,2.0,Bet365,-0.5,1.78,2.1,-0.5,1.85,2.0,Bet365,2.25,1.83,2.03,2.5,1.98,1.88,Bet365,//www.nowgoal5.com/oddscomp/690586,15,7,140,131,1.1785636918208608,1.1620266875750493,0.36476205209341594,0.2790126540773933,0.356225293829191,0.6437747061708092,0.6437747061708092,0.4808964376245355,0.4180200643416795
2012-06-28,TPS Turku,KuPs,3,0,1.8,3.5,4.5,1.9,3.6,3.75,Bet365,0.75,2.03,1.83,0.5,1.93,1.93,Bet365,2.75,2.03,1.83,2.75,2.05,1.8,Bet365,//www.nowgoal5.com/oddscomp/690587,20,13,214,131,1.791324728336646,1.04183570091104,0.5491848999488694,0.2304090357577903,0.22040606429334045,0.4885752248541016,0.5491848999488695,0.4838221715437229,0.4838221715437229
2012-06-28,IFK Mariehamn,FC Haka,1,0,1.72,3.5,5.0,1.83,3.5,4.33,Bet365,0.75,2.0,1.85,0.5,1.85,2.0,Bet365,2.75,1.98,1.88,2.5,1.93,1.93,Bet365,//www.nowgoal5.com/oddscomp/690588,5,1,25,131,1.5703867297966652,1.0244178663523087,0.5002778429678406,0.25108766849588526,0.24863448853627398,0.43269223009126895,0.5002778429678408,0.42072647949622977,0.48322573671326263
2012-07-02,FC Haka,TPS Turku,1,0,2.7,3.25,2.3,3.0,3.4,2.3,Bet365,-0.25,1.9,1.95,-0.25,1.85,2.0,Bet365,2.5,1.98,1.88,2.5,2.0,1.85,Bet365,//www.nowgoal5.com/oddscomp/690593,1,20,40,132,1.1762508895040842,1.374952699361436,0.321830593912049,0.2634608098256458,0.4147085962623052,0.5223734671710272,0.5223734671710272,0.4723268396830152,0.4723268396830152
2012-07-02,Lahti,Inter Turku,4,3,3.6,3.4,1.85,3.75,3.6,1.9,Bet365,-0.5,1.9,1.95,-0.5,1.85,2.0,Bet365,2.5,1.95,1.9,2.5,1.8,2.05,Bet365,//www.nowgoal5.com/oddscomp/690592,14,7,139,132,1.2549680408784625,1.1271355629512094,0.3934462628588986,0.2753843155220931,0.33116942161900825,0.6688305783809918,0.6688305783809918,0.42890925290728615,0.42890925290728615
2012-07-02,KuPs,Jaro,1,0,1.9,3.3,3.5,1.9,3.6,3.75,Bet365,0.5,1.85,2.0,0.5,1.85,2.0,Bet365,2.5,1.8,2.05,2.75,1.88,1.98,Bet365,//www.nowgoal5.com/oddscomp/690589,13,8,152,132,1.5197844100453208,1.2087383488203185,0.4451846684191169,0.25120776474255213,0.3036075668383309,0.4451846684191168,0.4451846684191168,0.5160839692747337,0.4564836430066216
2012-07-02,Vaasa VPS,Jyvaskyla JK,2,0,2.1,3.3,3.0,2.0,3.4,3.75,Bet365,0.25,1.9,1.95,0.5,2.1,1.78,Bet365,2.5,2.0,1.85,2.5,1.85,2.0,Bet365,//www.nowgoal5.com/oddscomp/690590,22,9,174,132,1.4538060749051878,1.0457982003289668,0.46535116841202306,0.26157438598613597,0.273074445601841,0.5353708144435011,0.4653511684120231,0.4592841312252405,0.4592841312252405
2012-07-02,HJK Helsinki,Mypa,1,1,1.3,4.75,7.5,1.33,5.0,9.0,Bet365,1.5,2.1,1.78,1.5,1.9,1.95,Bet365,2.75,1.88,1.98,2.75,1.88,1.98,Bet365,//www.nowgoal5.com/oddscomp/690591,3,15,74,132,1.8323096591676777,0.708891355844695,0.6411652503517512,0.21897792327130752,0.1398568263769412,0.3831990803162022,0.3831990803162022,0.4062505376228725,0.4062505376228725
2012-07-03,Honka Espoo,IFK Mariehamn,2,2,2.2,3.3,2.8,2.0,3.6,3.5,Bet365,0.25,1.8,2.05,0.25,1.75,2.13,Bet365,2.5,2.0,1.85,2.5,1.98,1.88,Bet365,//www.nowgoal5.com/oddscomp/690594,4,5,82,132,1.6565637341217196,0.9957101407960758,0.5284606265192774,0.2430165974735653,0.22852277600715737,0.6015544890855355,0.6015544890855355,0.49747095018141213,0.49747095018141213
2012-07-07,Jaro,FC Haka,1,0,2.25,3.25,3.2,2.1,3.3,3.5,Bet365,0.25,1.98,1.88,0.25,1.83,2.03,Bet365,2.5,1.93,1.93,2.5,2.05,1.8,Bet365,//www.nowgoal5.com/oddscomp/690595,8,1,28,133,1.523701149145757,1.1093242396302672,0.4686316002244593,0.25363506357480736,0.2777333362007333,0.5366937808356921,0.5366937808356921,0.49280912238258656,0.49280912238258656
2012-07-07,IFK Mariehamn,Vaasa VPS,0,0,1.9,3.4,4.0,2.1,3.3,3.5,Bet365,0.5,2.05,1.8,0.25,1.83,2.03,Bet365,2.25,1.93,1.93,2.25,1.98,1.88,Bet365,//www.nowgoal5.com/oddscomp/690596,5,22,116,133,1.2779353268718474,0.9004294243592391,0.4522281846051663,0.2845847030643525,0.2631871123304813,0.45222818460516634,0.5272521300387256,0.43275825702593895,0.43275825702593895
2012-07-07,Inter Turku,HJK Helsinki,2,0,2.75,3.3,2.5,3.1,3.5,2.2,Bet365,-0.25,1.8,2.05,-0.25,1.9,1.95,Bet365,2.5,1.95,1.9,2.5,1.83,2.03,Bet365,//www.nowgoal5.com/oddscomp/690597,7,3,66,133,1.0417184015545704,1.4083746953496763,0.2800662749072608,0.26594672789913687,0.45398699719360225,0.47638633195670876,0.47638633195670876,0.44658418975718,0.44658418975718
2012-07-08,Mypa,KuPs,1,1,1.9,3.3,4.2,2.2,3.25,3.3,Bet365,0.5,1.98,1.88,0.25,1.9,1.95,Bet365,2.25,1.85,2.0,2.25,1.83,2.03,Bet365,//www.nowgoal5.com/oddscomp/690598,15,13,209,133,1.5025996936483401,1.0041216209803492,0.4879602790404569,0.25790264699389054,0.25413707396565227,0.4879602790404572,0.5601986343627092,0.5281137694486446,0.5281137694486446
2012-07-08,Jyvaskyla JK,Lahti,3,1,1.9,3.6,3.75,2.1,3.5,3.3,Bet365,0.5,1.93,1.93,0.25,1.88,1.98,Bet365,2.75,2.05,1.8,2.75,1.83,2.03,Bet365,//www.nowgoal5.com/oddscomp/690599,9,14,166,133,1.3327305672089662,1.4559802631812808,0.34698842351723463,0.2508404125320351,0.4021711639507305,0.3469884235172343,0.39674873122300525,0.4724576908410776,0.4724576908410776
2012-07-09,TPS Turku,Honka Espoo,2,1,2.0,3.3,3.75,2.0,3.3,3.75,Bet365,0.5,2.15,1.73,0.25,1.85,2.0,Bet365,2.5,2.1,1.78,2.5,1.83,2.03,Bet365,//www.nowgoal5.com/oddscomp/690600,20,4,97,133,1.4168152380895063,1.2433614821467291,0.411447562985981,0.2573266194542004,0.33122581755981867,0.411447562985981,0.4722027289555734,0.49956218837953814,0.49956218837953814
2012-07-14,Vaasa VPS,TPS Turku,1,3,2.4,3.2,2.6,2.9,3.2,2.45,Bet365,0.0,1.9,1.95,0.0,2.05,1.8,Bet365,2.25,1.85,2.0,2.25,2.0,1.85,Bet365,//www.nowgoal5.com/oddscomp/690603,22,20,251,134,1.0756963131809558,1.1216021307261135,0.34392432794395195,0.28962919355742195,0.36644647849862594,0.48414760970579496,0.48414760970579496,0.43862250779851036,0.43862250779851036
2012-07-15,FC Haka,Mypa,3,1,2.4,3.2,2.6,2.5,3.2,2.8,Bet365,0.0,1.85,2.0,0.0,1.93,1.93,Bet365,2.25,1.98,1.88,2.25,2.1,1.78,Bet365,//www.nowgoal5.com/oddscomp/690604,1,15,35,134,1.1517676166738167,1.182815333422232,0.3530121562739205,0.2793003143814189,0.36768752934466076,0.4898186627775864,0.4898186627775864,0.47935874335080003,0.47935874335080003
2012-07-15,Inter Turku,Jyvaskyla JK,3,2,1.5,4.0,5.0,1.44,4.33,7.0,Bet365,1.0,1.93,1.93,1.25,1.85,2.0,Bet365,3.0,1.95,1.9,3.25,1.93,1.93,Bet365,//www.nowgoal5.com/oddscomp/690605,7,9,134,134,1.9582216658741645,1.0013008281026183,0.5958265996568686,0.2144360145685895,0.1897373857745423,0.4705603505981682,0.4074235616562394,0.44754201649580266,0.39185046988479366
2012-07-15,Honka Espoo,Jaro,2,0,1.66,3.4,4.5,1.61,3.75,5.5,Bet365,0.75,1.78,2.1,0.75,1.88,1.98,Bet365,2.5,1.98,1.88,2.75,2.03,1.83,Bet365,//www.nowgoal5.com/oddscomp/690602,4,8,85,134,1.8415235514137778,0.9801164626963811,0.5753580876248873,0.2250067299553851,0.19963518241972797,0.5173476050367698,0.5173476050367698,0.5382067591802924,0.48099480501652303
2012-07-16,Lahti,IFK Mariehamn,2,0,2.4,3.2,2.6,2.6,3.4,2.6,Bet365,0.0,1.93,1.93,0.0,1.88,1.98,Bet365,2.5,1.93,1.93,2.5,1.9,1.95,Bet365,//www.nowgoal5.com/oddscomp/690606,14,5,108,134,1.434506771571302,1.0108331284379262,0.4685718839157302,0.26433190019737596,0.2670962158868939,0.6369338075708947,0.6369338075708947,0.4455046173604482,0.4455046173604482
2012-07-21,Jaro,Vaasa VPS,0,0,2.25,3.3,2.7,2.4,3.2,3.0,Bet365,0.0,1.75,2.13,0.25,2.15,1.73,Bet365,2.25,2.03,1.83,2.25,2.03,1.83,Bet365,//www.nowgoal5.com/oddscomp/690607,8,22,161,135,1.2452441082334131,1.0065150306169728,0.4178040654601399,0.28286341357405875,0.29933252096580143,0.5826004046765875,0.48662880840453115,0.4549809046057823,0.4549809046057823
2012-07-21,HJK Helsinki,FC Haka,1,0,1.22,5.25,11.0,1.22,6.0,13.0,Bet365,1.5,1.78,2.1,1.75,2.0,1.85,Bet365,2.75,1.8,2.05,2.75,1.78,2.1,Bet365,//www.nowgoal5.com/oddscomp/690608,3,1,23,135,2.2784093807740153,0.6681360775226419,0.7365875405590407,0.16882165327695925,0.0945908061639999,0.5022165988389996,0.4417449841894087,0.5127524961104107,0.5127524961104107
2012-07-22,Mypa,Honka Espoo,0,0,2.75,3.25,2.25,2.8,3.2,2.5,Bet365,0.0,2.13,1.75,0.0,2.1,1.78,Bet365,2.25,1.95,1.9,2.25,1.83,2.03,Bet365,//www.nowgoal5.com/oddscomp/690609,15,4,92,135,1.2252039904289411,1.212228873095564,0.36729810330923457,0.27215130953022754,0.36055058716053795,0.5046352464715854,0.5046352464715854,0.5089777287363574,0.5089777287363574
2012-07-22,KuPs,Inter Turku,0,6,3.25,3.5,1.9,2.87,3.4,2.35,Bet365,-0.5,1.83,2.03,-0.25,1.8,2.05,Bet365,2.75,2.03,1.83,2.75,2.03,1.83,Bet365,//www.nowgoal5.com/oddscomp/690612,13,7,138,135,1.2231150118946312,1.3543411931910854,0.338291327332641,0.26261471127202646,0.39909396139533276,0.6009060386046676,0.540580936209574,0.41629636573922535,0.41629636573922535
2012-07-22,IFK Mariehamn,Jyvaskyla JK,3,3,1.72,3.6,3.8,1.66,3.75,5.0,Bet365,0.75,2.05,1.8,0.75,1.8,2.05,Bet365,2.75,1.95,1.9,2.75,1.78,2.1,Bet365,//www.nowgoal5.com/oddscomp/690610,5,9,103,135,1.7621328222969375,1.1372642838419218,0.5201604164905665,0.23292197124752714,0.24691761226190626,0.4577820575662973,0.4577820575662973,0.5011882476379662,0.5011882476379662
2012-07-22,TPS Turku,Lahti,4,0,1.55,3.8,4.75,1.57,3.9,5.75,Bet365,0.75,1.8,2.05,1.0,2.03,1.83,Bet365,2.5,1.83,2.03,2.75,1.8,2.05,Bet365,//www.nowgoal5.com/oddscomp/690611,20,14,222,135,1.448486091682575,1.0731815609690056,0.45765872904422117,0.26115480204761965,0.2811864689081595,0.3867126932679631,0.2944115838009443,0.46506767762967716,0.4012486726159273
2012-07-28,Honka Espoo,HJK Helsinki,1,0,3.8,3.3,2.0,3.6,3.5,2.0,Bet365,-0.25,2.05,1.8,-0.5,1.78,2.1,Bet365,2.5,1.85,2.0,2.5,2.0,1.85,Bet365,//www.nowgoal5.com/oddscomp/690614,4,3,63,136,1.1165293019255056,1.4322383572718087,0.2958460163409143,0.26112173930555066,0.4430322443535351,0.49043903260185295,0.5569677556464648,0.47196882899652415,0.47196882899652415
2012-07-29,Jyvaskyla JK,TPS Turku,2,1,3.0,3.2,2.37,3.25,3.5,2.1,Bet365,0.0,2.05,1.8,-0.25,1.95,1.9,Bet365,2.5,1.75,2.13,3.0,1.98,1.88,Bet365,//www.nowgoal5.com/oddscomp/690615,9,20,172,136,1.3469108643109022,1.5537548244083923,0.33242916408045886,0.24412387993290077,0.42344695598664056,0.4397931820507161,0.5176801470818356,0.5568163569445888,0.43078237599938024
2012-07-29,Lahti,Jaro,0,2,2.0,3.3,3.8,2.25,3.3,3.1,Bet365,0.5,2.05,1.8,0.25,2.03,1.83,Bet365,2.5,2.0,1.85,2.5,2.0,1.85,Bet365,//www.nowgoal5.com/oddscomp/690616,14,8,153,136,1.5878073765474663,0.9986271041749704,0.510902990971056,0.2495314387565903,0.23956557027235378,0.5109029909710558,0.5837328384899945,0.48148652379616086,0.48148652379616086
2012-07-29,FC Haka,KuPs,0,2,2.2,3.25,3.3,2.15,3.3,3.3,Bet365,0.25,1.98,1.88,0.25,1.9,1.95,Bet365,2.5,1.93,1.93,2.5,1.9,1.95,Bet365,//www.nowgoal5.com/oddscomp/690617,1,13,33,136,1.3707813838766756,1.2142311949335565,0.40583636378993077,0.2618000974556136,0.33236353875445557,0.46696166901846614,0.46696166901846614,0.48113191278750816,0.48113191278750816
2012-07-29,Vaasa VPS,Mypa,2,0,2.05,3.3,3.6,2.3,3.0,3.4,Bet365,0.25,1.8,2.05,0.25,1.93,1.93,Bet365,2.25,2.03,1.83,2.0,2.1,1.78,Bet365,//www.nowgoal5.com/oddscomp/690613,22,15,231,136,1.064661206837989,0.9591454574833584,0.3755914881490139,0.3039687667486379,0.32043974510234846,0.4429063342530416,0.4429063342530416,0.3854324714821533,0.45620825435527684
2012-07-30,Inter Turku,IFK Mariehamn,0,3,1.61,3.6,6.0,1.65,3.8,5.0,Bet365,0.75,1.85,2.0,0.75,1.93,1.93,Bet365,2.5,1.8,2.05,2.75,1.83,2.03,Bet365,//www.nowgoal5.com/oddscomp/690618,7,5,101,136,1.5316302623709586,0.9696535076436481,0.5037314375790022,0.25552133179677716,0.2407472306242205,0.43525930461021295,0.43525930461021295,0.45990467743670516,0.395774554299775
2012-08-04,HJK Helsinki,Vaasa VPS,3,3,1.33,4.33,8.5,1.5,4.0,7.0,Bet365,1.25,1.9,1.95,1.0,1.9,1.95,Bet365,2.75,2.15,1.73,2.5,1.98,1.88,Bet365,//www.nowgoal5.com/oddscomp/690620,3,22,81,137,1.7415932366724929,0.6091990696657473,0.6473869765785395,0.2261709693825935,0.12644205403886655,0.4381110184667424,0.5183026836640315,0.3549745297922304,0.4210080605132575
2012-08-04,Mypa,Lahti,3,1,1.83,3.4,4.0,1.9,3.5,4.0,Bet365,0.5,1.9,1.95,0.5,1.98,1.88,Bet365,2.5,1.95,1.9,2.5,1.93,1.93,Bet365,//www.nowgoal5.com/oddscomp/690619,15,14,217,137,1.2039697439056878,1.026227861392085,0.40165591835528364,0.2855824184042732,0.3127616632404434,0.40165591835528375,0.40165591835528375,0.38926832868952677,0.38926832868952677
2012-08-05,KuPs,Honka Espoo,0,2,2.5,3.3,2.5,3.0,3.4,2.3,Bet365,-0.25,1.73,2.15,-0.25,1.83,2.03,Bet365,2.5,2.03,1.83,2.5,1.9,1.95,Bet365,//www.nowgoal5.com/oddscomp/690621,13,4,90,137,1.2099009545651613,1.4151335162273773,0.32335365461740956,0.25879043410104063,0.4178559112815498,0.5200394949980445,0.5200394949980445,0.49107958563048,0.49107958563048
2012-08-05,Jaro,Jyvaskyla JK,0,3,2.2,3.3,3.0,2.6,3.4,2.6,Bet365,0.0,1.8,2.05,0.0,1.9,1.95,Bet365,2.5,1.8,2.05,2.75,1.8,2.05,Bet365,//www.nowgoal5.com/oddscomp/690622,8,9,148,137,1.6776486494924203,1.2448497591814145,0.4759756161522432,0.23832233378954273,0.285702050058214,0.6249042570991278,0.6249042570991278,0.561787474174528,0.5072531977927568
2012-08-05,FC Haka,Inter Turku,0,2,3.7,3.5,1.85,3.4,3.5,2.05,Bet365,-0.5,1.88,1.98,-0.25,2.0,1.85,Bet365,2.5,1.83,2.03,2.5,1.8,2.05,Bet365,//www.nowgoal5.com/oddscomp/690623,1,7,27,137,1.081204096900978,1.328117950345777,0.30525729880681907,0.27147503463408285,0.42326766655909814,0.5767323334409021,0.5102556514484643,0.4363392014773828,0.4363392014773828
2012-08-06,TPS Turku,IFK Mariehamn,1,1,1.9,3.25,3.8,1.75,3.75,4.33,Bet365,0.5,1.98,1.88,0.75,2.0,1.85,Bet365,2.5,1.83,2.03,2.5,1.88,1.98,Bet365,//www.nowgoal5.com/oddscomp/690624,20,5,114,137,1.5022097920146986,1.0126680505368357,0.48584892014149095,0.25763617542331757,0.25651490443519126,0.485848920141491,0.4163670769891297,0.4634711787763069,0.4634711787763069
2012-08-11,Jyvaskyla JK,Mypa,0,3,1.9,3.4,4.0,2.2,3.5,3.1,Bet365,0.5,1.95,1.9,0.25,1.98,1.88,Bet365,2.75,1.88,1.98,2.75,1.9,1.95,Bet365,//www.nowgoal5.com/oddscomp/690625,9,15,167,138,1.282390719960516,1.3222720915258446,0.36034897534237387,0.26146162746450424,0.37818939719312183,0.3603489753423738,0.4145424467299376,0.4238761408020213,0.4238761408020213
2012-08-11,IFK Mariehamn,Jaro,2,0,1.57,3.75,6.0,1.65,3.75,4.5,Bet365,0.75,1.85,2.0,0.75,1.9,1.9,Bet365,2.5,1.88,1.98,2.5,1.88,1.98,Bet365,//www.nowgoal5.com/oddscomp/690626,5,8,102,138,1.484054318219313,1.048066493619956,0.4728121571103016,0.2584785029153891,0.26870933997430907,0.4028218018664264,0.4028218018664264,0.46796781016793215,0.46796781016793215
2012-08-12,Vaasa VPS,KuPs,0,1,1.95,3.3,4.0,2.05,3.3,3.6,Bet365,0.5,1.98,1.88,0.25,1.78,2.1,Bet365,2.25,1.85,2.0,2.25,1.9,1.95,Bet365,//www.nowgoal5.com/oddscomp/690629,22,13,216,138,1.2255847185894377,0.9634936489756861,0.422312113972221,0.2870452841020751,0.2906426019257041,0.42231211397222107,0.4930803016013733,0.43636169626887217,0.43636169626887217
2012-08-12,TPS Turku,Inter Turku,4,1,2.4,3.4,2.8,2.6,3.4,2.6,Bet365,0.0,1.85,2.0,0.0,1.98,1.88,Bet365,2.75,2.0,1.85,2.75,2.0,1.85,Bet365,//www.nowgoal5.com/oddscomp/690630,20,7,145,138,1.3236087837102453,1.1116966436277997,0.41579148755959433,0.2703283543825119,0.3138801580578937,0.5698336917117404,0.5698336917117404,0.37806086755331886,0.37806086755331886
2012-08-12,Honka Espoo,FC Haka,2,2,1.57,3.75,6.0,1.61,3.75,5.5,Bet365,1.0,1.9,1.95,0.75,1.83,2.03,Bet365,2.5,2.0,1.85,2.75,1.93,1.93,Bet365,//www.nowgoal5.com/oddscomp/690628,4,1,24,138,1.806274365706855,0.8894755665939268,0.5895705024501249,0.22687756517177837,0.18355193237809697,0.45510651852534695,0.5318015734360304,0.5084097044874373,0.44827863617847774
2012-08-12,Lahti,HJK Helsinki,3,0,5.0,3.5,1.72,6.5,4.0,1.5,Bet365,-0.75,1.98,1.88,-1.0,1.8,2.05,Bet365,2.75,1.98,1.88,2.75,1.98,1.88,Bet365,//www.nowgoal5.com/oddscomp/690627,14,3,73,138,0.943875091365363,1.442345521967704,0.2484745898738278,0.26521315872219076,0.4863122514039813,0.5849869764079486,0.6792686264471437,0.36446753933939224,0.36446753933939224
2012-08-18,HJK Helsinki,Jyvaskyla JK,2,0,1.36,5.0,7.5,1.25,5.5,12.0,Bet365,1.25,1.8,2.05,1.5,1.75,2.13,Bet365,3.0,1.78,2.1,3.25,1.88,1.98,Bet365,//www.nowgoal5.com/oddscomp/690631,3,9,68,139,2.493557556811551,0.7651995326350616,0.748677587002181,0.1554373556415718,0.09588505735624667,0.5950192233370138,0.5299438274839532,0.5308923633841175,0.46601870408266816
2012-08-18,Inter Turku,Honka Espoo,2,1,1.9,3.6,3.75,1.95,3.5,3.75,Bet365,0.5,2.03,1.83,0.5,2.05,1.8,Bet365,2.75,1.9,1.95,2.75,1.95,1.9,Bet365,//www.nowgoal5.com/oddscomp/690632,7,4,84,139,1.3483597561137848,1.1644098230126543,0.41087602684327307,0.26573624431872905,0.32338772883799766,0.41087602684327296,0.41087602684327296,0.39923317741466113,0.39923317741466113
2012-08-18,KuPs,Lahti,1,0,1.83,3.75,4.0,1.66,3.75,5.0,Bet365,0.5,1.85,2.0,0.75,1.85,2.0,Bet365,2.5,1.8,2.05,2.75,1.93,1.93,Bet365,//www.nowgoal5.com/oddscomp/690633,13,14,208,139,1.2588777247906926,1.2255050405079464,0.37376404674397207,0.2689212234201057,0.3573147298359227,0.3737640467439721,0.3010427645025359,0.45579615056243283,0.39137846679135196
2012-08-19,Jaro,TPS Turku,0,1,3.8,3.6,1.9,3.6,3.5,2.0,Bet365,-0.5,1.93,1.93,-0.25,2.03,1.83,Bet365,2.25,1.7,2.2,2.75,1.98,1.88,Bet365,//www.nowgoal5.com/oddscomp/690634,8,20,159,139,1.2619131382190847,1.3470511742001108,0.3500939998893216,0.26094418428911753,0.38896181582156103,0.6110381841784388,0.5526747188817946,0.5561731558838785,0.42513168726641404
2012-08-19,Vaasa VPS,FC Haka,2,1,1.85,3.5,4.2,1.85,3.4,4.33,Bet365,0.5,1.95,1.9,0.5,1.95,1.9,Bet365,2.25,1.95,1.9,2.25,1.95,1.9,Bet365,//www.nowgoal5.com/oddscomp/690635,22,1,42,139,1.2780303342774932,0.8885222234575945,0.45530758388969983,0.28485661664110795,0.2598357994691918,0.4553075838896999,0.4553075838896999,0.4296683417994718,0.4296683417994718
2012-08-20,Mypa,IFK Mariehamn,2,1,2.5,3.4,2.7,2.0,3.4,3.75,Bet365,0.25,1.95,1.9,0.25,1.83,2.03,Bet365,2.25,1.9,1.95,2.5,2.0,1.85,Bet365,//www.nowgoal5.com/oddscomp/690636,15,5,109,139,1.2938979733311387,0.9940091388468439,0.4344873805339043,0.27858090281737297,0.28693171664872236,0.504801394669097,0.504801394669097,0.4659823286897063,0.4047077885300247
2012-08-22,TPS Turku,FC Haka,9,2,1.5,3.6,6.5,1.5,4.33,6.0,Bet365,1.0,1.85,2.0,1.0,1.93,1.93,Bet365,2.5,1.83,2.03,2.75,1.85,2.0,Bet365,//www.nowgoal5.com/oddscomp/690658,20,1,40,140,1.6663084109592918,0.9216475981974341,0.548951513752976,0.24178980529109287,0.20925868095593148,0.40138363195032223,0.40138363195032223,0.4819718280148577,0.4195312190939046
2012-08-25,FC Haka,Lahti,0,3,2.05,3.4,3.5,2.62,3.3,2.6,Bet365,0.5,2.0,1.85,0.0,1.85,2.0,Bet365,2.5,1.93,1.93,2.5,1.88,1.98,Bet365,//www.nowgoal5.com/oddscomp/690637,1,14,34,140,1.1179849067116525,1.230038513202437,0.33427266124484384,0.27764064256801496,0.38808669618714153,0.3342726612448439,0.462751202439179,0.42056797042093136,0.42056797042093136
2012-08-26,HJK Helsinki,IFK Mariehamn,5,1,1.57,4.0,5.5,1.44,4.5,6.5,Bet365,1.0,1.8,2.05,1.25,1.95,1.9,Bet365,2.5,1.83,2.03,2.75,1.93,1.93,Bet365,//www.nowgoal5.com/oddscomp/690641,3,5,64,141,1.9317046346892706,0.734378739556707,0.6555674264163075,0.20857889380390904,0.13585367977978327,0.5398425940470375,0.4621965938596347,0.5012631773736191,0.44062781226362246
2012-08-26,Inter Turku,Jaro,3,1,1.33,5.0,8.5,1.44,4.33,7.0,Bet365,1.5,2.03,1.83,1.25,2.0,1.85,Bet365,2.75,1.73,2.15,3.0,1.98,1.88,Bet365,//www.nowgoal5.com/oddscomp/690638,7,8,133,141,1.6334386377472316,0.9634956976912847,0.5307326050936417,0.24510257572591862,0.22416481918043968,0.28758511249647367,0.32738674565415066,0.42213610350841896,0.34282447960047613
2012-08-26,Mypa,TPS Turku,1,1,2.6,3.3,2.62,2.7,3.25,2.6,Bet365,0.0,1.95,1.9,0.0,1.93,1.93,Bet365,2.25,1.8,2.05,2.5,1.95,1.9,Bet365,//www.nowgoal5.com/oddscomp/690639,15,20,229,141,1.2399227425607011,1.1160580171641075,0.391947872448786,0.27686128198739735,0.3311908455638168,0.5420092475838849,0.5420092475838849,0.4861034125664702,0.4228264407249785
2012-08-26,KuPs,Jyvaskyla JK,2,3,2.2,3.6,3.0,2.0,3.5,3.6,Bet365,0.25,1.78,2.1,0.5,2.03,1.83,Bet365,2.75,1.85,2.0,3.0,1.95,1.9,Bet365,//www.nowgoal5.com/oddscomp/690640,13,9,165,141,1.7042967838160428,1.2171028254738079,0.488630718137472,0.23654296305596875,0.27482631880655917,0.5541736576517234,0.488630718137472,0.5073498936484532,0.43746033540005214
2012-08-27,Honka Espoo,Vaasa VPS,1,2,1.83,3.5,4.33,1.83,3.5,4.33,Bet365,0.5,1.83,2.03,0.5,1.9,1.95,Bet365,2.25,1.93,1.93,2.5,2.03,1.83,Bet365,//www.nowgoal5.com/oddscomp/690642,4,22,99,141,1.4543932723722015,0.8336293425241856,0.5175755692458176,0.265632089676977,0.21679234107720588,0.5175755692458176,0.5175755692458176,0.46615329437766506,0.4049300193762196
2012-08-31,Lahti,Honka Espoo,3,2,3.6,3.3,2.05,3.0,3.4,2.3,Bet365,-0.25,2.0,1.85,-0.25,1.95,1.9,Bet365,2.5,1.8,2.05,2.5,2.03,1.83,Bet365,//www.nowgoal5.com/oddscomp/690643,14,4,91,142,1.2707979072320221,1.2028080545230064,0.3819765699581922,0.2693160302898905,0.3487073997519172,0.5970293758365071,0.5970293758365071,0.45331925504002735,0.45331925504002735
2012-09-02,IFK Mariehamn,KuPs,2,0,1.95,3.3,4.0,2.1,3.3,3.5,Bet365,0.5,2.0,1.85,0.25,1.88,1.98,Bet365,2.5,1.8,2.05,2.5,1.93,1.93,Bet365,//www.nowgoal5.com/oddscomp/690647,5,13,107,142,1.4606773495670413,1.0535817275894754,0.46560958393994434,0.2603745450495848,0.27401587101047054,0.4656095839399442,0.5352986559434038,0.4636475379061622,0.4636475379061622
2012-09-02,Jyvaskyla JK,FC Haka,5,0,1.65,3.8,5.0,1.7,4.0,4.5,Bet365,0.75,1.85,2.0,0.75,2.0,1.85,Bet365,3.0,1.83,2.03,3.0,1.83,2.03,Bet365,//www.nowgoal5.com/oddscomp/690646,9,1,29,142,1.5820655952364622,1.2508185161603584,0.45170129033136347,0.2449446540503634,0.30335405561827333,0.3844172347044132,0.3844172347044132,0.41178629172034736,0.41178629172034736
2012-09-02,Jaro,Mypa,0,3,3.3,3.25,2.2,3.0,3.4,2.3,Bet365,-0.25,1.9,1.95,-0.25,1.88,1.98,Bet365,2.25,1.85,2.0,2.25,1.8,2.05,Bet365,//www.nowgoal5.com/oddscomp/690645,8,15,154,142,1.2298470338689895,1.1641490885556907,0.3788926506644988,0.27462104722736946,0.346486302108132,0.5983649834706294,0.5983649834706294,0.49715232855947156,0.49715232855947156
2012-09-02,TPS Turku,HJK Helsinki,1,2,3.1,3.3,2.3,3.0,3.4,2.3,Bet365,0.0,2.13,1.75,-0.25,1.83,2.03,Bet365,2.75,2.03,1.83,2.75,2.0,1.85,Bet365,//www.nowgoal5.com/oddscomp/690644,20,3,79,142,1.0320824854038841,1.4754662285766367,0.2666205271189462,0.2596179532099654,0.4737615196710887,0.3601120911492835,0.4555660689043579,0.39793820117108397,0.39793820117108397
2012-09-03,Inter Turku,Vaasa VPS,2,0,1.6,3.8,5.75,1.57,3.8,6.0,Bet365,0.75,1.8,2.05,0.75,1.85,2.0,Bet365,2.75,2.0,1.85,2.75,1.88,1.98,Bet365,//www.nowgoal5.com/oddscomp/690648,7,22,147,142,1.3121301141572628,0.83189485533288,0.47913478549452043,0.282759020992271,0.2381061935132088,0.40412508973421085,0.40412508973421085,0.2995743726290517,0.2995743726290517
2012-09-13,KuPs,TPS Turku,1,3,2.75,3.5,2.4,2.5,3.5,2.62,Bet365,0.0,1.98,1.88,0.0,1.9,1.95,Bet365,2.5,1.8,2.05,2.5,1.83,2.03,Bet365,//www.nowgoal5.com/oddscomp/690652,13,20,214,143,1.2638816877999752,1.2902017125761878,0.3621224630605501,0.2643071147136476,0.373570422225802,0.4922196072612581,0.4922196072612581,0.47386660493292543,0.47386660493292543
2012-09-14,FC Haka,IFK Mariehamn,1,1,3.1,3.5,2.2,3.1,3.4,2.25,Bet365,-0.25,1.95,1.9,-0.25,1.85,2.0,Bet365,2.5,1.88,1.98,2.75,1.93,1.93,Bet365,//www.nowgoal5.com/oddscomp/690653,1,5,25,143,1.2068544481479926,1.2235468954255508,0.3602734092190185,0.27234160550744935,0.36738498527353225,0.5747018201692116,0.5747018201692116,0.44223453705317317,0.3770755900485512
2012-09-14,HJK Helsinki,Jaro,0,0,1.18,7.0,13.0,1.16,7.0,15.0,Bet365,1.75,1.8,2.05,2.0,1.9,1.95,Bet365,3.25,2.03,1.83,3.25,1.98,1.88,Bet365,//www.nowgoal5.com/oddscomp/690649,3,8,67,143,2.1581030918857222,0.7200312206382969,0.7029632059834867,0.18392854181840784,0.11310825219810529,0.40001903780277176,0.32042928510011787,0.3725993069517607,0.3725993069517607
2012-09-14,Vaasa VPS,Lahti,1,3,1.83,3.5,4.33,1.83,3.5,4.2,Bet365,0.5,1.9,1.95,0.5,1.83,2.03,Bet365,2.5,1.88,1.98,2.5,2.0,1.85,Bet365,//www.nowgoal5.com/oddscomp/690650,22,14,224,143,1.088769916443372,0.9784147331357064,0.37884876926112626,0.29972943336119157,0.321421797377682,0.37884876926112654,0.37884876926112654,0.34602397220235176,0.34602397220235176
2012-09-14,Mypa,Inter Turku,0,0,3.2,3.4,2.2,2.7,3.4,2.5,Bet365,-0.25,1.93,1.93,0.0,1.95,1.9,Bet365,2.75,2.03,1.83,2.75,2.0,1.85,Bet365,//www.nowgoal5.com/oddscomp/690651,15,7,140,143,1.1908860317416565,1.0761794274235814,0.38707605483978336,0.28335462027500563,0.32956932488521096,0.6160309767204128,0.5401221661239488,0.33275687783235064,0.33275687783235064
2012-09-15,Honka Espoo,Jyvaskyla JK,3,0,1.83,3.6,4.2,1.95,3.8,3.5,Bet365,0.5,1.9,1.95,0.5,1.98,1.88,Bet365,3.0,2.0,1.85,3.0,1.9,1.95,Bet365,//www.nowgoal5.com/oddscomp/690654,4,9,86,143,2.0750686839478965,1.02541429301262,0.6143258400205905,0.2042499117219799,0.1814242482574294,0.6143258400205905,0.6143258400205905,0.488453028511039,0.488453028511039
2012-09-17,Inter Turku,TPS Turku,3,3,2.37,3.6,2.75,2.37,3.5,2.8,Bet365,0.25,2.1,1.78,0.0,1.8,2.05,Bet365,2.5,1.8,2.05,2.75,1.8,2.05,Bet365,//www.nowgoal5.com/oddscomp/690564,7,20,145,144,1.374259210556458,1.0834427040111934,0.43595660254769325,0.26707088718178446,0.29697251027052224,0.5031441844019899,0.5948141435825619,0.44929636679201307,0.38457604043921073
2012-09-17,Jaro,KuPs,1,1,2.5,3.3,2.75,2.25,3.4,3.1,Bet365,0.0,1.83,2.03,0.25,1.98,1.88,Bet365,2.25,1.75,2.13,2.5,1.98,1.88,Bet365,//www.nowgoal5.com/oddscomp/690655,8,13,152,144,1.4332669872534451,1.174279897277024,0.43111370444617336,0.2585749541854464,0.31031134136838046,0.5814663355114177,0.4951274882399767,0.5560184838313953,0.4871832828890044
2012-09-17,Mypa,HJK Helsinki,1,4,3.9,3.5,1.9,3.75,3.5,1.95,Bet365,-0.5,1.93,1.93,-0.5,1.88,1.98,Bet365,2.5,1.83,2.03,2.5,2.0,1.85,Bet365,//www.nowgoal5.com/oddscomp/690656,15,3,74,144,0.8961271728661406,1.4293767265924955,0.23794945241267362,0.2675304971124167,0.49452005047491,0.5054799495250902,0.5054799495250902,0.4146988834293015,0.4146988834293015
2012-09-18,IFK Mariehamn,Honka Espoo,1,1,2.1,3.3,3.5,2.2,3.4,3.2,Bet365,0.25,1.95,1.9,0.25,2.03,1.83,Bet365,2.5,2.0,1.85,2.5,1.85,2.0,Bet365,//www.nowgoal5.com/oddscomp/690659,5,4,82,144,1.2399212116335447,1.2542989616483866,0.3628712962842169,0.2681578845920561,0.3689708191237271,0.4190581728620691,0.4190581728620691,0.4585979361107999,0.4585979361107999
2012-09-18,Jyvaskyla JK,Vaasa VPS,1,2,2.2,3.5,3.1,2.2,3.5,3.1,Bet365,0.25,1.8,2.05,0.25,1.98,1.88,Bet365,2.75,1.95,1.9,2.5,1.83,2.03,Bet365,//www.nowgoal5.com/oddscomp/690660,9,22,174,144,1.236123188437395,1.1662487223990252,0.38022074529204825,0.2740215155884195,0.3457577391195325,0.4405857300378494,0.4405857300378494,0.3695092137421283,0.43502765709890767
2012-09-22,Honka Espoo,TPS Turku,0,1,2.5,3.4,2.7,2.7,3.4,2.5,Bet365,0.0,1.8,2.05,0.0,2.05,1.8,Bet365,2.5,1.93,1.93,2.75,1.88,1.98,Bet365,//www.nowgoal5.com/oddscomp/690661,4,20,97,145,1.4939702192608484,1.083451062856447,0.46733232456094925,0.25646038454735165,0.2762072908916992,0.628523773109855,0.628523773109855,0.4797201164362109,0.417119525882547
2012-09-23,HJK Helsinki,Inter Turku,1,1,1.85,3.5,4.2,1.61,4.0,5.0,Bet365,0.5,1.88,1.98,0.75,1.8,2.05,Bet365,2.75,1.98,1.88,3.0,1.93,1.93,Bet365,//www.nowgoal5.com/oddscomp/690666,3,7,66,145,1.6896032169359512,0.7681142996853193,0.59343149024215,0.23732039241858252,0.1692481173392673,0.59343149024215,0.5332861502595065,0.38474418714786235,0.30304831810692523
2012-09-23,Lahti,Jyvaskyla JK,2,1,2.3,3.5,2.9,2.37,3.5,2.8,Bet365,0.25,2.05,1.8,0.0,1.75,2.13,Bet365,2.75,1.75,2.13,3.0,1.98,1.88,Bet365,//www.nowgoal5.com/oddscomp/690665,14,9,166,145,1.7118265158521897,1.0421097503230363,0.5307389692289002,0.23728223154428085,0.23197879922681897,0.6021825827442236,0.6958523731569697,0.46413632332960686,0.3889917348296773
2012-09-23,FC Haka,Jaro,0,0,2.4,3.3,2.9,2.3,3.3,3.1,Bet365,0.25,2.05,1.8,0.25,2.1,1.78,Bet365,2.5,1.9,1.95,2.5,1.95,1.9,Bet365,//www.nowgoal5.com/oddscomp/690662,1,8,28,145,1.3312791164421036,1.1650641701955495,0.40634070400264316,0.2668614763862766,0.3267978196110801,0.46890735906717157,0.46890735906717157,0.4592353777626153,0.4592353777626153
2012-09-23,Vaasa VPS,IFK Mariehamn,1,3,2.4,3.3,2.87,2.2,3.3,3.25,Bet365,0.25,2.1,1.78,0.25,1.93,1.93,Bet365,2.5,2.03,1.83,2.5,1.9,1.95,Bet365,//www.nowgoal5.com/oddscomp/690663,22,5,116,145,1.0929213398425077,0.9303454716383563,0.3910452118309102,0.30295553412236975,0.30599925404672024,0.4608544085834306,0.4608544085834306,0.33413985783259814,0.33413985783259814
2012-09-23,KuPs,Mypa,2,0,2.5,3.4,2.7,2.5,3.4,2.7,Bet365,0.0,1.8,2.05,0.0,1.88,1.98,Bet365,2.5,2.05,1.8,2.5,1.95,1.9,Bet365,//www.nowgoal5.com/oddscomp/690664,13,15,209,145,1.1858134536099554,1.100511786412489,0.3803515871376397,0.28222437306942894,0.3374240397929315,0.5299031798615671,0.5299031798615671,0.404580769054562,0.404580769054562
2012-09-26,Jaro,Honka Espoo,1,0,2.6,3.25,2.7,2.25,3.4,3.1,Bet365,0.0,1.85,2.0,0.25,1.93,1.93,Bet365,2.5,2.0,1.85,2.5,1.98,1.88,Bet365,//www.nowgoal5.com/oddscomp/690667,8,4,85,146,1.2244929695338975,1.4410697057178694,0.3226927416246805,0.25603423919610047,0.4212730191792192,0.43374676446936417,0.370067748894258,0.5014763447566186,0.5014763447566186
2012-09-26,TPS Turku,Vaasa VPS,1,0,1.66,3.75,5.0,1.61,4.0,5.0,Bet365,0.75,1.85,2.0,1.0,1.93,1.93,Bet365,2.75,1.93,1.93,2.75,1.93,1.93,Bet365,//www.nowgoal5.com/oddscomp/690668,20,22,251,146,1.349388875915269,0.8659557418759813,0.48107271429087256,0.27725513723624823,0.2416721484728793,0.40726321563379797,0.30897551255317557,0.3188039689020343,0.3188039689020343
2012-09-26,Mypa,FC Haka,1,0,1.83,3.5,4.33,1.8,3.75,4.2,Bet365,0.75,2.15,1.73,0.5,1.8,2.05,Bet365,2.5,1.95,1.9,2.5,1.85,2.0,Bet365,//www.nowgoal5.com/oddscomp/690669,15,1,35,146,1.4803009268451828,0.9054059820586703,0.5064110302856939,0.2616069117236347,0.2319820579906716,0.4367271876234819,0.5064110302856936,0.4307140249127614,0.4307140249127614
2012-09-26,IFK Mariehamn,Lahti,2,2,1.83,3.5,4.33,1.8,3.5,4.5,Bet365,0.5,1.85,2.0,0.5,1.8,2.05,Bet365,2.75,1.73,2.15,2.5,1.8,2.05,Bet365,//www.nowgoal5.com/oddscomp/690670,5,14,108,146,1.305583649122785,1.112842711095793,0.41086388343005714,0.2716089133136285,0.3175272032563139,0.41086388343005736,0.41086388343005736,0.37383716051181803,0.43914052525830377
2012-09-26,HJK Helsinki,KuPs,4,1,1.2,6.5,13.0,1.2,6.5,13.0,Bet365,1.75,1.78,2.1,2.0,1.98,1.88,Bet365,3.25,2.03,1.83,3.25,1.98,1.88,Bet365,//www.nowgoal5.com/oddscomp/690671,3,13,72,146,2.102676747599319,0.723066996643514,0.691995139723424,0.18975294066238604,0.11825191961418964,0.3848827862194465,0.30416625866547803,0.359350909522277,0.359350909522277
2012-09-26,Jyvaskyla JK,Inter Turku,0,0,3.5,3.75,1.95,3.7,4.0,1.83,Bet365,-0.5,1.9,1.95,-0.5,1.93,1.93,Bet365,3.25,2.03,1.83,3.25,1.98,1.88,Bet365,//www.nowgoal5.com/oddscomp/690672,9,7,134,146,1.2639254584490538,1.4596796275575623,0.3293934916574766,0.2531112994560542,0.417495208886469,0.5825047911135306,0.5825047911135306,0.3331993093526093,0.3331993093526093
2012-10-01,Vaasa VPS,Jaro,2,1,1.8,3.25,4.0,2.2,3.3,3.25,Bet365,0.5,2.15,1.73,0.25,1.98,1.88,Bet365,2.25,1.85,2.0,2.25,1.9,1.95,Bet365,//www.nowgoal5.com/oddscomp/690674,22,8,161,147,1.343901920616665,0.9423552720375653,0.4608615400427428,0.2753186106123199,0.26381984934493713,0.4608615400427427,0.534430930696556,0.4659770318387227,0.4659770318387227
2012-10-01,Lahti,TPS Turku,1,0,2.8,3.2,2.25,3.6,3.5,2.0,Bet365,-0.25,2.1,1.78,-0.5,1.85,2.0,Bet365,2.75,2.13,1.75,2.75,1.8,2.05,Bet365,//www.nowgoal5.com/oddscomp/690675,14,20,222,147,1.382781796137976,1.1599314574464328,0.4211374849388532,0.26306380469397384,0.31579871036717294,0.636372698985028,0.6842012896328269,0.40776875913442,0.40776875913442
2012-10-01,FC Haka,HJK Helsinki,2,2,4.6,3.6,1.61,7.5,4.5,1.4,Bet365,-1.0,2.0,1.85,-1.25,1.9,1.95,Bet365,2.75,1.75,2.13,3.0,1.88,1.98,Bet365,//www.nowgoal5.com/oddscomp/690676,1,3,23,147,0.8752098866120241,1.7345057113020925,0.1897750078988166,0.23417612850610178,0.5760488635950811,0.5648472707301064,0.6268531729977177,0.4254384453877487,0.34631285802473155
2012-10-01,Jyvaskyla JK,IFK Mariehamn,3,2,2.75,3.4,2.2,2.5,3.5,2.62,Bet365,-0.25,1.83,2.03,0.0,1.8,2.05,Bet365,3.0,2.0,1.85,3.0,1.9,1.95,Bet365,//www.nowgoal5.com/oddscomp/690677,9,5,103,147,1.4597017985398948,1.3862816073573025,0.3930425641948521,0.2477297544142913,0.35922768139085637,0.5899859827035049,0.5224752228354237,0.4157696647159546,0.4157696647159546
2012-10-03,Inter Turku,KuPs,1,4,1.44,4.0,6.0,1.25,5.75,11.0,Bet365,1.25,1.83,2.03,1.75,2.03,1.83,Bet365,3.0,1.83,2.03,3.25,1.78,2.1,Bet365,//www.nowgoal5.com/oddscomp/690678,7,13,138,147,1.6026363345872479,0.9478799668891836,0.5270912008847538,0.24817246690746078,0.22473633220778527,0.3222408014925497,0.22032337266649785,0.32979253172703055,0.29034369919908853
2012-10-04,Honka Espoo,Mypa,1,1,2.0,3.25,3.3,2.2,3.4,3.2,Bet365,0.25,1.83,2.03,0.25,1.95,1.9,Bet365,2.25,1.83,2.03,2.5,1.95,1.9,Bet365,//www.nowgoal5.com/oddscomp/690673,4,15,92,147,1.5640194408303725,0.9615489871363426,0.5141240693697647,0.2520121935848546,0.23386373704538005,0.5882467457529411,0.5882467457529411,0.533971932031706,0.4667165269744789
2012-10-07,KuPs,FC Haka,1,1,1.9,3.5,3.9,1.85,3.6,4.0,Bet365,0.5,1.95,1.9,0.5,1.88,1.98,Bet365,2.75,1.95,1.9,2.75,1.93,1.93,Bet365,//www.nowgoal5.com/oddscomp/690682,13,1,33,148,1.6155247369097718,1.0722521932344324,0.5004220016122717,0.245821151797294,0.25375684659043457,0.5004220016122718,0.5004220016122718,0.44667804628072105,0.44667804628072105
2012-10-07,TPS Turku,Jyvaskyla JK,1,0,1.53,4.33,5.5,1.53,4.33,5.5,Bet365,1.0,1.95,1.9,1.0,1.78,2.1,Bet365,3.0,1.85,2.0,3.25,1.93,1.93,Bet365,//www.nowgoal5.com/oddscomp/690681,20,9,172,148,2.089732050821555,1.0876738429208386,0.6030277552081831,0.20450583867891287,0.19246640611290425,0.48578042934826443,0.48578042934826443,0.5097346434523383,0.4469760891674871
2012-10-07,Jaro,Lahti,2,1,2.2,3.5,3.1,2.3,3.4,3.0,Bet365,0.25,1.88,1.98,0.25,2.05,1.8,Bet365,2.25,1.78,2.1,2.5,1.88,1.98,Bet365,//www.nowgoal5.com/oddscomp/690679,8,14,153,148,1.3631127048836584,1.2777174607513226,0.3907031031985155,0.2588548360162646,0.35044206078521983,0.44878866079676893,0.44878866079676893,0.5648420411776367,0.49546783850927373
2012-10-07,Mypa,Vaasa VPS,1,1,2.1,3.3,3.5,2.05,3.5,3.4,Bet365,0.25,1.83,2.03,0.5,2.03,1.83,Bet365,2.25,1.95,1.9,2.25,1.85,2.0,Bet365,//www.nowgoal5.com/oddscomp/690680,15,22,231,148,1.25836105620979,0.8669403406744669,0.4551717251229268,0.28788586039608305,0.2569424144809903,0.531707220440604,0.45517172512292653,0.41748259647724906,0.41748259647724906
2012-10-08,Inter Turku,IFK Mariehamn,1,0,1.72,3.75,4.5,1.66,3.75,5.0,Bet365,0.5,1.75,2.13,0.75,1.93,1.93,Bet365,2.75,1.8,2.05,3.0,1.9,1.95,Bet365,//www.nowgoal5.com/oddscomp/690683,7,5,101,148,1.5304581315180734,1.0070486055124503,0.49459841584592856,0.25478218270304187,0.25061940145102957,0.49459841584592845,0.4261136245281095,0.4062791571713482,0.325750392730389
2012-10-08,HJK Helsinki,Honka Espoo,1,0,1.4,4.75,7.0,1.44,4.33,7.0,Bet365,1.25,1.88,1.98,1.0,1.83,2.03,Bet365,2.75,1.8,2.05,3.0,1.95,1.9,Bet365,//www.nowgoal5.com/oddscomp/690684,3,4,63,148,1.901752609216714,0.9169744580431075,0.6039161787531638,0.21765335136861022,0.1784304698782259,0.4115577156877814,0.4773257159332882,0.48103297985767296,0.4079834472672668
2012-10-19,FC Haka,Inter Turku,1,2,4.1,3.75,1.8,4.2,4.0,1.72,Bet365,-0.75,1.78,2.1,-0.75,1.88,1.98,Bet365,2.75,1.85,2.0,2.75,1.8,2.05,Bet365,//www.nowgoal5.com/oddscomp/690689,1,7,27,149,1.2019154680858632,1.3138016690880854,0.3408915288752053,0.2662717675846827,0.3928367035401118,0.6796958135375285,0.6796958135375285,0.40030796157679926,0.40030796157679926
2012-10-19,Jyvaskyla JK,Jaro,4,2,2.1,3.5,3.25,2.2,3.4,3.2,Bet365,0.25,1.93,1.93,0.25,1.85,2.0,Bet365,2.5,1.73,2.15,2.75,1.88,1.98,Bet365,//www.nowgoal5.com/oddscomp/690685,9,8,148,149,1.699349350144073,1.3749788585173346,0.4531203461364993,0.23380063575153925,0.31307901811196154,0.5131021506502562,0.5131021506502562,0.5957520261993827,0.5455846661419224
2012-10-19,Vaasa VPS,HJK Helsinki,1,3,5.0,4.0,1.61,4.33,3.75,1.75,Bet365,-0.75,2.05,1.8,-0.75,1.85,2.0,Bet365,2.75,1.93,1.93,2.75,2.03,1.83,Bet365,//www.nowgoal5.com/oddscomp/690686,22,3,81,149,0.8466383808075967,1.3605969578819148,0.23524752060955761,0.27657577111059733,0.4881767082798451,0.5855334845910869,0.5855334845910869,0.3162767551919152,0.3162767551919152
2012-10-19,Lahti,Mypa,3,1,2.1,3.25,3.5,2.5,3.3,2.75,Bet365,0.25,1.9,1.95,0.25,2.25,1.68,Bet365,2.5,2.03,1.83,2.5,2.05,1.8,Bet365,//www.nowgoal5.com/oddscomp/690687,14,15,217,149,1.3972173492883218,1.0128961722783731,0.45847527778306707,0.2675039522046326,0.2740207700123002,0.5292655973056737,0.5292655973056737,0.43714975233353426,0.43714975233353426
2012-10-19,IFK Mariehamn,TPS Turku,1,0,3.25,3.25,2.2,2.87,3.5,2.3,Bet365,-0.25,1.85,2.0,-0.25,1.7,2.2,Bet365,2.75,1.93,1.93,2.75,1.88,1.98,Bet365,//www.nowgoal5.com/oddscomp/690688,5,20,114,149,1.3874317676431884,1.2031966147307402,0.4129046834246702,0.2608167450652549,0.32627857151007505,0.6247910384552124,0.6247910384552124,0.4206076375366342,0.4206076375366342
2012-10-19,Honka Espoo,KuPs,2,1,1.95,3.5,3.8,1.9,3.6,3.75,Bet365,0.5,2.0,1.85,0.5,1.95,1.9,Bet365,2.5,1.8,2.05,2.5,1.8,2.05,Bet365,//www.nowgoal5.com/oddscomp/690690,4,13,90,149,1.8603858119329006,0.9964107860992355,0.5756917035991385,0.22316123075361374,0.20114706564724752,0.5756917035991386,0.5756917035991386,0.5469168897373925,0.5469168897373925
2012-10-22,FC Haka,Honka Espoo,1,0,2.3,3.4,2.75,2.2,3.6,3.0,Bet365,0.0,1.78,2.1,0.0,1.65,2.3,Bet365,2.5,1.78,2.1,2.5,1.78,2.1,Bet365,//www.nowgoal5.com/oddscomp/690691,1,4,24,149,1.217694112634878,1.4750060465264077,0.3148105228962732,0.2538030778900757,0.4313863992136511,0.4218866542709988,0.4218866542709988,0.5081234962499067,0.5081234962499067
2012-10-22,Jaro,IFK Mariehamn,3,3,2.3,3.4,2.75,2.5,3.3,2.75,Bet365,0.25,2.05,1.8,0.25,2.25,1.68,Bet365,2.5,1.95,1.9,2.5,1.85,2.0,Bet365,//www.nowgoal5.com/oddscomp/690692,8,5,102,149,1.408482847507271,1.2261720927649786,0.41340612089143686,0.2582470886652818,0.328346790443281,0.47470122564588224,0.47470122564588224,0.4939332354982103,0.4939332354982103
2012-10-22,KuPs,Vaasa VPS,2,1,2.3,3.4,2.75,2.1,3.5,3.3,Bet365,0.25,1.88,1.98,0.25,1.8,2.05,Bet365,2.5,1.88,1.98,2.5,1.8,2.05,Bet365,//www.nowgoal5.com/oddscomp/690693,13,22,216,149,1.282607938886556,0.9804615486409428,0.43466785415461257,0.2801327959288769,0.28519934991651064,0.5054667629287936,0.5054667629287936,0.39856087357036457,0.39856087357036457
2012-10-22,Mypa,Jyvaskyla JK,2,1,1.9,3.4,3.6,1.9,3.4,4.0,Bet365,0.5,1.98,1.88,0.5,1.95,1.9,Bet365,2.5,1.78,2.1,2.5,1.68,2.25,Bet365,//www.nowgoal5.com/oddscomp/690694,15,9,167,149,1.8099927145245844,1.053995922977252,0.5506883885409053,0.22836657953888717,0.2209450319202076,0.5506883885409052,0.5506883885409052,0.5486362489667257,0.5486362489667257
2012-10-22,HJK Helsinki,Lahti,2,0,1.25,5.5,9.0,1.25,5.5,12.0,Bet365,1.75,1.7,2.2,1.75,1.93,1.93,Bet365,3.0,1.75,2.13,3.0,1.7,2.2,Bet365,//www.nowgoal5.com/oddscomp/690695,3,14,73,149,1.962476796450032,0.7772038806313697,0.6511206603892139,0.2069861256654252,0.14189321394536075,0.33772951167572907,0.33772951167572907,0.3848745306362884,0.3848745306362884
2012-10-22,Inter Turku,TPS Turku,0,0,2.25,3.4,2.8,2.3,3.5,2.9,Bet365,0.25,2.03,1.83,0.25,2.1,1.78,Bet365,2.75,1.8,2.05,2.75,1.78,2.1,Bet365,//www.nowgoal5.com/oddscomp/690696,7,20,145,149,1.4775809220951996,1.1098452697212973,0.457068828345968,0.25716751055233444,0.2857636611016976,0.5245126322964302,0.5245126322964302,0.4197480419414107,0.4197480419414107
2012-10-27,Jyvaskyla JK,HJK Helsinki,3,6,4.5,3.75,1.65,5.5,4.33,1.53,Bet365,-0.75,2.0,1.85,-0.75,2.1,1.78,Bet365,3.0,1.83,2.03,3.0,1.78,2.1,Bet365,//www.nowgoal5.com/oddscomp/690702,9,3,68,150,0.996872290699999,1.9185896963733158,0.19449240641316878,0.21786867230720575,0.5876389212796252,0.46798530894750795,0.46798530894750795,0.43548195505597376,0.43548195505597376
2012-10-27,Lahti,KuPs,2,1,1.9,3.4,3.6,1.95,3.5,3.8,Bet365,0.5,2.05,1.8,0.5,1.9,1.95,Bet365,2.75,1.88,1.98,2.75,1.75,2.13,Bet365,//www.nowgoal5.com/oddscomp/690701,14,13,208,150,1.5288710906501106,1.0196873767823154,0.49123975147460486,0.2546876706331365,0.2540725778922585,0.4912397514746044,0.4912397514746044,0.40931770474830176,0.40931770474830176
2012-10-27,IFK Mariehamn,Mypa,2,2,2.0,3.25,3.5,2.0,3.4,3.75,Bet365,0.5,1.98,1.88,0.5,2.0,1.85,Bet365,2.5,1.95,1.9,2.5,1.8,2.05,Bet365,//www.nowgoal5.com/oddscomp/690700,5,15,109,150,1.2960995414591376,1.0161494395670705,0.4301770414502271,0.27713503423631775,0.2926879243134552,0.430177041450227,0.430177041450227,0.4115454417057165,0.4115454417057165
2012-10-27,TPS Turku,Jaro,1,2,1.9,3.5,3.5,2.0,3.5,3.6,Bet365,0.5,2.2,1.7,0.5,2.1,1.78,Bet365,2.75,1.8,2.05,2.75,1.8,2.05,Bet365,//www.nowgoal5.com/oddscomp/690698,20,8,159,150,1.7638166882557202,0.9957949909181248,0.55394106586157,0.23225540584862556,0.21380352828980448,0.5539410658615701,0.5539410658615701,0.4657199301819797,0.4657199301819797
2012-10-27,Honka Espoo,Inter Turku,3,0,3.0,3.3,2.2,2.3,3.4,3.0,Bet365,-0.25,1.75,2.13,0.0,1.73,2.15,Bet365,2.75,1.88,1.98,2.75,1.8,2.05,Bet365,//www.nowgoal5.com/oddscomp/690697,4,7,84,150,1.5263926229008213,1.0408516356788775,0.4856233138568169,0.25449752908346546,0.25987915705971776,0.7022299751620982,0.6514040299018492,0.4143986646826228,0.4143986646826228
2012-10-27,Vaasa VPS,FC Haka,0,1,2.3,3.2,2.9,2.6,3.3,2.62,Bet365,0.0,2.1,1.78,0.0,1.9,1.95,Bet365,2.5,1.95,1.9,2.5,2.0,1.85,Bet365,//www.nowgoal5.com/oddscomp/690699,22,1,42,150,1.3311808512082537,0.8495002264407946,0.4801363378256241,0.2798780803031128,0.23998558187126334,0.6667431232029749,0.6667431232029749,0.37663803346744745,0.37663803346744745
2013-04-13,TPS Turku,Honka Espoo,2,0,1.66,3.6,4.2,1.9,3.4,4.0,Bet365,0.75,2.05,1.8,0.5,2.05,1.8,Bet365,2.5,2.03,1.83,2.25,1.9,1.95,Bet365,//www.nowgoal5.com/oddscomp/812265,20,4,97,151,1.3963025217929297,1.1974878711331505,0.4165176151603317,0.2601629625792371,0.3233194222604314,0.3454415406804165,0.41651761516033203,0.48419683568670907,0.552760248600762
2013-04-14,RoPS Rovaniemi,IFK Mariehamn,1,3,2.1,3.4,2.87,2.15,3.3,3.4,Bet365,0.25,1.9,1.95,0.25,1.8,2.05,Bet365,2.5,2.1,1.78,2.25,1.78,2.1,Bet365,//www.nowgoal5.com/oddscomp/812266,18,5,112,151,1.1865593390523432,1.122226402559301,0.3759497447153435,0.28041926904577047,0.3436309862388863,0.4372574522938761,0.4372574522938761,0.4110674976987421,0.4729692882903356
2013-04-14,KuPs,Mypa,1,1,2.0,3.4,3.1,2.1,3.2,3.6,Bet365,0.25,1.9,1.95,0.25,1.85,2.0,Bet365,2.25,1.88,1.98,2.25,1.93,1.93,Bet365,//www.nowgoal5.com/oddscomp/812267,13,15,209,151,1.249089624717814,1.075196299820651,0.4037417210970153,0.27819012503572804,0.3180681538672565,0.4689736386898042,0.4689736386898042,0.4774186519226168,0.4774186519226168
2013-04-20,TPS Turku,Vaasa VPS,0,1,1.5,3.75,5.5,1.57,3.75,6.0,Bet365,1.0,2.0,1.85,1.0,2.1,1.78,Bet365,2.5,2.1,1.78,2.25,1.85,2.0,Bet365,//www.nowgoal5.com/oddscomp/812271,20,22,251,152,1.3272349210004442,0.836814915213146,0.48224265946949785,0.2805597825629782,0.23719755796752368,0.30845360170657943,0.30845360170657943,0.3726467012237352,0.42976000872355186
2013-04-21,RoPS Rovaniemi,Lahti,1,1,2.9,3.3,2.4,2.9,3.3,2.37,Bet365,-0.25,1.78,2.1,0.0,2.1,1.78,Bet365,2.5,2.05,1.8,2.5,2.1,1.78,Bet365,//www.nowgoal5.com/oddscomp/812338,18,14,220,152,1.1666853462252744,1.1913235753607303,0.35596209523407557,0.27700975650874987,0.3670281482571749,0.5739637532555316,0.4923470246502484,0.42400968767607905,0.42400968767607905
2013-04-21,IFK Mariehamn,Jyvaskyla JK,2,2,2.2,3.3,2.8,2.1,3.5,3.3,Bet365,0.5,2.15,1.73,0.25,1.9,1.95,Bet365,2.5,2.03,1.83,2.5,1.98,1.88,Bet365,//www.nowgoal5.com/oddscomp/812273,5,9,103,152,1.7351217755548574,1.0756502433273778,0.5282562836257779,0.2349217136072018,0.23682200276702037,0.5282562836257781,0.5985641404102805,0.536596421832826,0.536596421832826
2013-04-21,Jaro,KuPs,2,1,2.5,3.2,2.5,2.8,3.25,2.5,Bet365,0.0,1.98,1.88,-0.25,1.78,2.1,Bet365,2.25,1.93,1.93,2.25,1.88,1.98,Bet365,//www.nowgoal5.com/oddscomp/812274,8,13,152,152,1.413577816527141,1.1742215055624172,0.4261270654733622,0.2598257605101509,0.31404717401648674,0.5757118293755568,0.6390623802033151,0.5511846538906968,0.5511846538906968
2013-04-21,Mypa,Inter Turku,1,0,2.2,3.3,2.8,2.2,3.3,3.25,Bet365,0.25,1.93,1.93,0.25,2.0,1.85,Bet365,2.25,1.98,1.88,2.25,1.93,1.93,Bet365,//www.nowgoal5.com/oddscomp/812275,15,7,140,152,1.187799053799389,1.0255222015311596,0.3974975529162809,0.28664022886179125,0.31586221822192795,0.46399776580749025,0.46399776580749025,0.4446701420799702,0.4446701420799702
2013-04-22,Honka Espoo,HJK Helsinki,0,2,3.25,3.3,2.0,5.0,3.5,1.72,Bet365,-0.5,2.03,1.83,-0.75,1.83,2.03,Bet365,2.5,2.1,1.78,2.25,1.9,1.95,Bet365,//www.nowgoal5.com/oddscomp/812276,4,3,63,152,1.137838504689113,1.356543840922159,0.31578307946143513,0.2660173273265751,0.4181995932119899,0.5818004067880104,0.6542862334517718,0.4590580228516808,0.5257349656092656
2013-04-28,KuPs,IFK Mariehamn,0,1,2.2,3.2,3.4,2.25,3.25,3.2,Bet365,0.25,1.9,1.95,0.25,1.95,1.9,Bet365,2.5,1.88,1.98,2.5,1.9,1.95,Bet365,//www.nowgoal5.com/oddscomp/812279,13,5,107,153,1.3119889716710638,1.1004187705150612,0.41547398341723124,0.2714192947059445,0.3131067218768245,0.4807111199896839,0.4807111199896839,0.4381033990252693,0.4381033990252693
2013-04-28,Vaasa VPS,Honka Espoo,0,0,2.7,3.2,2.6,2.75,3.1,2.62,Bet365,0.0,1.85,2.0,0.0,2.0,1.85,Bet365,2.25,2.0,1.85,2.0,1.98,1.88,Bet365,//www.nowgoal5.com/oddscomp/812280,22,4,99,153,1.0424011080773818,1.1104854221259441,0.33690990022570555,0.2925998116203266,0.37049028815396806,0.47626492862181774,0.47626492862181774,0.426246149354948,0.5036302604032314
2013-04-28,Jyvaskyla JK,Lahti,0,0,2.3,3.3,3.1,2.4,3.4,2.8,Bet365,0.25,2.05,1.8,0.25,2.05,1.8,Bet365,2.5,1.88,1.98,2.5,1.93,1.93,Bet365,//www.nowgoal5.com/oddscomp/812278,9,14,166,153,1.3493563175911731,1.4168064078831784,0.35935859231963846,0.251732107631877,0.38890930004848456,0.4111024333151463,0.4111024333151463,0.5261585654865295,0.5261585654865295
2013-04-28,RoPS Rovaniemi,TPS Turku,1,0,3.5,3.3,2.1,3.3,3.25,2.2,Bet365,-0.5,1.75,2.13,-0.25,1.95,1.9,Bet365,2.5,2.2,1.7,2.25,1.8,2.05,Bet365,//www.nowgoal5.com/oddscomp/812277,18,20,244,153,1.1516632092547736,1.2661142730112198,0.3367770737662427,0.27239450395715364,0.39082842227660364,0.6091715777233963,0.5475489940593351,0.4394664492288791,0.504357015062133
2013-04-29,HJK Helsinki,Mypa,2,0,1.4,4.5,8.0,1.36,4.6,8.5,Bet365,1.25,1.93,1.93,1.25,2.0,1.85,Bet365,2.75,2.03,1.83,2.5,1.9,1.95,Bet365,//www.nowgoal5.com/oddscomp/812281,3,15,74,153,1.7672423169280715,0.719365576663147,0.6238107168185139,0.22677125821867594,0.14941802496281045,0.4194711246773882,0.4194711246773882,0.3931533720788788,0.4570868074991847
2013-04-29,Inter Turku,Jaro,1,0,1.57,3.8,6.0,1.85,3.6,4.0,Bet365,0.75,1.83,2.03,0.5,1.88,1.98,Bet365,2.5,1.98,1.88,2.25,1.93,1.93,Bet365,//www.nowgoal5.com/oddscomp/812282,7,8,133,153,1.6052989995522144,0.9370262015185653,0.5303107768579428,0.2477769622438359,0.221912260898221,0.4647902155460232,0.530310776857943,0.47132637243117487,0.5388640228943463
2013-05-02,Inter Turku,HJK Helsinki,2,2,3.8,3.75,1.8,5.5,3.5,1.66,Bet365,-0.5,2.05,1.8,-0.75,1.98,1.88,Bet365,2.5,2.0,1.85,2.25,1.9,1.95,Bet365,//www.nowgoal5.com/oddscomp/812270,7,3,66,154,1.0283691343095784,1.3592450020402662,0.2857305572484759,0.2704685244783224,0.4438009182732015,0.5561990817267983,0.6294019248937,0.4315627727580773,0.49568253316014693
2013-05-05,TPS Turku,Jyvaskyla JK,1,0,1.8,3.6,4.33,1.75,3.5,4.75,Bet365,0.5,1.83,2.03,0.75,1.98,1.88,Bet365,2.5,1.95,1.9,2.5,2.1,1.78,Bet365,//www.nowgoal5.com/oddscomp/812283,20,9,172,154,1.9886668143216206,1.0587540854277864,0.588592403029079,0.21238350358564154,0.19902409338527932,0.588592403029079,0.5347106495988252,0.5899723605982907,0.5899723605982907
2013-05-05,Vaasa VPS,RoPS Rovaniemi,3,1,2.25,3.25,3.2,2.3,3.25,3.2,Bet365,0.25,2.0,1.85,0.25,1.95,1.9,Bet365,2.25,2.03,1.83,2.0,1.83,2.03,Bet365,//www.nowgoal5.com/oddscomp/812284,22,18,246,154,1.2297999776194644,0.8409387833107199,0.45327021510352955,0.2923036725921951,0.2544261123042758,0.530855759105098,0.530855759105098,0.40114226339692344,0.47437839858328834
2013-05-05,Jaro,HJK Helsinki,2,3,6.5,4.0,1.5,7.5,3.8,1.5,Bet365,-1.0,1.9,1.95,-1.0,1.9,1.95,Bet365,2.5,1.95,1.9,2.25,1.8,2.05,Bet365,//www.nowgoal5.com/oddscomp/812285,8,3,67,154,0.9556144393043907,1.6843018299730514,0.21597607492250415,0.2398394577105243,0.5441844673669718,0.6025988837168449,0.6025988837168449,0.49544044052953556,0.5647480204578686
2013-05-05,IFK Mariehamn,Inter Turku,1,2,2.0,3.4,3.75,2.2,3.3,3.25,Bet365,0.5,2.03,1.83,0.25,1.93,1.93,Bet365,2.5,2.03,1.83,2.5,1.85,2.0,Bet365,//www.nowgoal5.com/oddscomp/812286,5,7,101,154,1.2299477845529916,1.1046665405115614,0.39189969118356754,0.278068468686365,0.3300318401300678,0.3918996911835676,0.4551861488761901,0.4178014715238691,0.4178014715238691
2013-05-05,Lahti,KuPs,1,0,2.0,3.4,3.75,1.9,3.4,4.0,Bet365,0.5,2.03,1.83,0.5,1.95,1.9,Bet365,2.5,2.2,1.7,2.25,1.95,1.9,Bet365,//www.nowgoal5.com/oddscomp/812287,14,13,208,154,1.5575020317115356,1.0200419476017342,0.49830074852799744,0.2517271291205969,0.24997212235140545,0.49830074852799733,0.49830074852799733,0.4801504856191132,0.5483764873121111
2013-05-05,Mypa,Honka Espoo,1,0,2.25,3.25,3.2,2.25,3.1,3.4,Bet365,0.25,1.98,1.88,0.25,1.93,1.93,Bet365,2.25,2.2,1.7,2.25,1.95,1.9,Bet365,//www.nowgoal5.com/oddscomp/812288,15,4,92,154,1.2301191124169482,1.1980624208216917,0.37206628631996286,0.2721358141862065,0.35579789949383095,0.4306661245423361,0.4306661245423361,0.5073818786217965,0.5073818786217965
